Metagenome,MAG_ID,BGC_ID,class,Predicted product,TPM,Domain,Phylum,Class,Order,Family,Genus,Species
M24,Aegir_M24_B10,BPIAAOIK_41.region001,Hybrid,arylpolyene:resorcinol,748.1153673,Bacteria,Bacteroidota,Bacteroidia,Flavobacteriales,Salibacteraceae,CAJXZP01,
M24,Aegir_M24_B103,PADGKGNB_66.region001,RiPP,RiPP-like,274.1548922,Bacteria,Planctomycetota,UBA11346,UBA11346,UBA11346,JANQLF01,
M24,Aegir_M24_B103,PADGKGNB_202.region001,Hybrid,hglE-KS:T1PKS,230.9751144,Bacteria,Planctomycetota,UBA11346,UBA11346,UBA11346,JANQLF01,
M24,Aegir_M24_B103,PADGKGNB_119.region001,Polyketide,hglE-KS,177.3801821,Bacteria,Planctomycetota,UBA11346,UBA11346,UBA11346,JANQLF01,
M24,Aegir_M24_B103,PADGKGNB_95.region001,Other,arylpolyene,144.6931702,Bacteria,Planctomycetota,UBA11346,UBA11346,UBA11346,JANQLF01,
M24,Aegir_M24_B103,PADGKGNB_47.region001,Polyketide,T3PKS,139.5710699,Bacteria,Planctomycetota,UBA11346,UBA11346,UBA11346,JANQLF01,
M24,Aegir_M24_B105,ADKELONG_33.region001,RiPP,RRE-containing,116.1189906,Bacteria,Pseudomonadota,Gammaproteobacteria,AKS1,AKS1,Sulfuriflexus,
M24,Aegir_M24_B106,PABPKNGJ_58.region001,RiPP,thiopeptide,313.3223169,Bacteria,Pseudomonadota,Gammaproteobacteria,Xanthomonadales,Marinicellaceae,NORP309,
M24,Aegir_M24_B108,JDJMJEBK_133.region001,NRP,NRP generic,1062.12711,Bacteria,Pseudomonadota,Gammaproteobacteria,Enterobacterales,Kangiellaceae,GCA-002733465,
M24,Aegir_M24_B108,JDJMJEBK_135.region001,NRP,NRP generic,344.2189133,Bacteria,Pseudomonadota,Gammaproteobacteria,Enterobacterales,Kangiellaceae,GCA-002733465,
M24,Aegir_M24_B108,JDJMJEBK_66.region001,NRP,NRP generic,329.9542256,Bacteria,Pseudomonadota,Gammaproteobacteria,Enterobacterales,Kangiellaceae,GCA-002733465,
M24,Aegir_M24_B109,EHJJEODD_143.region001,Other,hserlactone,37.8418799,Bacteria,Pseudomonadota,Alphaproteobacteria,Rhodobacterales,Rhodobacteraceae,UBA5972,
M24,Aegir_M24_B11,CKJGPINA_176.region001,RiPP,RiPP-like,423.323211,Bacteria,Pseudomonadota,Gammaproteobacteria,CAJXQU01,CAJXQU01,CAJXQU01,CAJXQU01 sp026984275
M24,Aegir_M24_B110,NLMDFIEA_181.region001,RiPP,RiPP-like,297.3826482,Bacteria,Myxococcota,Polyangia,Haliangiales,Haliangiaceae,NORP324,
M24,Aegir_M24_B110,NLMDFIEA_175.region001,RiPP,RiPP-like,116.0683666,Bacteria,Myxococcota,Polyangia,Haliangiales,Haliangiaceae,NORP324,
M24,Aegir_M24_B110,NLMDFIEA_9.region001,NRP,NRPS-like,58.33619628,Bacteria,Myxococcota,Polyangia,Haliangiales,Haliangiaceae,NORP324,
M24,Aegir_M24_B110,NLMDFIEA_168.region001,Terpene,Terpene generic,33.83782988,Bacteria,Myxococcota,Polyangia,Haliangiales,Haliangiaceae,NORP324,
M24,Aegir_M24_B111,PIANMFAJ_110.region001,RiPP,RiPP-like,100.8072002,Bacteria,Pseudomonadota,Gammaproteobacteria,SZUA-229,SZUA-229,GCA-2746365,
M24,Aegir_M24_B116,LFICFLKJ_159.region001,RiPP,RiPP-like,445.9494402,Bacteria,Campylobacterota,Campylobacteria,Campylobacterales,Sulfurimonadaceae,Sulfurimonas,
M24,Aegir_M24_B118,FAKNGFII_40.region001,Polyketide,PKS-like,36.4171074,Bacteria,Bacteroidota,Bacteroidia,UBA10329,UBA10329,UBA10329,
M24,Aegir_M24_B118,FAKNGFII_144.region001,Other,resorcinol,34.32038619,Bacteria,Bacteroidota,Bacteroidia,UBA10329,UBA10329,UBA10329,
M24,Aegir_M24_B123,FHGAEOEJ_73.region001,Other,arylpolyene,37.26975215,Bacteria,Pseudomonadota,Gammaproteobacteria,CAMYNG01,CAMYNG01,JALUTW01,JALUTW01 sp027021685
M24,Aegir_M24_B127,DHLFLHGA_497.region001,Polyketide,T3PKS,37.37570459,Bacteria,Planctomycetota,GCA-2746535,GCA-2746535,GCA-2746535,GCA-2746535,
M24,Aegir_M24_B128,FDOIAPJH_117.region001,Polyketide,hglE-KS,58.33779414,Bacteria,Pseudomonadota,Gammaproteobacteria,Pseudomonadales,Azotimanducaceae,JAHRVQ01,
M24,Aegir_M24_B13,HMPFCKPD_12.region001,RiPP,RiPP-like,422.0876984,Bacteria,Pseudomonadota,Gammaproteobacteria,Beggiatoales,Beggiatoaceae,,
M24,Aegir_M24_B130,KOFGBFOK_7.region001,Other,arylpolyene,243.5418348,Bacteria,Pseudomonadota,Gammaproteobacteria,Methylococcales,Methylomonadaceae,JALSJK01,JALSJK01 sp026989395
M24,Aegir_M24_B130,KOFGBFOK_136.region001,Other,hydrogen-cyanide,83.18444486,Bacteria,Pseudomonadota,Gammaproteobacteria,Methylococcales,Methylomonadaceae,JALSJK01,JALSJK01 sp026989395
M24,Aegir_M24_B131,CIIHKDJI_39.region001,RiPP,redox-cofactor,1936.602029,Bacteria,Pseudomonadota,Gammaproteobacteria,Nitrosococcales,Methylophagaceae,GCA-002733105,
M24,Aegir_M24_B131,CIIHKDJI_51.region001,RiPP,RiPP-like,425.3557754,Bacteria,Pseudomonadota,Gammaproteobacteria,Nitrosococcales,Methylophagaceae,GCA-002733105,
M24,Aegir_M24_B131,CIIHKDJI_89.region001,Terpene,Terpene generic,288.1296708,Bacteria,Pseudomonadota,Gammaproteobacteria,Nitrosococcales,Methylophagaceae,GCA-002733105,
M24,Aegir_M24_B132,BKNNPPBI_130.region001,Hybrid,NRPS-like:T1PKS,133.489679,Bacteria,Planctomycetota,UBA1135,UBA1135,GCA-002686595,JARGPD01,
M24,Aegir_M24_B132,BKNNPPBI_8.region001,Hybrid,NRPS:T1PKS,63.42574165,Bacteria,Planctomycetota,UBA1135,UBA1135,GCA-002686595,JARGPD01,
M24,Aegir_M24_B17,JECBHHKC_10.region001,RiPP,RiPP-like,32.47719619,Bacteria,Pseudomonadota,Gammaproteobacteria,Enterobacterales,Alteromonadaceae,,
M24,Aegir_M24_B18,BHALFHGL_65.region001,RiPP,RiPP-like,82.33230995,Bacteria,Pseudomonadota,Gammaproteobacteria,DSM-19610,DSM-19610,Thiogranum,
M24,Aegir_M24_B18,BHALFHGL_116.region001,Other,hserlactone,33.04559248,Bacteria,Pseudomonadota,Gammaproteobacteria,DSM-19610,DSM-19610,Thiogranum,
M24,Aegir_M24_B19,FPDLEAHF_55.region001,Other,acyl_amino_acids,843.8409375,Bacteria,Bdellovibrionota,Bacteriovoracia,Bacteriovoracales,Bacteriovoracaceae,,
M24,Aegir_M24_B19,FPDLEAHF_158.region001,Other,acyl_amino_acids,155.9304873,Bacteria,Bdellovibrionota,Bacteriovoracia,Bacteriovoracales,Bacteriovoracaceae,,
M24,Aegir_M24_B19,FPDLEAHF_19.region001,Other,acyl_amino_acids,88.03962162,Bacteria,Bdellovibrionota,Bacteriovoracia,Bacteriovoracales,Bacteriovoracaceae,,
M24,Aegir_M24_B19,FPDLEAHF_54.region001,RiPP,RiPP-like,49.07046646,Bacteria,Bdellovibrionota,Bacteriovoracia,Bacteriovoracales,Bacteriovoracaceae,,
M24,Aegir_M24_B2,AGHCKNLD_459.region001,NRP,NRPS-like,306.8365145,Bacteria,Myxococcota,Polyangia,Polyangiales,SG8-38,JBCCRV01,
M24,Aegir_M24_B2,AGHCKNLD_390.region001,Hybrid,T3PKS:RiPP-like,282.4272536,Bacteria,Myxococcota,Polyangia,Polyangiales,SG8-38,JBCCRV01,
M24,Aegir_M24_B2,AGHCKNLD_341.region001,Other,arylpolyene,249.2807264,Bacteria,Myxococcota,Polyangia,Polyangiales,SG8-38,JBCCRV01,
M24,Aegir_M24_B2,AGHCKNLD_294.region001,NRP,NRPS-like,105.6700098,Bacteria,Myxococcota,Polyangia,Polyangiales,SG8-38,JBCCRV01,
M24,Aegir_M24_B2,AGHCKNLD_385.region001,Terpene,Terpene generic,54.20028823,Bacteria,Myxococcota,Polyangia,Polyangiales,SG8-38,JBCCRV01,
M24,Aegir_M24_B2,AGHCKNLD_664.region001,Terpene,Terpene generic,47.9794221,Bacteria,Myxococcota,Polyangia,Polyangiales,SG8-38,JBCCRV01,
M24,Aegir_M24_B2,AGHCKNLD_356.region001,Terpene,Terpene generic,47.09462745,Bacteria,Myxococcota,Polyangia,Polyangiales,SG8-38,JBCCRV01,
M24,Aegir_M24_B21,LHGLAGHD_27.region001,Other,hserlactone,137.7142736,Bacteria,Pseudomonadota,Alphaproteobacteria,Rhizobiales,Rhizobiaceae,SZUA-100,
M24,Aegir_M24_B21,LHGLAGHD_14.region001,Polyketide,T3PKS,29.54930112,Bacteria,Pseudomonadota,Alphaproteobacteria,Rhizobiales,Rhizobiaceae,SZUA-100,
M24,Aegir_M24_B23,EKPCADKE_145.region001,RiPP,RiPP-like,914.8859649,Bacteria,Pseudomonadota,Alphaproteobacteria,Rhodobacterales,Rhodobacteraceae,Amylibacter,Amylibacter sp024280735
M24,Aegir_M24_B24,FPPHCGEG_1.region001,RiPP,RiPP-like,32.6024756,Bacteria,Pseudomonadota,Gammaproteobacteria,SZUA-152,SZUA-152,SZUA-152,
M24,Aegir_M24_B27,MGMOCMNP_243.region001,NRP,CDPS,53440.55121,Bacteria,Bacteroidota,Bacteroidia,Cytophagales,Bernardetiaceae,,
M24,Aegir_M24_B27,MGMOCMNP_146.region001,Polyketide,T1PKS,25763.2462,Bacteria,Bacteroidota,Bacteroidia,Cytophagales,Bernardetiaceae,,
M24,Aegir_M24_B27,MGMOCMNP_205.region001,Polyketide,T1PKS,1222.387878,Bacteria,Bacteroidota,Bacteroidia,Cytophagales,Bernardetiaceae,,
M24,Aegir_M24_B28,HMICOCJM_92.region001,Terpene,Terpene generic,98.67289906,Bacteria,Pseudomonadota,Gammaproteobacteria,Methylococcales,Methylomonadaceae,Methylomarinum,
M24,Aegir_M24_B29,IMEAMOFF_101.region001,RiPP,RiPP-like,97.43158857,Bacteria,Pseudomonadota,Gammaproteobacteria,Enterobacterales,GCA-002770795,DRNA01,
M24,Aegir_M24_B29,IMEAMOFF_76.region001,Terpene,Terpene generic,33.97384834,Bacteria,Pseudomonadota,Gammaproteobacteria,Enterobacterales,GCA-002770795,DRNA01,
M24,Aegir_M24_B31,LKIEJCHL_352.region001,NRP,NRPS-like,1927.79198,Bacteria,Pseudomonadota,Gammaproteobacteria,Enterobacterales,Kangiellaceae,GCA-002733465,
M24,Aegir_M24_B34,OINKMAKN_30.region001,Terpene,Terpene generic,51.10015658,Bacteria,Pseudomonadota,Alphaproteobacteria,Rhizobiales,Devosiaceae,DROE01,
M24,Aegir_M24_B36,CFEKOEEO_299.region001,Hybrid,hglE-KS:T1PKS,49.63307528,Bacteria,Planctomycetota,UBA11346,UBA11346,UBA11346,JANQLF01,
M24,Aegir_M24_B36,CFEKOEEO_84.region001,Other,acyl_amino_acids,24.86695302,Bacteria,Planctomycetota,UBA11346,UBA11346,UBA11346,JANQLF01,
M24,Aegir_M24_B4,EAPIMLMG_60.region001,RiPP,RiPP-like,3424.60384,Bacteria,Campylobacterota,Campylobacteria,Campylobacterales,Sulfurovaceae,Sulfurovum,Sulfurovum sp030949325
M24,Aegir_M24_B4,EAPIMLMG_20.region001,RiPP,RRE-containing,879.4901481,Bacteria,Campylobacterota,Campylobacteria,Campylobacterales,Sulfurovaceae,Sulfurovum,Sulfurovum sp030949325
M24,Aegir_M24_B42,BCGFPKJE_21.region001,Polyketide,T1PKS,22.39688868,Bacteria,Pseudomonadota,Alphaproteobacteria,Rhodobacterales,Rhodobacteraceae,Oceanicella,
M24,Aegir_M24_B42,BCGFPKJE_33.region001,Hybrid,hserlactone:RiPP-redox-cofactor,16.81751768,Bacteria,Pseudomonadota,Alphaproteobacteria,Rhodobacterales,Rhodobacteraceae,Oceanicella,
M24,Aegir_M24_B42,BCGFPKJE_30.region001,NRP,NRP generic,7.926219814,Bacteria,Pseudomonadota,Alphaproteobacteria,Rhodobacterales,Rhodobacteraceae,Oceanicella,
M24,Aegir_M24_B44,LIEFECIJ_66.region001,Other,arylpolyene,542.8783236,Bacteria,Pseudomonadota,Gammaproteobacteria,Methylococcales,Methylomonadaceae,QPIN01,
M24,Aegir_M24_B44,LIEFECIJ_14.region001,RiPP,RiPP-like,294.395668,Bacteria,Pseudomonadota,Gammaproteobacteria,Methylococcales,Methylomonadaceae,QPIN01,
M24,Aegir_M24_B44,LIEFECIJ_31.region001,NRP,NRP generic,80.98737295,Bacteria,Pseudomonadota,Gammaproteobacteria,Methylococcales,Methylomonadaceae,QPIN01,
M24,Aegir_M24_B44,LIEFECIJ_5.region001,Other,ectoine,34.17500283,Bacteria,Pseudomonadota,Gammaproteobacteria,Methylococcales,Methylomonadaceae,QPIN01,
M24,Aegir_M24_B45,DPHDEEHI_174.region001,RiPP,RRE-containing,335.6518007,Bacteria,Myxococcota,Bradymonadia,Bradymonadales,Bradymonadaceae,CALJNB01,
M24,Aegir_M24_B45,DPHDEEHI_71.region001,RiPP,RiPP-like,266.0987664,Bacteria,Myxococcota,Bradymonadia,Bradymonadales,Bradymonadaceae,CALJNB01,
M24,Aegir_M24_B45,DPHDEEHI_103.region001,Polyketide,hglE-KS,162.8842832,Bacteria,Myxococcota,Bradymonadia,Bradymonadales,Bradymonadaceae,CALJNB01,
M24,Aegir_M24_B45,DPHDEEHI_191.region001,NRP,NRPS-like,147.4641718,Bacteria,Myxococcota,Bradymonadia,Bradymonadales,Bradymonadaceae,CALJNB01,
M24,Aegir_M24_B45,DPHDEEHI_74.region001,Polyketide,hglE-KS,98.42393234,Bacteria,Myxococcota,Bradymonadia,Bradymonadales,Bradymonadaceae,CALJNB01,
M24,Aegir_M24_B45,DPHDEEHI_89.region001,RiPP,RiPP-like,66.30103742,Bacteria,Myxococcota,Bradymonadia,Bradymonadales,Bradymonadaceae,CALJNB01,
M24,Aegir_M24_B45,DPHDEEHI_146.region001,Other,arylpolyene,64.25482023,Bacteria,Myxococcota,Bradymonadia,Bradymonadales,Bradymonadaceae,CALJNB01,
M24,Aegir_M24_B45,DPHDEEHI_35.region001,NRP,NRPS-like,48.90820534,Bacteria,Myxococcota,Bradymonadia,Bradymonadales,Bradymonadaceae,CALJNB01,
M24,Aegir_M24_B45,DPHDEEHI_9.region001,Polyketide,T1PKS,46.55419729,Bacteria,Myxococcota,Bradymonadia,Bradymonadales,Bradymonadaceae,CALJNB01,
M24,Aegir_M24_B45,DPHDEEHI_44.region001,Hybrid,NRPS-like:hglE-KS,31.87450653,Bacteria,Myxococcota,Bradymonadia,Bradymonadales,Bradymonadaceae,CALJNB01,
M24,Aegir_M24_B45,DPHDEEHI_70.region001,Polyketide,hglE-KS,10.3830512,Bacteria,Myxococcota,Bradymonadia,Bradymonadales,Bradymonadaceae,CALJNB01,
M24,Aegir_M24_B49,MHNLAKHI_132.region001,RiPP,RiPP-like,88.8105465,Bacteria,Pseudomonadota,Gammaproteobacteria,SZUA-152,SZUA-152,SZUA-152,
M24,Aegir_M24_B5,HPFIMPEI_97.region001,RiPP,RiPP-like,65.42125956,Bacteria,Pseudomonadota,Gammaproteobacteria,Methylococcales,Methylomonadaceae,QPIN01,
M24,Aegir_M24_B51,CLBBIEOL_10.region001,Other,acyl_amino_acids,17.64029987,Bacteria,Bacteroidota,Bacteroidia,Cytophagales,Cyclobacteriaceae,,
M24,Aegir_M24_B52,JLMBNEBE_99.region001,RiPP,RiPP-like,1694.106208,Bacteria,Pseudomonadota,Gammaproteobacteria,Enterobacterales,Alteromonadaceae,Colwellia,
M24,Aegir_M24_B52,JLMBNEBE_91.region001,Other,hserlactone,1519.750634,Bacteria,Pseudomonadota,Gammaproteobacteria,Enterobacterales,Alteromonadaceae,Colwellia,
M24,Aegir_M24_B52,JLMBNEBE_3.region001,Other,PUFA,846.5825747,Bacteria,Pseudomonadota,Gammaproteobacteria,Enterobacterales,Alteromonadaceae,Colwellia,
M24,Aegir_M24_B53,GFACKNHO_178.region001,RiPP,RRE-containing,50.84155749,Bacteria,Bacteroidota_A,Ignavibacteria,Ignavibacteriales,Melioribacteraceae,GCA-2746605,
M24,Aegir_M24_B55,BKMJBOJD_20.region001,Terpene,Terpene generic,46.68890627,Bacteria,Pseudomonadota,Alphaproteobacteria,Rhodobacterales,Rhodobacteraceae,NORP23,
M24,Aegir_M24_B55,BKMJBOJD_153.region001,Other,hserlactone,19.94245811,Bacteria,Pseudomonadota,Alphaproteobacteria,Rhodobacterales,Rhodobacteraceae,NORP23,
M24,Aegir_M24_B58,GNKANFNI_62.region001,RiPP,RiPP-like,29177.88176,Bacteria,Pseudomonadota,Gammaproteobacteria,Methylococcales,Methylomonadaceae,WTBX01,WTBX01 sp030949405
M24,Aegir_M24_B60,NNEBPJHD_42.region001,Other,hserlactone,86.19682249,Bacteria,Pseudomonadota,Alphaproteobacteria,Rhodobacterales,Rhodobacteraceae,NVTR01,
M24,Aegir_M24_B61,JFGKALPH_60.region001,NRP,CDPS,7811.444177,Bacteria,Bacteroidota,Bacteroidia,Cytophagales,Bernardetiaceae,,
M24,Aegir_M24_B61,JFGKALPH_8.region001,Polyketide,T1PKS,5654.481043,Bacteria,Bacteroidota,Bacteroidia,Cytophagales,Bernardetiaceae,,
M24,Aegir_M24_B61,JFGKALPH_198.region001,Polyketide,T1PKS,1846.301487,Bacteria,Bacteroidota,Bacteroidia,Cytophagales,Bernardetiaceae,,
M24,Aegir_M24_B62,OOCMFLME_373.region001,NRP,NRPS-like,403.2898823,Bacteria,Pseudomonadota,Gammaproteobacteria,Methylococcales,Methylomonadaceae,QPIN01,QPIN01 sp026988195
M24,Aegir_M24_B62,OOCMFLME_400.region001,Other,hserlactone,194.4007417,Bacteria,Pseudomonadota,Gammaproteobacteria,Methylococcales,Methylomonadaceae,QPIN01,QPIN01 sp026988195
M24,Aegir_M24_B62,OOCMFLME_168.region001,Hybrid,NRPS:T1PKS,119.4221662,Bacteria,Pseudomonadota,Gammaproteobacteria,Methylococcales,Methylomonadaceae,QPIN01,QPIN01 sp026988195
M24,Aegir_M24_B66,ABLFJFHB_319.region001,RiPP,RiPP-like,788.0178061,Bacteria,Bdellovibrionota_B,Oligoflexia,Oligoflexales,JAWKNZ01,JAWKNZ01,
M24,Aegir_M24_B66,ABLFJFHB_285.region001,Polyketide,T3PKS,293.1119013,Bacteria,Bdellovibrionota_B,Oligoflexia,Oligoflexales,JAWKNZ01,JAWKNZ01,
M24,Aegir_M24_B66,ABLFJFHB_66.region001,Polyketide,hglE-KS,137.8903617,Bacteria,Bdellovibrionota_B,Oligoflexia,Oligoflexales,JAWKNZ01,JAWKNZ01,
M24,Aegir_M24_B66,ABLFJFHB_55.region001,Other,resorcinol,98.4554775,Bacteria,Bdellovibrionota_B,Oligoflexia,Oligoflexales,JAWKNZ01,JAWKNZ01,
M24,Aegir_M24_B68,BPKPMAHG_11.region001,RiPP,RRE-containing,3736.586888,Bacteria,Campylobacterota,Campylobacteria,Campylobacterales,Sulfurovaceae,Sulfurovum,
M24,Aegir_M24_B68,BPKPMAHG_91.region001,RiPP,RiPP-like,2551.083418,Bacteria,Campylobacterota,Campylobacteria,Campylobacterales,Sulfurovaceae,Sulfurovum,
M24,Aegir_M24_B7,LKKEPBNP_44.region001,RiPP,microviridin,205.2278403,Bacteria,Bacteroidota,Bacteroidia,Flavobacteriales,Crocinitomicaceae,Crocinitomix,
M24,Aegir_M24_B7,LKKEPBNP_92.region001,RiPP,lanthipeptide,95.46850114,Bacteria,Bacteroidota,Bacteroidia,Flavobacteriales,Crocinitomicaceae,Crocinitomix,
M24,Aegir_M24_B70,KKGMONJA_202.region001,NRP,NRP generic,1491.494766,Bacteria,Campylobacterota,Campylobacteria,Campylobacterales,Sulfurimonadaceae,GCA-2733885,
M24,Aegir_M24_B70,KKGMONJA_90.region001,RiPP,RiPP-like,522.0231682,Bacteria,Campylobacterota,Campylobacteria,Campylobacterales,Sulfurimonadaceae,GCA-2733885,
M24,Aegir_M24_B70,KKGMONJA_205.region001,Other,arylpolyene,157.080502,Bacteria,Campylobacterota,Campylobacteria,Campylobacterales,Sulfurimonadaceae,GCA-2733885,
M24,Aegir_M24_B72,AMCEHCFD_148.region001,RiPP,microviridin,415.4030516,Bacteria,Bacteroidota,Bacteroidia,Flavobacteriales,Crocinitomicaceae,Crocinitomix,
M24,Aegir_M24_B72,AMCEHCFD_131.region001,RiPP,lanthipeptide,87.63390908,Bacteria,Bacteroidota,Bacteroidia,Flavobacteriales,Crocinitomicaceae,Crocinitomix,
M24,Aegir_M24_B72,AMCEHCFD_175.region001,Other,resorcinol,67.86974894,Bacteria,Bacteroidota,Bacteroidia,Flavobacteriales,Crocinitomicaceae,Crocinitomix,
M24,Aegir_M24_B72,AMCEHCFD_70.region001,Hybrid,arylpolyene:resorcinol,54.51659993,Bacteria,Bacteroidota,Bacteroidia,Flavobacteriales,Crocinitomicaceae,Crocinitomix,
M24,Aegir_M24_B72,AMCEHCFD_85.region001,Polyketide,T3PKS,51.20236475,Bacteria,Bacteroidota,Bacteroidia,Flavobacteriales,Crocinitomicaceae,Crocinitomix,
M24,Aegir_M24_B72,AMCEHCFD_106.region001,RiPP,lanthipeptide,21.25221543,Bacteria,Bacteroidota,Bacteroidia,Flavobacteriales,Crocinitomicaceae,Crocinitomix,
M24,Aegir_M24_B72,AMCEHCFD_164.region001,NRP,NRP generic,11.48268598,Bacteria,Bacteroidota,Bacteroidia,Flavobacteriales,Crocinitomicaceae,Crocinitomix,
M24,Aegir_M24_B75,NCJJNLBN_70.region001,NRP,NRP generic,119402.4044,Bacteria,Pseudomonadota,Gammaproteobacteria,Methylococcales,Methylomonadaceae,WTBX01,
M24,Aegir_M24_B75,NCJJNLBN_36.region001,Other,arylpolyene,4733.649741,Bacteria,Pseudomonadota,Gammaproteobacteria,Methylococcales,Methylomonadaceae,WTBX01,
M24,Aegir_M24_B75,NCJJNLBN_41.region001,RiPP,RiPP-like,3962.98924,Bacteria,Pseudomonadota,Gammaproteobacteria,Methylococcales,Methylomonadaceae,WTBX01,
M24,Aegir_M24_B75,NCJJNLBN_60.region001,Terpene,Terpene generic,3276.640994,Bacteria,Pseudomonadota,Gammaproteobacteria,Methylococcales,Methylomonadaceae,WTBX01,
M24,Aegir_M24_B75,NCJJNLBN_17.region001,NRP,NRP generic,2044.281615,Bacteria,Pseudomonadota,Gammaproteobacteria,Methylococcales,Methylomonadaceae,WTBX01,
M24,Aegir_M24_B75,NCJJNLBN_5.region001,Other,hserlactone,500.9889978,Bacteria,Pseudomonadota,Gammaproteobacteria,Methylococcales,Methylomonadaceae,WTBX01,
M24,Aegir_M24_B75,NCJJNLBN_30.region001,Other,arylpolyene,441.024543,Bacteria,Pseudomonadota,Gammaproteobacteria,Methylococcales,Methylomonadaceae,WTBX01,
M24,Aegir_M24_B76,HJAPGIAM_128.region001,Terpene,Terpene generic,114.6562514,Bacteria,Pseudomonadota,Alphaproteobacteria,Rhodobacterales,Rhodobacteraceae,Profundibacter,
M24,Aegir_M24_B76,HJAPGIAM_132.region001,Other,hserlactone,86.19682249,Bacteria,Pseudomonadota,Alphaproteobacteria,Rhodobacterales,Rhodobacteraceae,Profundibacter,
M24,Aegir_M24_B77,OLKFNNDA_53.region001,RiPP,RRE-containing,438.3963092,Bacteria,Campylobacterota,Campylobacteria,Campylobacterales,Sulfurovaceae,SZUA-451,
M24,Aegir_M24_B77,OLKFNNDA_23.region001,NRP,NRPS-like,325.7585797,Bacteria,Campylobacterota,Campylobacteria,Campylobacterales,Sulfurovaceae,SZUA-451,
M24,Aegir_M24_B78,PPLLNGHE_239.region001,Other,arylpolyene,46.52978823,Bacteria,Pseudomonadota,Gammaproteobacteria,Pseudomonadales,Halieaceae,JBALVT01,
M24,Aegir_M24_B8,ONKHKEEE_33.region001,Other,resorcinol,383.4811895,Bacteria,Campylobacterota,Campylobacteria,Campylobacterales,Sulfurovaceae,UBA1140,
M24,Aegir_M24_B8,ONKHKEEE_51.region001,Other,arylpolyene,204.0285972,Bacteria,Campylobacterota,Campylobacteria,Campylobacterales,Sulfurovaceae,UBA1140,
M24,Aegir_M24_B8,ONKHKEEE_135.region001,Other,arylpolyene,33.79112369,Bacteria,Campylobacterota,Campylobacteria,Campylobacterales,Sulfurovaceae,UBA1140,
M24,Aegir_M24_B80,BELJCDKK_27.region001,Other,betalactone,12.32297974,Bacteria,Actinomycetota,Acidimicrobiia,Acidimicrobiales,Poriferisodalaceae,DRKF01,
M24,Aegir_M24_B86,FFEJCLNM_56.region001,Polyketide,T3PKS,531.9981332,Bacteria,Planctomycetota,JADGBV01,JADGBV01,JADGBV01,,
M24,Aegir_M24_B86,FFEJCLNM_237.region001,Other,acyl_amino_acids,226.6767269,Bacteria,Planctomycetota,JADGBV01,JADGBV01,JADGBV01,,
M24,Aegir_M24_B86,FFEJCLNM_332.region001,Other,acyl_amino_acids,102.7426207,Bacteria,Planctomycetota,JADGBV01,JADGBV01,JADGBV01,,
M24,Aegir_M24_B86,FFEJCLNM_419.region001,Other,acyl_amino_acids,83.32764187,Bacteria,Planctomycetota,JADGBV01,JADGBV01,JADGBV01,,
M24,Aegir_M24_B86,FFEJCLNM_44.region001,RiPP,RRE-containing,66.72476586,Bacteria,Planctomycetota,JADGBV01,JADGBV01,JADGBV01,,
M24,Aegir_M24_B88,OBCMDBHP_2.region001,RiPP,RRE-containing,46.6122716,Bacteria,Bacteroidota,Bacteroidia,Flavobacteriales,Flavobacteriaceae,Lutimonas,
M24,Aegir_M24_B89,HNEPLFDD_177.region001,Other,hydrogen-cyanide,82.84148293,Bacteria,Pseudomonadota,Gammaproteobacteria,Chromatiales,Sedimenticolaceae,Thiolapillus,
M24,Aegir_M24_B90,PPCPAABK_16.region001,RiPP,RRE-containing,35.05067928,Bacteria,Pseudomonadota,Gammaproteobacteria,UBA6429,Thiohalophilaceae,SZUA-37,
M24,Aegir_M24_B91,BKBAFHKC_15.region001,RiPP,RiPP-like,3241.040273,Bacteria,Pseudomonadota,Gammaproteobacteria,Beggiatoales,Beggiatoaceae,BB2,
M24,Aegir_M24_B91,BKBAFHKC_13.region001,RiPP,RiPP-like,3140.220459,Bacteria,Pseudomonadota,Gammaproteobacteria,Beggiatoales,Beggiatoaceae,BB2,
M24,Aegir_M24_B91,BKBAFHKC_20.region001,Terpene,Terpene generic,1463.75333,Bacteria,Pseudomonadota,Gammaproteobacteria,Beggiatoales,Beggiatoaceae,BB2,
M24,Aegir_M24_B93,BHGFJBKP_40.region001,RiPP,RiPP-like,65.47556108,Bacteria,Pseudomonadota,Gammaproteobacteria,SZUA-229,SZUA-229,S010-25,
M24,Aegir_M24_B94,FBDIKMAG_31.region001,RiPP,RiPP-like,236.492841,Bacteria,Pseudomonadota,Gammaproteobacteria,Pseudomonadales,Azotimanducaceae,JAHRVQ01,
M24,Aegir_M24_B94,FBDIKMAG_101.region001,Polyketide,hglE-KS,84.84904126,Bacteria,Pseudomonadota,Gammaproteobacteria,Pseudomonadales,Azotimanducaceae,JAHRVQ01,
M24,Aegir_M24_B95,CEPJKJNM_37.region001,Other,arylpolyene,1694.451967,Bacteria,Campylobacterota,Campylobacteria,Campylobacterales,Sulfurovaceae,Sulfurovum,
M24,Aegir_M24_B95,CEPJKJNM_69.region001,RiPP,RiPP-like,299.1368717,Bacteria,Campylobacterota,Campylobacteria,Campylobacterales,Sulfurovaceae,Sulfurovum,
M24,Aegir_M24_B95,CEPJKJNM_7.region001,RiPP,RRE-containing,188.4827014,Bacteria,Campylobacterota,Campylobacteria,Campylobacterales,Sulfurovaceae,Sulfurovum,
M24,Aegir_M24_B97,FINALPNG_23.region001,RiPP,RiPP-like,98.13188934,Bacteria,Pseudomonadota,Alphaproteobacteria,Rhodobacterales,Rhodobacteraceae,UBA3077,
M24,Aegir_M24_B97,FINALPNG_12.region001,RiPP,RRE-containing,51.62032298,Bacteria,Pseudomonadota,Alphaproteobacteria,Rhodobacterales,Rhodobacteraceae,UBA3077,
M24,Aegir_M24_B97,FINALPNG_1.region001,Terpene,Terpene generic,51.35892274,Bacteria,Pseudomonadota,Alphaproteobacteria,Rhodobacterales,Rhodobacteraceae,UBA3077,
M24,Aegir_M24_B97,FINALPNG_30.region001,Other,hserlactone,34.38354847,Bacteria,Pseudomonadota,Alphaproteobacteria,Rhodobacterales,Rhodobacteraceae,UBA3077,
M24,Aegir_M24_B97,FINALPNG_6.region001,Polyketide,T1PKS,23.85429436,Bacteria,Pseudomonadota,Alphaproteobacteria,Rhodobacterales,Rhodobacteraceae,UBA3077,
M24,Aegir_M24_B98,PCFAOBBO_341.region001,Other,hserlactone,108.2408155,Bacteria,Pseudomonadota,Alphaproteobacteria,Rhodobacterales,Rhodobacteraceae,JAAEUB01,
M24,Aegir_M24_B99,FNLHKMGP_242.region001,RiPP,RiPP-like,42.78878428,Bacteria,Pseudomonadota,Alphaproteobacteria,Rhodobacterales,Rhodobacteraceae,NVQY01,
M24,Aegir_M24_B99,FNLHKMGP_101.region001,RiPP,redox-cofactor,32.0592237,Bacteria,Pseudomonadota,Alphaproteobacteria,Rhodobacterales,Rhodobacteraceae,NVQY01,
M25,Aegir_M25_B10,DBCOEKGD_3.region001,RiPP,RRE-containing,142.758353,Bacteria,Pseudomonadota,Alphaproteobacteria,Rhodobacterales,Rhodobacteraceae,NORP23,
M25,Aegir_M25_B103,ICIFODNN_180.region001,RiPP,RiPP-like,3988.80169,Bacteria,Pseudomonadota,Alphaproteobacteria,Rhodobacterales,Rhodobacteraceae,JAAEUB01,
M25,Aegir_M25_B106,HFKNKOGN_92.region001,RiPP,RiPP-like,5999.796761,Bacteria,Pseudomonadota,Gammaproteobacteria,Nitrosococcales,Methylophagaceae,GCA-002733105,
M25,Aegir_M25_B106,HFKNKOGN_78.region001,Terpene,Terpene generic,315.2546355,Bacteria,Pseudomonadota,Gammaproteobacteria,Nitrosococcales,Methylophagaceae,GCA-002733105,
M25,Aegir_M25_B109,PGHPAOFP_62.region001,RiPP,RiPP-like,1159.884374,Archaea,Thermoproteota,Thermoprotei_A,Sulfolobales,Desulfurococcaceae,JALVIT01,
M25,Aegir_M25_B12,ODBLGFJF_200.region001,Polyketide,T3PKS,86.21229139,Bacteria,Myxococcota,UBA796,UBA796,UBA2385,S143-5,
M25,Aegir_M25_B122,OPOHHODP_78.region001,Other,betalactone,753.8349294,Bacteria,Pseudomonadota,Gammaproteobacteria,Methylococcales,Methylothermaceae,Methylohalobius,
M25,Aegir_M25_B124,MNFECHNJ_169.region001,NRP,NRP generic,557.3912434,Bacteria,Chloroflexota,Anaerolineae,J102,J102,M2005,
M25,Aegir_M25_B124,MNFECHNJ_15.region001,RiPP,RRE-containing,449.4301788,Bacteria,Chloroflexota,Anaerolineae,J102,J102,M2005,
M25,Aegir_M25_B124,MNFECHNJ_54.region001,Hybrid,NRPS:T1PKS,144.1123469,Bacteria,Chloroflexota,Anaerolineae,J102,J102,M2005,
M25,Aegir_M25_B125,EBNFPCOF_137.region001,Hybrid,NRPS:betalactone,1058.775367,Bacteria,Chloroflexota,Anaerolineae,4572-78,J111,J111,
M25,Aegir_M25_B125,EBNFPCOF_49.region001,Terpene,Terpene generic,890.4757939,Bacteria,Chloroflexota,Anaerolineae,4572-78,J111,J111,
M25,Aegir_M25_B125,EBNFPCOF_200.region001,Other,hydrogen-cyanide,472.3918948,Bacteria,Chloroflexota,Anaerolineae,4572-78,J111,J111,
M25,Aegir_M25_B125,EBNFPCOF_143.region001,Polyketide,T3PKS,296.116644,Bacteria,Chloroflexota,Anaerolineae,4572-78,J111,J111,
M25,Aegir_M25_B125,EBNFPCOF_5.region001,Hybrid,lassopeptide:RRE-containing,134.2980846,Bacteria,Chloroflexota,Anaerolineae,4572-78,J111,J111,
M25,Aegir_M25_B13,IMNOPJAD_32.region001,Other,nucleoside,290.3451067,Bacteria,Myxococcota,UBA796,UBA796,,,
M25,Aegir_M25_B13,IMNOPJAD_45.region001,Terpene,Terpene generic,288.7724673,Bacteria,Myxococcota,UBA796,UBA796,,,
M25,Aegir_M25_B13,IMNOPJAD_18.region001,NRP,NRPS-like,136.1574022,Bacteria,Myxococcota,UBA796,UBA796,,,
M25,Aegir_M25_B131,LMAEHAIC_71.region001,RiPP,RiPP-like,630.8692255,Bacteria,Aquificota,Aquificia,Aquificales,Hydrogenothermaceae,Hydrogenothermus,
M25,Aegir_M25_B131,LMAEHAIC_52.region001,RiPP,RRE-containing,300.3307861,Bacteria,Aquificota,Aquificia,Aquificales,Hydrogenothermaceae,Hydrogenothermus,
M25,Aegir_M25_B131,LMAEHAIC_7.region001,NRP,NRPS-like,218.5313576,Bacteria,Aquificota,Aquificia,Aquificales,Hydrogenothermaceae,Hydrogenothermus,
M25,Aegir_M25_B132,PAAOCNBG_31.region001,RiPP,RiPP-like,340.0354771,Archaea,Thermoproteota,Thermoprotei_A,Sulfolobales,NBVN01,WAOK01,
M25,Aegir_M25_B134,FMDDOPJB_47.region001,RiPP,RiPP-like,1823.520588,Bacteria,Campylobacterota,Campylobacteria,Campylobacterales,,,
M25,Aegir_M25_B134,FMDDOPJB_82.region001,Other,phosphonate,1449.509687,Bacteria,Campylobacterota,Campylobacteria,Campylobacterales,,,
M25,Aegir_M25_B136,CDPKENHP_13.region001,RiPP,redox-cofactor,273.7868426,Bacteria,Pseudomonadota,Alphaproteobacteria,Geminicoccales,Geminicoccaceae,HRBIN39,
M25,Aegir_M25_B138,FLOJAPCK_2.region001,Terpene,Terpene generic,2184.161758,Bacteria,Pseudomonadota,Gammaproteobacteria,S140-43,S140-43,S140-43,
M25,Aegir_M25_B138,FLOJAPCK_8.region001,Other,acyl_amino_acids,1202.392624,Bacteria,Pseudomonadota,Gammaproteobacteria,S140-43,S140-43,S140-43,
M25,Aegir_M25_B138,FLOJAPCK_15.region001,Terpene,Terpene generic,1019.275487,Bacteria,Pseudomonadota,Gammaproteobacteria,S140-43,S140-43,S140-43,
M25,Aegir_M25_B14,ENDLLHIJ_41.region001,Terpene,Terpene generic,4633.749328,Bacteria,Pseudomonadota,Gammaproteobacteria,Beggiatoales,Beggiatoaceae,JAUXCJ01,
M25,Aegir_M25_B14,ENDLLHIJ_194.region001,Hybrid,NRPS:T1PKS,1229.967009,Bacteria,Pseudomonadota,Gammaproteobacteria,Beggiatoales,Beggiatoaceae,JAUXCJ01,
M25,Aegir_M25_B14,ENDLLHIJ_101.region001,Terpene,Terpene generic,1121.985254,Bacteria,Pseudomonadota,Gammaproteobacteria,Beggiatoales,Beggiatoaceae,JAUXCJ01,
M25,Aegir_M25_B14,ENDLLHIJ_137.region001,NRP,NRPS-like,743.9160488,Bacteria,Pseudomonadota,Gammaproteobacteria,Beggiatoales,Beggiatoaceae,JAUXCJ01,
M25,Aegir_M25_B142,ACGGOOMM_52.region001,NRP,NRP generic,304.9876615,Bacteria,Chloroflexota,Anaerolineae,4572-78,4572-78,JANTHQ01,
M25,Aegir_M25_B144,BIHIBKCH_113.region001,Polyketide,T1PKS,1113.123622,Bacteria,Pseudomonadota,Gammaproteobacteria,Thiotrichales,Thiotrichaceae,Cocleimonas,
M25,Aegir_M25_B144,BIHIBKCH_38.region001,RiPP,thiopeptide,588.4773546,Bacteria,Pseudomonadota,Gammaproteobacteria,Thiotrichales,Thiotrichaceae,Cocleimonas,
M25,Aegir_M25_B146,ELPKCMEI_16.region001,RiPP,RiPP-like,3760.429462,Archaea,Nanobdellota,Nanobdellia,Nanobdellales,,,
M25,Aegir_M25_B157,DBICPAKL_73.region001,Hybrid,NRPS-like:RiPP-like,490.5600806,Bacteria,Desulfobacterota_I,Desulfovibrionia,Desulfovibrionales,Desulfothermaceae,,
M25,Aegir_M25_B16,EOJPKJHJ_143.region001,RiPP,RRE-containing,150.1208842,Bacteria,Bacteroidota,Bacteroidia,Bacteroidales,JALTDM01,JALTDM01,
M25,Aegir_M25_B164,KPHMFJIM_11.region001,Other,hserlactone,149.9505112,Bacteria,Campylobacterota,Campylobacteria,Campylobacterales,Nitratiruptoraceae,Nitrosophilus_A,
M25,Aegir_M25_B171,JBCKNOCK_1.region001,Terpene,Terpene generic,1651.085037,Bacteria,Pseudomonadota,Gammaproteobacteria,Methylococcales,Methylomonadaceae,Methyloprofundus,Methyloprofundus sp900128525
M25,Aegir_M25_B18,HGPHKBJF_38.region001,RiPP,RiPP-like,1635.13428,Archaea,Thermoproteota,Thermoprotei_A,Sulfolobales,NBVN01,EX4484-204,
M25,Aegir_M25_B184,ECIDCPJL_15.region001,RiPP,RRE-containing,299.7974705,Archaea,Thermoproteota,Thermoprotei_A,Sulfolobales,Fervidicoccaceae,,
M25,Aegir_M25_B187,JGCCPAEM_109.region001,RiPP,RRE-containing,550.7742744,Bacteria,Acidobacteriota,Thermoanaerobaculia,Thermoanaerobaculales,Sulfomarinibacteraceae,JAMOVQ01,
M25,Aegir_M25_B187,JGCCPAEM_70.region001,RiPP,RRE-containing,509.967622,Bacteria,Acidobacteriota,Thermoanaerobaculia,Thermoanaerobaculales,Sulfomarinibacteraceae,JAMOVQ01,
M25,Aegir_M25_B191,DOFINDKD_55.region001,RiPP,redox-cofactor,5664.300204,Bacteria,Pseudomonadota,Gammaproteobacteria,Methylococcales,Methylomonadaceae,Methylomarinum,
M25,Aegir_M25_B191,DOFINDKD_97.region001,Other,arylpolyene,4306.216607,Bacteria,Pseudomonadota,Gammaproteobacteria,Methylococcales,Methylomonadaceae,Methylomarinum,
M25,Aegir_M25_B195,EJAAFDIG_104.region001,RiPP,RiPP-like,559.443494,Archaea,Thermoproteota,Thermoprotei_A,Sulfolobales,Pyrodictiaceae,QNYQ01,
M25,Aegir_M25_B198,AFNHJEFG_35.region001,Hybrid,NRPS-like:RRE-containing,781.6847199,Bacteria,Aquificota,Aquificia,Aquificales,Hydrogenothermaceae,JAADDV01,
M25,Aegir_M25_B198,AFNHJEFG_24.region001,RiPP,RiPP-like,560.9926268,Bacteria,Aquificota,Aquificia,Aquificales,Hydrogenothermaceae,JAADDV01,
M25,Aegir_M25_B199,BNINIGFF_141.region001,Other,betalactone,577.5723766,Bacteria,Bacteroidota,Bacteroidia,Bacteroidales,F082,Sulfidibacterium,
M25,Aegir_M25_B199,BNINIGFF_83.region001,RiPP,RRE-containing,299.6644374,Bacteria,Bacteroidota,Bacteroidia,Bacteroidales,F082,Sulfidibacterium,
M25,Aegir_M25_B21,MCNDNIFN_87.region001,RiPP,RRE-containing,955.9286125,Archaea,Methanobacteriota_B,Thermococci,Thermococcales,Thermococcaceae,Thermococcus,
M25,Aegir_M25_B21,MCNDNIFN_143.region001,RiPP,RRE-containing,437.9760841,Archaea,Methanobacteriota_B,Thermococci,Thermococcales,Thermococcaceae,Thermococcus,
M25,Aegir_M25_B213,IPAOHKCN_127.region001,Other,arylpolyene,4238.666849,Bacteria,Pseudomonadota,Gammaproteobacteria,UBA6429,Thiohalophilaceae,JALSSV01,
M25,Aegir_M25_B215,DBLJEKIA_31.region001,Terpene,Terpene generic,5509.450775,Bacteria,Chloroflexota,Anaerolineae,Promineifilales,Promineifilaceae,JAJRTP01,
M25,Aegir_M25_B216,NDPGLPLK_31.region001,RiPP,RRE-containing,597.9138336,Bacteria,Pseudomonadota,Gammaproteobacteria,Methylococcales,Methylothermaceae,,
M25,Aegir_M25_B216,NDPGLPLK_30.region001,Other,betalactone,560.1309399,Bacteria,Pseudomonadota,Gammaproteobacteria,Methylococcales,Methylothermaceae,,
M25,Aegir_M25_B216,NDPGLPLK_23.region001,RiPP,RRE-containing,449.8959326,Bacteria,Pseudomonadota,Gammaproteobacteria,Methylococcales,Methylothermaceae,,
M25,Aegir_M25_B221,HDNFIEHE_2.region001,RiPP,RiPP-like,750.530269,Bacteria,Desulfobacterota,DSM-4660,Desulfatiglandales,JALVZP01,,
M25,Aegir_M25_B222,IJDCOELN_81.region001,RiPP,RiPP-like,2510.892282,Archaea,Thermoproteota,Thermoprotei_A,Sulfolobales,Desulfurococcaceae,WAML01,
M25,Aegir_M25_B225,IPPMKPGL_94.region001,Other,betalactone,298.7805584,Bacteria,Pseudomonadota,Gammaproteobacteria,Nitrosococcales,Methylophagaceae,,
M25,Aegir_M25_B228,MMMPPMMI_72.region001,RiPP,RiPP-like,2891.433929,Archaea,Thermoproteota,Thermoprotei_A,Sulfolobales,Acidilobaceae,Calypsonella,
M25,Aegir_M25_B229,NDFDGGDH_119.region001,RiPP,RiPP-like,291.4170559,Bacteria,Calditrichota,Calditrichia,Calditrichales,Calditrichaceae,Caldithrix,
M25,Aegir_M25_B229,NDFDGGDH_7.region001,Hybrid,NRPS:T1PKS,58.74932693,Bacteria,Calditrichota,Calditrichia,Calditrichales,Calditrichaceae,Caldithrix,
M25,Aegir_M25_B231,GCMBIIMM_62.region001,RiPP,RiPP-like,1031.445756,Bacteria,Desulfobacterota,Thermodesulfobacteria,Thermodesulfobacteriales,Thermodesulfatatoraceae,Thermodesulfatator_A,
M25,Aegir_M25_B231,GCMBIIMM_9.region001,RiPP,RiPP-like,863.9366195,Bacteria,Desulfobacterota,Thermodesulfobacteria,Thermodesulfobacteriales,Thermodesulfatatoraceae,Thermodesulfatator_A,
M25,Aegir_M25_B231,GCMBIIMM_7.region001,Other,acyl_amino_acids,630.121728,Bacteria,Desulfobacterota,Thermodesulfobacteria,Thermodesulfobacteriales,Thermodesulfatatoraceae,Thermodesulfatator_A,
M25,Aegir_M25_B232,BDOMIJBA_152.region001,RiPP,RiPP-like,279.5673468,Bacteria,Calditrichota,Calditrichia,Calditrichales,Calditrichaceae,Caldithrix,
M25,Aegir_M25_B239,IEDIOMHP_43.region001,Polyketide,T3PKS,4483.874286,Bacteria,Myxococcota,UBA796,UBA796,UBA2385,J125,
M25,Aegir_M25_B239,IEDIOMHP_55.region001,Polyketide,T1PKS,654.9911758,Bacteria,Myxococcota,UBA796,UBA796,UBA2385,J125,
M25,Aegir_M25_B239,IEDIOMHP_5.region001,Polyketide,T1PKS,596.0024043,Bacteria,Myxococcota,UBA796,UBA796,UBA2385,J125,
M25,Aegir_M25_B239,IEDIOMHP_114.region001,NRP,NRPS-like,548.1613801,Bacteria,Myxococcota,UBA796,UBA796,UBA2385,J125,
M25,Aegir_M25_B239,IEDIOMHP_9.region001,Other,betalactone,275.6202551,Bacteria,Myxococcota,UBA796,UBA796,UBA2385,J125,
M25,Aegir_M25_B239,IEDIOMHP_46.region001,Polyketide,T1PKS,131.873679,Bacteria,Myxococcota,UBA796,UBA796,UBA2385,J125,
M25,Aegir_M25_B245,MJIPPEME_8.region001,NRP,NRPS-like,2646.85684,Bacteria,Aquificota,Aquificia,Aquificales,Hydrogenothermaceae,JALSSE01,
M25,Aegir_M25_B25,DLIGJPKI_19.region001,RiPP,RRE-containing,2098.271791,Bacteria,Campylobacterota,Campylobacteria,Campylobacterales,Sulfurimonadaceae,JACXUG01,
M25,Aegir_M25_B254,DFDIHNMG_541.region001,RiPP,RRE-containing,337.0560181,Bacteria,Chloroflexota,Anaerolineae,Caldilineales,Caldilineaceae,JAJRVT01,
M25,Aegir_M25_B34,FHCMHAMK_203.region001,Hybrid,PUFA:T1PKS,132.9991273,Bacteria,Chloroflexota,Anaerolineae,Promineifilales,Promineifilaceae,S016-13,
M25,Aegir_M25_B35,MMCIJMOE_28.region001,RiPP,redox-cofactor,3644.854044,Bacteria,Pseudomonadota,Gammaproteobacteria,Methylococcales,Methylothermaceae,Methylohalobius,
M25,Aegir_M25_B36,KIPJBGOE_56.region001,RiPP,RRE-containing,1687.168407,Bacteria,Chloroflexota,Anaerolineae,J102,J102,M2005,
M25,Aegir_M25_B38,KCLEFMIG_28.region001,NRP,NRPS-like,438.3551474,Bacteria,Desulfobacterota,DSM-4660,Desulfatiglandales,Desulfatiglandaceae,JAGGTJ01,
M25,Aegir_M25_B38,KCLEFMIG_34.region001,Hybrid,arylpolyene:resorcinol,125.7483318,Bacteria,Desulfobacterota,DSM-4660,Desulfatiglandales,Desulfatiglandaceae,JAGGTJ01,
M25,Aegir_M25_B50,ADKCALKC_6.region001,RiPP,RRE-containing,4390.200895,Bacteria,Pseudomonadota,Gammaproteobacteria,Chromatiales,Sedimenticolaceae,MONJU,
M25,Aegir_M25_B50,ADKCALKC_20.region001,Other,hserlactone,1127.047988,Bacteria,Pseudomonadota,Gammaproteobacteria,Chromatiales,Sedimenticolaceae,MONJU,
M25,Aegir_M25_B50,ADKCALKC_31.region001,RiPP,RiPP-like,635.0882047,Bacteria,Pseudomonadota,Gammaproteobacteria,Chromatiales,Sedimenticolaceae,MONJU,
M25,Aegir_M25_B55,CMAAFGAB_51.region001,Terpene,Terpene generic,1343.540669,Bacteria,Pseudomonadota,Gammaproteobacteria,S144-34,S144-34,S144-34,S144-34 sp026989495
M25,Aegir_M25_B55,CMAAFGAB_32.region001,NRP,NRPS-like,271.2735792,Bacteria,Pseudomonadota,Gammaproteobacteria,S144-34,S144-34,S144-34,S144-34 sp026989495
M25,Aegir_M25_B56,NICDANKK_56.region001,Hybrid,NRPS:T1PKS,477.7201115,Bacteria,Calditrichota,Calditrichia,RBG-13-44-9,J042,WGBF01,
M25,Aegir_M25_B6,HLLDGPEO_16.region001,RiPP,RRE-containing,649.4757553,Bacteria,Campylobacterota,Campylobacteria,Nautiliales,Nautiliaceae,Caminibacter,
M25,Aegir_M25_B6,HLLDGPEO_60.region001,RiPP,thiopeptide,249.0490952,Bacteria,Campylobacterota,Campylobacteria,Nautiliales,Nautiliaceae,Caminibacter,
M25,Aegir_M25_B63,ECEBLJCB_19.region001,RiPP,RiPP-like,4682.429983,Archaea,Thermoproteota,Thermoprotei_A,Sulfolobales,Pyrodictiaceae,Pyrolobus,
M25,Aegir_M25_B64,NPKIOIOJ_12.region001,NRP,NRPS-like,2308.412689,Bacteria,Aquificota,Aquificia,Aquificales,Hydrogenothermaceae,Persephonella_A,
M25,Aegir_M25_B65,AJPDMLKK_206.region001,RiPP,redox-cofactor,13325.05804,Bacteria,Pseudomonadota,Gammaproteobacteria,Methylococcales,Methylomonadaceae,QPIN01,QPIN01 sp026988195
M25,Aegir_M25_B65,AJPDMLKK_334.region001,RiPP,RiPP-like,3623.48616,Bacteria,Pseudomonadota,Gammaproteobacteria,Methylococcales,Methylomonadaceae,QPIN01,QPIN01 sp026988195
M25,Aegir_M25_B73,FLFHMAHC_121.region001,RiPP,RiPP-like,1495.704225,Bacteria,Desulfobacterota_I,Desulfovibrionia,Desulfovibrionales,Desulfothermaceae,Desulfothermus,
M25,Aegir_M25_B77,IHGNANKF_24.region001,RiPP,RiPP-like,887.7876305,Bacteria,Campylobacterota,Campylobacteria,Campylobacterales,Arcobacteraceae,CAIJNA01,
M25,Aegir_M25_B78,EAGGALCG_43.region001,RiPP,RRE-containing,598.4436903,Bacteria,Acidobacteriota,Polarisedimenticolia,J045,J045,JAMOQA01,
M25,Aegir_M25_B78,EAGGALCG_7.region001,Hybrid,arylpolyene:Terpene,589.261858,Bacteria,Acidobacteriota,Polarisedimenticolia,J045,J045,JAMOQA01,
M25,Aegir_M25_B78,EAGGALCG_30.region001,RiPP,ranthipeptide,233.7792953,Bacteria,Acidobacteriota,Polarisedimenticolia,J045,J045,JAMOQA01,
M25,Aegir_M25_B79,DGAMHEBP_111.region001,NRP,NRPS-like,142.4672211,Bacteria,Bacteroidota,Bacteroidia,Bacteroidales,UBA1556,,
M25,Aegir_M25_B81,NAMCIKMA_46.region001,RiPP,RRE-containing,150.1431353,Bacteria,WOR-3,Hydrothermia,LBFQ01,LBFQ01,JAADCS01,
M25,Aegir_M25_B83,MENCFBOC_561.region001,Other,phosphonate,671.7279088,Bacteria,Myxococcota,UBA9042,PHBI01,JAAZYN01,,
M25,Aegir_M25_B83,MENCFBOC_252.region001,Terpene,Terpene generic,471.5855151,Bacteria,Myxococcota,UBA9042,PHBI01,JAAZYN01,,
M25,Aegir_M25_B84,HDCNPNCJ_12.region001,Terpene,Terpene generic,927.7941806,Bacteria,Pseudomonadota,Alphaproteobacteria,Rhizobiales,Aestuariivirgaceae,Thermopetrobacter,
M25,Aegir_M25_B84,HDCNPNCJ_14.region001,Other,betalactone,653.4860965,Bacteria,Pseudomonadota,Alphaproteobacteria,Rhizobiales,Aestuariivirgaceae,Thermopetrobacter,
M25,Aegir_M25_B87,DKBJNFLL_178.region001,Polyketide,T3PKS,2383.35029,Bacteria,Myxococcota,Polyangia,Polyangiales,SG8-38,JALVDI01,
M25,Aegir_M25_B87,DKBJNFLL_141.region001,Polyketide,hglE-KS,1962.319515,Bacteria,Myxococcota,Polyangia,Polyangiales,SG8-38,JALVDI01,
M25,Aegir_M25_B87,DKBJNFLL_154.region001,Terpene,Terpene generic,1016.062257,Bacteria,Myxococcota,Polyangia,Polyangiales,SG8-38,JALVDI01,
M25,Aegir_M25_B87,DKBJNFLL_109.region001,Other,arylpolyene,452.9076432,Bacteria,Myxococcota,Polyangia,Polyangiales,SG8-38,JALVDI01,
M25,Aegir_M25_B88,PNKOKCJG_2.region001,RiPP,RiPP-like,595.9790271,Bacteria,Campylobacterota,Campylobacteria,Campylobacterales,,,
M25,Aegir_M25_B93,CNKJHFHF_10.region001,Polyketide,T3PKS,251.1208456,Bacteria,Pseudomonadota,Alphaproteobacteria,Geminicoccales,Geminicoccaceae,JALSRW01,
M25,Aegir_M25_B93,CNKJHFHF_8.region001,Hybrid,RiPP-redox-cofactor:thioamitides:thiopeptide,212.6738792,Bacteria,Pseudomonadota,Alphaproteobacteria,Geminicoccales,Geminicoccaceae,JALSRW01,
M25,Aegir_M25_B93,CNKJHFHF_72.region001,NRP,NRPS-like,81.76331313,Bacteria,Pseudomonadota,Alphaproteobacteria,Geminicoccales,Geminicoccaceae,JALSRW01,
M25,Aegir_M25_B95,DNIJFPOO_10.region001,RiPP,RiPP-like,560.2169894,Bacteria,Pseudomonadota,Gammaproteobacteria,GCA-001735895,GCA-001735895,JACNJF01,
M25,Aegir_M25_B98,MHGIKJMM_48.region001,RiPP,RiPP-like,1121.364229,Bacteria,Pseudomonadota,Gammaproteobacteria,Chromatiales,Sedimenticolaceae,Thiolapillus,
M25,Aegir_M25_B98,MHGIKJMM_76.region001,Other,hserlactone,594.463431,Bacteria,Pseudomonadota,Gammaproteobacteria,Chromatiales,Sedimenticolaceae,Thiolapillus,
M36,Aegir_M36_B1,KLDNEJDF_28.region001,RiPP,RiPP-like,616.951097,Bacteria,Pseudomonadota,Gammaproteobacteria,Methylococcales,Cycloclasticaceae,Cycloclasticus,
M36,Aegir_M36_B1,KLDNEJDF_34.region001,Other,hserlactone,487.0077855,Bacteria,Pseudomonadota,Gammaproteobacteria,Methylococcales,Cycloclasticaceae,Cycloclasticus,
M36,Aegir_M36_B10,DFGJMDKL_248.region001,Other,hydrogen-cyanide,954.8574848,Bacteria,Bacteroidota,Bacteroidia,Bacteroidales,Salinivirgaceae,,
M36,Aegir_M36_B13,IKNLIDBL_3.region001,Polyketide,T1PKS,757.7760837,Bacteria,Pseudomonadota,Gammaproteobacteria,Thiotrichales,Thiotrichaceae,Cocleimonas,
M36,Aegir_M36_B13,IKNLIDBL_119.region001,RiPP,RiPP-like,594.8546732,Bacteria,Pseudomonadota,Gammaproteobacteria,Thiotrichales,Thiotrichaceae,Cocleimonas,
M36,Aegir_M36_B13,IKNLIDBL_46.region001,RiPP,RiPP-like,345.3771184,Bacteria,Pseudomonadota,Gammaproteobacteria,Thiotrichales,Thiotrichaceae,Cocleimonas,
M36,Aegir_M36_B15,LAPKCFCO_69.region001,RiPP,ranthipeptide,378.3529536,Bacteria,Myxococcota,Polyangia,HGW-17,HGW-17,,
M36,Aegir_M36_B15,LAPKCFCO_118.region001,RiPP,RRE-containing,264.1614622,Bacteria,Myxococcota,Polyangia,HGW-17,HGW-17,,
M36,Aegir_M36_B15,LAPKCFCO_24.region001,Other,hydrogen-cyanide,253.8754231,Bacteria,Myxococcota,Polyangia,HGW-17,HGW-17,,
M36,Aegir_M36_B2,NDAJAKLO_9.region001,Other,betalactone,778.4116157,Bacteria,Desulfobacterota,Desulfobacteria,Desulfobacterales,Desulfobacteraceae,Desulfobacula,
M36,Aegir_M36_B2,NDAJAKLO_97.region001,Polyketide,hglE-KS,499.1461789,Bacteria,Desulfobacterota,Desulfobacteria,Desulfobacterales,Desulfobacteraceae,Desulfobacula,
M36,Aegir_M36_B2,NDAJAKLO_137.region001,NRP,NRP generic,445.0601558,Bacteria,Desulfobacterota,Desulfobacteria,Desulfobacterales,Desulfobacteraceae,Desulfobacula,
M36,Aegir_M36_B2,NDAJAKLO_217.region001,RiPP,RiPP-like,321.6857966,Bacteria,Desulfobacterota,Desulfobacteria,Desulfobacterales,Desulfobacteraceae,Desulfobacula,
M36,Aegir_M36_B2,NDAJAKLO_47.region001,Polyketide,hglE-KS,228.4913359,Bacteria,Desulfobacterota,Desulfobacteria,Desulfobacterales,Desulfobacteraceae,Desulfobacula,
M36,Aegir_M36_B2,NDAJAKLO_144.region001,Polyketide,T1PKS,203.908201,Bacteria,Desulfobacterota,Desulfobacteria,Desulfobacterales,Desulfobacteraceae,Desulfobacula,
M36,Aegir_M36_B2,NDAJAKLO_163.region001,Other,hydrogen-cyanide,130.7435692,Bacteria,Desulfobacterota,Desulfobacteria,Desulfobacterales,Desulfobacteraceae,Desulfobacula,
M36,Aegir_M36_B21,KFOBHDBC_645.region001,RiPP,sactipeptide,1916.527594,Bacteria,Chloroflexota,Anaerolineae,Promineifilales,Promineifilaceae,JAJRTP01,
M36,Aegir_M36_B23,KFHHGAEL_190.region001,Terpene,Terpene generic,171.5416545,Bacteria,Pseudomonadota,Alphaproteobacteria,Rhodobacterales,Rhodobacteraceae,UBA3077,
M36,Aegir_M36_B24,DHGLLEPI_55.region001,Other,arylpolyene,2578.481835,Bacteria,Bacteroidota,Bacteroidia,Flavobacteriales,Salibacteraceae,CAJXZP01,
M36,Aegir_M36_B3,IJGCPAEO_63.region001,Other,arylpolyene,586.0981577,Bacteria,Bacteroidota,Bacteroidia,Bacteroidales,UBA1556,4572-112,
M36,Aegir_M36_B33,HDDLGHFE_4.region001,Terpene,Terpene generic,6752.52654,Bacteria,Pseudomonadota,Alphaproteobacteria,Rhodobacterales,Rhodobacteraceae,UBA3077,
M36,Aegir_M36_B33,HDDLGHFE_85.region001,RiPP,RiPP-like,3564.168172,Bacteria,Pseudomonadota,Alphaproteobacteria,Rhodobacterales,Rhodobacteraceae,UBA3077,
M36,Aegir_M36_B34,CHHKDDGB_45.region001,RiPP,RiPP-like,926.9595138,Bacteria,Myxococcota,UBA796,UBA796,CAJQPC01,CAJQPC01,
M36,Aegir_M36_B34,CHHKDDGB_23.region001,Other,betalactone,814.2729626,Bacteria,Myxococcota,UBA796,UBA796,CAJQPC01,CAJQPC01,
M36,Aegir_M36_B34,CHHKDDGB_6.region001,RiPP,RiPP-like,750.504324,Bacteria,Myxococcota,UBA796,UBA796,CAJQPC01,CAJQPC01,
M36,Aegir_M36_B34,CHHKDDGB_15.region001,Polyketide,hglE-KS,713.7559699,Bacteria,Myxococcota,UBA796,UBA796,CAJQPC01,CAJQPC01,
M36,Aegir_M36_B34,CHHKDDGB_45.region002,NRP,NRPS-like,676.3155363,Bacteria,Myxococcota,UBA796,UBA796,CAJQPC01,CAJQPC01,
M36,Aegir_M36_B34,CHHKDDGB_24.region001,Polyketide,T1PKS,439.9487239,Bacteria,Myxococcota,UBA796,UBA796,CAJQPC01,CAJQPC01,
M36,Aegir_M36_B34,CHHKDDGB_8.region001,Polyketide,T3PKS,372.0505646,Bacteria,Myxococcota,UBA796,UBA796,CAJQPC01,CAJQPC01,
M36,Aegir_M36_B34,CHHKDDGB_67.region001,Polyketide,T3PKS,320.5342318,Bacteria,Myxococcota,UBA796,UBA796,CAJQPC01,CAJQPC01,
M36,Aegir_M36_B35,APLIPKFB_58.region001,NRP,NRP generic,931.0290712,Bacteria,Calditrichota,Calditrichia,Calditrichales,Calditrichaceae,JANTFQ01,
M36,Aegir_M36_B35,APLIPKFB_17.region001,Terpene,Terpene generic,671.5512691,Bacteria,Calditrichota,Calditrichia,Calditrichales,Calditrichaceae,JANTFQ01,
M36,Aegir_M36_B38,AIHPAFBK_26.region001,Polyketide,T3PKS,6140.8909,Bacteria,Pseudomonadota,Gammaproteobacteria,Thiomicrospirales,Thiomicrospiraceae,Thiosulfativibrio,
M36,Aegir_M36_B38,AIHPAFBK_78.region001,RiPP,RiPP-like,695.5716777,Bacteria,Pseudomonadota,Gammaproteobacteria,Thiomicrospirales,Thiomicrospiraceae,Thiosulfativibrio,
M36,Aegir_M36_B39,EJJLEDJN_13.region001,Other,hydrogen-cyanide,508.0965946,Bacteria,Cloacimonadota,Cloacimonadia,Cloacimonadales,JAMOQM01,JAMOQM01,
M36,Aegir_M36_B4,MFMOEDNK_190.region001,RiPP,RRE-containing,852.1503288,Bacteria,Bacteroidota,Bacteroidia,Bacteroidales,NBLH01,NBLH01,
M36,Aegir_M36_B40,MACFFGIF_121.region001,Other,arylpolyene,3494.980309,Bacteria,Pseudomonadota,Gammaproteobacteria,Methylococcales,Methylomonadaceae,Methyloprofundus,
M36,Aegir_M36_B40,MACFFGIF_64.region001,RiPP,RiPP-like,2098.597716,Bacteria,Pseudomonadota,Gammaproteobacteria,Methylococcales,Methylomonadaceae,Methyloprofundus,
M36,Aegir_M36_B41,ONIHFDBF_163.region001,Other,arylpolyene,11283.58163,Bacteria,Pseudomonadota,Gammaproteobacteria,Methylococcales,Methylomonadaceae,Methyloprofundus,Methyloprofundus sp900128525
M36,Aegir_M36_B42,CENODMGI_86.region001,RiPP,RiPP-like,4172.489899,Bacteria,Bacteroidota,Bacteroidia,Flavobacteriales,Vicingaceae,GCA-002793235,
M36,Aegir_M36_B42,CENODMGI_107.region001,Hybrid,arylpolyene:resorcinol,4059.906489,Bacteria,Bacteroidota,Bacteroidia,Flavobacteriales,Vicingaceae,GCA-002793235,
M36,Aegir_M36_B42,CENODMGI_209.region001,Other,arylpolyene,2920.070259,Bacteria,Bacteroidota,Bacteroidia,Flavobacteriales,Vicingaceae,GCA-002793235,
M36,Aegir_M36_B42,CENODMGI_45.region001,RiPP,RiPP-like,2709.907736,Bacteria,Bacteroidota,Bacteroidia,Flavobacteriales,Vicingaceae,GCA-002793235,
M36,Aegir_M36_B43,LKNDKLPM_299.region001,Polyketide,T3PKS,161.6326343,Bacteria,Myxococcota,UBA9042,PHBI01,PHBI01,CALHXW01,
M36,Aegir_M36_B44,GAILNMON_187.region001,Other,hserlactone,1200.484929,Bacteria,Pseudomonadota,Alphaproteobacteria,Rhodobacterales,Rhodobacteraceae,Profundibacter,Profundibacter amoris
M36,Aegir_M36_B46,AODPIKDL_136.region001,Terpene,Terpene generic,2158.061699,Bacteria,Myxococcota,UBA727,UBA727,JAUIJE01,,
M36,Aegir_M36_B46,AODPIKDL_61.region001,RiPP,RiPP-like,1203.173464,Bacteria,Myxococcota,UBA727,UBA727,JAUIJE01,,
M36,Aegir_M36_B46,AODPIKDL_6.region001,Polyketide,hglE-KS,1116.550339,Bacteria,Myxococcota,UBA727,UBA727,JAUIJE01,,
M36,Aegir_M36_B46,AODPIKDL_58.region001,NRP,NRPS-like,1111.22659,Bacteria,Myxococcota,UBA727,UBA727,JAUIJE01,,
M36,Aegir_M36_B46,AODPIKDL_115.region001,NRP,NRPS-like,985.4499155,Bacteria,Myxococcota,UBA727,UBA727,JAUIJE01,,
M36,Aegir_M36_B46,AODPIKDL_104.region001,RiPP,RiPP-like,921.1109214,Bacteria,Myxococcota,UBA727,UBA727,JAUIJE01,,
M36,Aegir_M36_B46,AODPIKDL_123.region001,Other,resorcinol,918.9043352,Bacteria,Myxococcota,UBA727,UBA727,JAUIJE01,,
M36,Aegir_M36_B46,AODPIKDL_47.region001,RiPP,ranthipeptide,345.0222303,Bacteria,Myxococcota,UBA727,UBA727,JAUIJE01,,
M36,Aegir_M36_B46,AODPIKDL_136.region002,Other,betalactone,313.5599146,Bacteria,Myxococcota,UBA727,UBA727,JAUIJE01,,
M36,Aegir_M36_B48,IGGOJNFL_34.region001,RiPP,RiPP-like,21001.88768,Bacteria,Campylobacterota,Campylobacteria,Campylobacterales,Sulfurospirillaceae,Sulfurospirillum_A,
M36,Aegir_M36_B48,IGGOJNFL_133.region001,Other,acyl_amino_acids,6828.9788,Bacteria,Campylobacterota,Campylobacteria,Campylobacterales,Sulfurospirillaceae,Sulfurospirillum_A,
M36,Aegir_M36_B49,CFBHPGFJ_56.region001,Hybrid,arylpolyene:resorcinol,64.70164069,Bacteria,Bacteroidota,Bacteroidia,Flavobacteriales,Flavobacteriaceae,GCA-002733185,
M36,Aegir_M36_B5,NNMJOBBE_320.region001,Other,resorcinol,300.4434812,Bacteria,Desulfobacterota,Desulfuromonadia,Desulfuromonadales,Geopsychrobacteraceae,Desulfuromusa,
M36,Aegir_M36_B53,IDFHELPL_13.region001,RiPP,RiPP-like,3773.702186,Bacteria,Campylobacterota,Campylobacteria,Campylobacterales,Sulfurovaceae,Sulfurovum,Sulfurovum sp030949725
M36,Aegir_M36_B53,IDFHELPL_14.region001,Other,hserlactone,3143.664717,Bacteria,Campylobacterota,Campylobacteria,Campylobacterales,Sulfurovaceae,Sulfurovum,Sulfurovum sp030949725
M36,Aegir_M36_B54,NEFIDIMH_95.region001,RiPP,RRE-containing,197.9575725,Bacteria,Bacteroidota,Bacteroidia,Flavobacteriales,Flavobacteriaceae,Lutimonas,
M36,Aegir_M36_B56,GDAKIHJJ_89.region001,Other,arylpolyene,1713.723892,Bacteria,Bacteroidota,Bacteroidia,Flavobacteriales,Crocinitomicaceae,Putridiphycobacter,
M36,Aegir_M36_B57,IIFEMMGK_13.region001,RiPP,RiPP-like,10204.46936,Bacteria,Campylobacterota,Campylobacteria,Campylobacterales,Sulfurovaceae,Sulfurovum,
M36,Aegir_M36_B58,DAMCAHIH_64.region001,RiPP,RRE-containing,1671.81938,Bacteria,Chloroflexota,Anaerolineae,Promineifilales,Promineifilaceae,S016-13,
M36,Aegir_M36_B58,DAMCAHIH_182.region001,Terpene,Terpene generic,1662.804397,Bacteria,Chloroflexota,Anaerolineae,Promineifilales,Promineifilaceae,S016-13,
M36,Aegir_M36_B6,ECPJPLJJ_165.region001,RiPP,RRE-containing,661.3662292,Bacteria,Bacteroidota,Bacteroidia,Flavobacteriales,Vicingaceae,GCA-002793235,
M36,Aegir_M36_B60,IJJGOFGK_152.region001,RiPP,RRE-containing,7026.694893,Bacteria,Pseudomonadota,Gammaproteobacteria,Beggiatoales,Beggiatoaceae,JAUXCJ01,
M36,Aegir_M36_B61,JOELOLGC_6.region001,RiPP,thiopeptide,81.12090127,Bacteria,Desulfobacterota,Desulfobacteria,Desulfobacterales,Desulfosarcinaceae,JALVQM01,
M36,Aegir_M36_B62,NDIICOJF_21.region001,RiPP,RRE-containing,1492.409853,Bacteria,Bacteroidota,Bacteroidia,Bacteroidales,UBA12170,DYSN01,
M36,Aegir_M36_B62,NDIICOJF_10.region001,Other,betalactone,444.7801232,Bacteria,Bacteroidota,Bacteroidia,Bacteroidales,UBA12170,DYSN01,
M36,Aegir_M36_B62,NDIICOJF_10.region002,Hybrid,arylpolyene:resorcinol,433.5084465,Bacteria,Bacteroidota,Bacteroidia,Bacteroidales,UBA12170,DYSN01,
M36,Aegir_M36_B62,NDIICOJF_21.region002,Other,betalactone,292.2939818,Bacteria,Bacteroidota,Bacteroidia,Bacteroidales,UBA12170,DYSN01,
M36,Aegir_M36_B63,OGCOFHCG_20.region001,RiPP,RiPP-like,2219.383389,Bacteria,Pseudomonadota,Gammaproteobacteria,Thiomicrospirales,Thiomicrospiraceae,Thiomicrorhabdus,
M36,Aegir_M36_B63,OGCOFHCG_9.region001,Other,betalactone,1931.822254,Bacteria,Pseudomonadota,Gammaproteobacteria,Thiomicrospirales,Thiomicrospiraceae,Thiomicrorhabdus,
M36,Aegir_M36_B64,GKCHABDB_34.region001,Polyketide,T1PKS,543.3262695,Bacteria,Myxococcota,UBA796,UBA796,GCA-2862545,JACKEQ01,
M36,Aegir_M36_B64,GKCHABDB_86.region001,Other,arylpolyene,346.5415246,Bacteria,Myxococcota,UBA796,UBA796,GCA-2862545,JACKEQ01,
M36,Aegir_M36_B64,GKCHABDB_68.region001,Other,arylpolyene,228.2169745,Bacteria,Myxococcota,UBA796,UBA796,GCA-2862545,JACKEQ01,
M36,Aegir_M36_B64,GKCHABDB_75.region001,Hybrid,hglE-KS:T1PKS,138.264622,Bacteria,Myxococcota,UBA796,UBA796,GCA-2862545,JACKEQ01,
M36,Aegir_M36_B64,GKCHABDB_168.region001,Polyketide,T1PKS,134.7252075,Bacteria,Myxococcota,UBA796,UBA796,GCA-2862545,JACKEQ01,
M36,Aegir_M36_B64,GKCHABDB_147.region001,Hybrid,hglE-KS:T3PKS,77.42117467,Bacteria,Myxococcota,UBA796,UBA796,GCA-2862545,JACKEQ01,
M36,Aegir_M36_B64,GKCHABDB_61.region001,Polyketide,hglE-KS,73.48674484,Bacteria,Myxococcota,UBA796,UBA796,GCA-2862545,JACKEQ01,
M36,Aegir_M36_B64,GKCHABDB_67.region001,Other,betalactone,52.74349448,Bacteria,Myxococcota,UBA796,UBA796,GCA-2862545,JACKEQ01,
M36,Aegir_M36_B65,OKGIDNFP_63.region001,RiPP,RRE-containing,1549.393172,Bacteria,Bacteroidota,Bacteroidia,Bacteroidales,JAADGE01,JAADGE01,
M36,Aegir_M36_B65,OKGIDNFP_86.region001,Other,arylpolyene,240.6303816,Bacteria,Bacteroidota,Bacteroidia,Bacteroidales,JAADGE01,JAADGE01,
M36,Aegir_M36_B65,OKGIDNFP_82.region001,Other,resorcinol,123.0443162,Bacteria,Bacteroidota,Bacteroidia,Bacteroidales,JAADGE01,JAADGE01,
M36,Aegir_M36_B66,EOCGDEIA_59.region001,NRP,NRP generic,56577.27242,Bacteria,Campylobacterota,Campylobacteria,Campylobacterales,Sulfurovaceae,SZUA-451,
M36,Aegir_M36_B66,EOCGDEIA_30.region001,NRP,NRP generic,11504.02944,Bacteria,Campylobacterota,Campylobacteria,Campylobacterales,Sulfurovaceae,SZUA-451,
M36,Aegir_M36_B67,KOOHGOLM_203.region001,NRP,NRP generic,988.1566643,Bacteria,Pseudomonadota,Gammaproteobacteria,Methylococcales,Methylomonadaceae,Methyloprofundus,
M36,Aegir_M36_B69,GLOGLBCN_111.region001,Other,arylpolyene,8787.814562,Bacteria,Bacteroidota,Bacteroidia,Flavobacteriales,Parvicellaceae,S010-51,
M36,Aegir_M36_B69,GLOGLBCN_162.region001,Other,arylpolyene,8280.418807,Bacteria,Bacteroidota,Bacteroidia,Flavobacteriales,Parvicellaceae,S010-51,
M36,Aegir_M36_B69,GLOGLBCN_196.region001,Other,arylpolyene,6396.320688,Bacteria,Bacteroidota,Bacteroidia,Flavobacteriales,Parvicellaceae,S010-51,
M36,Aegir_M36_B69,GLOGLBCN_56.region001,Hybrid,arylpolyene:resorcinol,5384.92369,Bacteria,Bacteroidota,Bacteroidia,Flavobacteriales,Parvicellaceae,S010-51,
M36,Aegir_M36_B69,GLOGLBCN_2.region001,RiPP,lanthipeptide,5298.467101,Bacteria,Bacteroidota,Bacteroidia,Flavobacteriales,Parvicellaceae,S010-51,
M36,Aegir_M36_B72,ALEHICHF_185.region001,Other,betalactone,584.898549,Bacteria,Spirochaetota,Spirochaetia,B11-G9,B11-G9,S145-15,
M36,Aegir_M36_B73,PDMGNGAF_160.region001,NRP,NRP generic,339.7163441,Bacteria,Pseudomonadota,Gammaproteobacteria,Methylococcales,Methylomonadaceae,WTBX01,WTBX01 sp030949405
M36,Aegir_M36_B8,KIEHLOCK_177.region001,RiPP,RRE-containing,607.628727,Bacteria,Bacteroidota,Bacteroidia,Bacteroidales,UBA1556,CG2-30-33-31,
M36,Aegir_M36_B9,IJMCNGDJ_25.region001,Other,arylpolyene,2281.471952,Bacteria,Pseudomonadota,Gammaproteobacteria,Methylococcales,Methylomonadaceae,Methyloprofundus,
M36,Aegir_M36_B9,IJMCNGDJ_52.region001,Terpene,Terpene generic,516.4416949,Bacteria,Pseudomonadota,Gammaproteobacteria,Methylococcales,Methylomonadaceae,Methyloprofundus,
M36,Aegir_M36_B9,IJMCNGDJ_32.region001,Other,ectoine,484.0590599,Bacteria,Pseudomonadota,Gammaproteobacteria,Methylococcales,Methylomonadaceae,Methyloprofundus,
M36,Aegir_M36_B9,IJMCNGDJ_34.region001,RiPP,RiPP-like,309.4991562,Bacteria,Pseudomonadota,Gammaproteobacteria,Methylococcales,Methylomonadaceae,Methyloprofundus,
M37,Aegir_M37_B1,IPOPAIFA_180.region001,RiPP,ranthipeptide,6200.868328,Bacteria,Pseudomonadota,Alphaproteobacteria,Sphingomonadales,Emcibacteraceae,Paremcibacter,
M37,Aegir_M37_B1,IPOPAIFA_360.region001,Terpene,Terpene generic,2118.43954,Bacteria,Pseudomonadota,Alphaproteobacteria,Sphingomonadales,Emcibacteraceae,Paremcibacter,
M37,Aegir_M37_B10,CFKOCBML_67.region001,Other,arylpolyene,6083.358948,Bacteria,Campylobacterota,Campylobacteria,Campylobacterales,Sulfurovaceae,UBA1140,
M37,Aegir_M37_B10,CFKOCBML_169.region001,Other,arylpolyene,1989.310129,Bacteria,Campylobacterota,Campylobacteria,Campylobacterales,Sulfurovaceae,UBA1140,
M37,Aegir_M37_B10,CFKOCBML_118.region001,Other,resorcinol,1026.925278,Bacteria,Campylobacterota,Campylobacteria,Campylobacterales,Sulfurovaceae,UBA1140,
M37,Aegir_M37_B11,EIPHLLKK_128.region001,Other,arylpolyene,402.2331478,Bacteria,Omnitrophota,Koll11,Zapsychrales,Zapsychraceae,,
M37,Aegir_M37_B11,EIPHLLKK_409.region001,Polyketide,HR-T2PKS,214.9195592,Bacteria,Omnitrophota,Koll11,Zapsychrales,Zapsychraceae,,
M37,Aegir_M37_B11,EIPHLLKK_72.region001,Other,arylpolyene,206.4862943,Bacteria,Omnitrophota,Koll11,Zapsychrales,Zapsychraceae,,
M37,Aegir_M37_B13,OIGOLJNO_16.region001,RiPP,ranthipeptide,436.1932062,Bacteria,Caldisericota,Caldisericia,JAAYUI01,JAAYUI01,JAXGMQ01,
M37,Aegir_M37_B14,CBENGHKH_143.region001,RiPP,RiPP-like,44101.29527,Bacteria,Pseudomonadota,Gammaproteobacteria,Methylococcales,Methylomonadaceae,Methyloprofundus,
M37,Aegir_M37_B14,CBENGHKH_40.region001,Other,ectoine,9459.371786,Bacteria,Pseudomonadota,Gammaproteobacteria,Methylococcales,Methylomonadaceae,Methyloprofundus,
M37,Aegir_M37_B14,CBENGHKH_280.region001,Terpene,Terpene generic,3013.549026,Bacteria,Pseudomonadota,Gammaproteobacteria,Methylococcales,Methylomonadaceae,Methyloprofundus,
M37,Aegir_M37_B14,CBENGHKH_1.region001,Other,arylpolyene,1660.908529,Bacteria,Pseudomonadota,Gammaproteobacteria,Methylococcales,Methylomonadaceae,Methyloprofundus,
M37,Aegir_M37_B15,EHALHDMF_16.region001,Terpene,Terpene generic,1662.291319,Bacteria,PUNC01,Erginobacteria,Erginobacterales,Erginobacteraceae,CAKZYZ01,
M37,Aegir_M37_B15,EHALHDMF_373.region001,RiPP,RRE-containing,575.9624578,Bacteria,PUNC01,Erginobacteria,Erginobacterales,Erginobacteraceae,CAKZYZ01,
M37,Aegir_M37_B17,NGEBLNKK_39.region001,NRP,NRPS-like,28322.60862,Bacteria,Pseudomonadota,Gammaproteobacteria,Methylococcales,Methylomonadaceae,Methyloprofundus,
M37,Aegir_M37_B17,NGEBLNKK_71.region001,RiPP,RiPP-like,9650.546459,Bacteria,Pseudomonadota,Gammaproteobacteria,Methylococcales,Methylomonadaceae,Methyloprofundus,
M37,Aegir_M37_B17,NGEBLNKK_11.region001,Other,arylpolyene,5412.102863,Bacteria,Pseudomonadota,Gammaproteobacteria,Methylococcales,Methylomonadaceae,Methyloprofundus,
M37,Aegir_M37_B17,NGEBLNKK_119.region001,Other,hydrogen-cyanide,3553.598857,Bacteria,Pseudomonadota,Gammaproteobacteria,Methylococcales,Methylomonadaceae,Methyloprofundus,
M37,Aegir_M37_B19,ODLDNGCH_28.region001,Terpene,Terpene generic,2341.112578,Bacteria,Planctomycetota,Phycisphaerae,Phycisphaerales,Phycisphaeraceae,JANQFR01,
M37,Aegir_M37_B2,BKNOFKLA_52.region001,RiPP,RiPP-like,1401.924165,Bacteria,UBA10199,UBA10199,2-02-FULL-44-16,JAAZCA01,,
M37,Aegir_M37_B2,BKNOFKLA_75.region001,Terpene,Terpene generic,651.9290364,Bacteria,UBA10199,UBA10199,2-02-FULL-44-16,JAAZCA01,,
M37,Aegir_M37_B20,JKPCDLON_8.region001,NRP,CDPS,2939.146748,Bacteria,Patescibacteriota,Minisyncoccia,Moranbacterales,DUUL01,,
M37,Aegir_M37_B21,JBPFJJCB_62.region001,Terpene,Terpene generic,1924.960342,Bacteria,Pseudomonadota,Gammaproteobacteria,Methylococcales,,,
M37,Aegir_M37_B21,JBPFJJCB_163.region001,RiPP,RiPP-like,903.6759512,Bacteria,Pseudomonadota,Gammaproteobacteria,Methylococcales,,,
M37,Aegir_M37_B21,JBPFJJCB_123.region001,RiPP,redox-cofactor,703.2324731,Bacteria,Pseudomonadota,Gammaproteobacteria,Methylococcales,,,
M37,Aegir_M37_B22,NLCMHHHC_61.region001,Other,crocagin,3686.140057,Bacteria,Pseudomonadota,Gammaproteobacteria,Thiotrichales,Thiotrichaceae,HyVt-477,
M37,Aegir_M37_B22,NLCMHHHC_258.region001,Terpene,Terpene generic,2119.139706,Bacteria,Pseudomonadota,Gammaproteobacteria,Thiotrichales,Thiotrichaceae,HyVt-477,
M37,Aegir_M37_B22,NLCMHHHC_225.region001,RiPP,RiPP-like,1254.893617,Bacteria,Pseudomonadota,Gammaproteobacteria,Thiotrichales,Thiotrichaceae,HyVt-477,
M37,Aegir_M37_B22,NLCMHHHC_241.region001,RiPP,RiPP-like,1172.679351,Bacteria,Pseudomonadota,Gammaproteobacteria,Thiotrichales,Thiotrichaceae,HyVt-477,
M37,Aegir_M37_B22,NLCMHHHC_295.region001,NRP,NRP generic,1034.6911,Bacteria,Pseudomonadota,Gammaproteobacteria,Thiotrichales,Thiotrichaceae,HyVt-477,
M37,Aegir_M37_B22,NLCMHHHC_253.region001,RiPP,RiPP-like,917.795888,Bacteria,Pseudomonadota,Gammaproteobacteria,Thiotrichales,Thiotrichaceae,HyVt-477,
M37,Aegir_M37_B22,NLCMHHHC_240.region001,Other,NAPAA,759.5027332,Bacteria,Pseudomonadota,Gammaproteobacteria,Thiotrichales,Thiotrichaceae,HyVt-477,
M37,Aegir_M37_B22,NLCMHHHC_39.region001,NRP,NRPS-like,535.2906096,Bacteria,Pseudomonadota,Gammaproteobacteria,Thiotrichales,Thiotrichaceae,HyVt-477,
M37,Aegir_M37_B22,NLCMHHHC_156.region001,Polyketide,T1PKS,499.7810302,Bacteria,Pseudomonadota,Gammaproteobacteria,Thiotrichales,Thiotrichaceae,HyVt-477,
M37,Aegir_M37_B23,JCMCOKNO_287.region001,Polyketide,HR-T2PKS,2498.479132,Bacteria,Verrucomicrobiota,Kiritimatiellia,Kiritimatiellales,Pontiellaceae,Pontiella,
M37,Aegir_M37_B23,JCMCOKNO_484.region001,Other,arylpolyene,1462.611251,Bacteria,Verrucomicrobiota,Kiritimatiellia,Kiritimatiellales,Pontiellaceae,Pontiella,
M37,Aegir_M37_B23,JCMCOKNO_191.region001,RiPP,RiPP-like,853.0480058,Bacteria,Verrucomicrobiota,Kiritimatiellia,Kiritimatiellales,Pontiellaceae,Pontiella,
M37,Aegir_M37_B23,JCMCOKNO_475.region001,Other,arylpolyene,672.0882676,Bacteria,Verrucomicrobiota,Kiritimatiellia,Kiritimatiellales,Pontiellaceae,Pontiella,
M37,Aegir_M37_B23,JCMCOKNO_148.region001,Polyketide,T3PKS,412.2465468,Bacteria,Verrucomicrobiota,Kiritimatiellia,Kiritimatiellales,Pontiellaceae,Pontiella,
M37,Aegir_M37_B23,JCMCOKNO_648.region001,Polyketide,T3PKS,316.8499151,Bacteria,Verrucomicrobiota,Kiritimatiellia,Kiritimatiellales,Pontiellaceae,Pontiella,
M37,Aegir_M37_B24,PDEOMJHC_252.region001,Other,hydrogen-cyanide,836.6526017,Bacteria,Chloroflexota,Anaerolineae,Anaerolineales,Anaerolineaceae,SpSt-1165,
M37,Aegir_M37_B24,PDEOMJHC_159.region001,Polyketide,hglE-KS,454.2186499,Bacteria,Chloroflexota,Anaerolineae,Anaerolineales,Anaerolineaceae,SpSt-1165,
M37,Aegir_M37_B26,GNFAAGLJ_124.region001,Other,hydrogen-cyanide,1536.821341,Bacteria,Bipolaricaulota,Bipolaricaulia,UBA7950,UBA9294,SPBW01,
M37,Aegir_M37_B27,FDOHJKJH_517.region001,RiPP,RRE-containing,862.0078411,Bacteria,Bacteroidota,Bacteroidia,Bacteroidales,GCA-2748055,GCA-2748055,
M37,Aegir_M37_B27,FDOHJKJH_30.region001,RiPP,RRE-containing,712.1168483,Bacteria,Bacteroidota,Bacteroidia,Bacteroidales,GCA-2748055,GCA-2748055,
M37,Aegir_M37_B27,FDOHJKJH_117.region001,RiPP,RiPP-like,676.3598273,Bacteria,Bacteroidota,Bacteroidia,Bacteroidales,GCA-2748055,GCA-2748055,
M37,Aegir_M37_B28,IAFKBFLO_119.region001,Other,arylpolyene,2625.591128,Bacteria,Desulfobacterota,DSM-4660,Desulfatiglandales,Desulfatiglandaceae,NaphS2,
M37,Aegir_M37_B29,EMBCFOFO_111.region001,RiPP,RiPP-like,3418.594209,Bacteria,Pseudomonadota,Gammaproteobacteria,Xanthomonadales,Marinicellaceae,NORP309,
M37,Aegir_M37_B29,EMBCFOFO_60.region001,RiPP,RRE-containing,1737.70443,Bacteria,Pseudomonadota,Gammaproteobacteria,Xanthomonadales,Marinicellaceae,NORP309,
M37,Aegir_M37_B3,HNCLEMDB_119.region001,RiPP,RiPP-like,357.8843648,Bacteria,Planctomycetota,Phycisphaerae,Sedimentisphaerales,SM23-30,,
M37,Aegir_M37_B30,MNOMKIBA_9.region001,NRP,NRPS-like,7903.902347,Bacteria,Bacteroidota,Bacteroidia,Flavobacteriales,Flavobacteriaceae,Maribacter_C,
M37,Aegir_M37_B30,MNOMKIBA_65.region001,Hybrid,arylpolyene:resorcinol,4794.591444,Bacteria,Bacteroidota,Bacteroidia,Flavobacteriales,Flavobacteriaceae,Maribacter_C,
M37,Aegir_M37_B30,MNOMKIBA_253.region001,Hybrid,NRPS-like:T1PKS,3774.478419,Bacteria,Bacteroidota,Bacteroidia,Flavobacteriales,Flavobacteriaceae,Maribacter_C,
M37,Aegir_M37_B30,MNOMKIBA_87.region001,NRP,NRP generic,2466.207969,Bacteria,Bacteroidota,Bacteroidia,Flavobacteriales,Flavobacteriaceae,Maribacter_C,
M37,Aegir_M37_B30,MNOMKIBA_153.region001,RiPP,lanthipeptide,1293.461493,Bacteria,Bacteroidota,Bacteroidia,Flavobacteriales,Flavobacteriaceae,Maribacter_C,
M37,Aegir_M37_B32,JFNMFPJL_283.region001,RiPP,RiPP-like,2024.594503,Bacteria,Pseudomonadota,Alphaproteobacteria,Rhodobacterales,Rhodobacteraceae,NORP181,
M37,Aegir_M37_B32,JFNMFPJL_107.region001,Other,hserlactone,1004.793145,Bacteria,Pseudomonadota,Alphaproteobacteria,Rhodobacterales,Rhodobacteraceae,NORP181,
M37,Aegir_M37_B32,JFNMFPJL_86.region001,Hybrid,NRPS-like:T1PKS,352.010362,Bacteria,Pseudomonadota,Alphaproteobacteria,Rhodobacterales,Rhodobacteraceae,NORP181,
M37,Aegir_M37_B32,JFNMFPJL_198.region001,RiPP,redox-cofactor,335.3849653,Bacteria,Pseudomonadota,Alphaproteobacteria,Rhodobacterales,Rhodobacteraceae,NORP181,
M37,Aegir_M37_B34,GOGOMFGK_256.region001,NRP,NRPS-like,59.86668603,Bacteria,Planctomycetota,Phycisphaerae,Sedimentisphaerales,Anaerobacaceae,Anaerobaca,
M37,Aegir_M37_B35,CJICECBE_42.region001,Other,arylpolyene,6472.524577,Bacteria,Bacteroidota,Bacteroidia,Flavobacteriales,Flavobacteriaceae,Lutimonas,
M37,Aegir_M37_B35,CJICECBE_196.region001,Other,resorcinol,2256.407196,Bacteria,Bacteroidota,Bacteroidia,Flavobacteriales,Flavobacteriaceae,Lutimonas,
M37,Aegir_M37_B36,HECOAHAK_1.region001,RiPP,RRE-containing,2686.816869,Bacteria,Bacteroidota,Bacteroidia,Flavobacteriales,Flavobacteriaceae,Lutimonas,
M37,Aegir_M37_B36,HECOAHAK_45.region001,Hybrid,arylpolyene:resorcinol,1044.742634,Bacteria,Bacteroidota,Bacteroidia,Flavobacteriales,Flavobacteriaceae,Lutimonas,
M37,Aegir_M37_B37,NEILPPCH_323.region001,RiPP,RiPP-like,1847.625408,Bacteria,Verrucomicrobiota,Kiritimatiellia,LD1-PB3_B,Lenti-01,,
M37,Aegir_M37_B37,NEILPPCH_205.region001,RiPP,RRE-containing,910.2711018,Bacteria,Verrucomicrobiota,Kiritimatiellia,LD1-PB3_B,Lenti-01,,
M37,Aegir_M37_B37,NEILPPCH_150.region001,Polyketide,T3PKS,780.6479797,Bacteria,Verrucomicrobiota,Kiritimatiellia,LD1-PB3_B,Lenti-01,,
M37,Aegir_M37_B37,NEILPPCH_380.region001,RiPP,RRE-containing,470.6282832,Bacteria,Verrucomicrobiota,Kiritimatiellia,LD1-PB3_B,Lenti-01,,
M37,Aegir_M37_B38,PGEEBHBE_18.region001,RiPP,RRE-containing,2408.884347,Bacteria,Planctomycetota,SZUA-567,SZUA-567,JAFGNG01,JAFGNG01,
M37,Aegir_M37_B39,HAEKJFGP_416.region001,Other,hserlactone,1664.751769,Bacteria,Pseudomonadota,Alphaproteobacteria,Rhodobacterales,Rhodobacteraceae,Profundibacter,
M37,Aegir_M37_B39,HAEKJFGP_176.region001,RiPP,RiPP-like,980.6199223,Bacteria,Pseudomonadota,Alphaproteobacteria,Rhodobacterales,Rhodobacteraceae,Profundibacter,
M37,Aegir_M37_B39,HAEKJFGP_454.region001,Terpene,Terpene generic,688.98629,Bacteria,Pseudomonadota,Alphaproteobacteria,Rhodobacterales,Rhodobacteraceae,Profundibacter,
M37,Aegir_M37_B39,HAEKJFGP_146.region001,Other,hserlactone,219.7206108,Bacteria,Pseudomonadota,Alphaproteobacteria,Rhodobacterales,Rhodobacteraceae,Profundibacter,
M37,Aegir_M37_B40,LOEOMKJD_89.region001,RiPP,ranthipeptide,11949.11212,Bacteria,Fermentibacterota,Fermentibacteria,Fermentibacterales,Fermentibacteraceae,Sabulitectum,
M37,Aegir_M37_B40,LOEOMKJD_49.region001,RiPP,ranthipeptide,8385.212077,Bacteria,Fermentibacterota,Fermentibacteria,Fermentibacterales,Fermentibacteraceae,Sabulitectum,
M37,Aegir_M37_B40,LOEOMKJD_99.region001,RiPP,sactipeptide,7742.171812,Bacteria,Fermentibacterota,Fermentibacteria,Fermentibacterales,Fermentibacteraceae,Sabulitectum,
M37,Aegir_M37_B40,LOEOMKJD_90.region001,RiPP,ranthipeptide,5767.88222,Bacteria,Fermentibacterota,Fermentibacteria,Fermentibacterales,Fermentibacteraceae,Sabulitectum,
M37,Aegir_M37_B40,LOEOMKJD_107.region001,Other,hydrogen-cyanide,2384.879972,Bacteria,Fermentibacterota,Fermentibacteria,Fermentibacterales,Fermentibacteraceae,Sabulitectum,
M37,Aegir_M37_B41,CICNOPNC_59.region001,Other,resorcinol,2473.28155,Bacteria,Bacteroidota,Bacteroidia,Bacteroidales,F082,B16-G9,
M37,Aegir_M37_B41,CICNOPNC_17.region001,Other,arylpolyene,2296.79676,Bacteria,Bacteroidota,Bacteroidia,Bacteroidales,F082,B16-G9,
M37,Aegir_M37_B41,CICNOPNC_131.region001,RiPP,RiPP-like,2084.165974,Bacteria,Bacteroidota,Bacteroidia,Bacteroidales,F082,B16-G9,
M37,Aegir_M37_B41,CICNOPNC_35.region001,Other,arylpolyene,1913.779521,Bacteria,Bacteroidota,Bacteroidia,Bacteroidales,F082,B16-G9,
M37,Aegir_M37_B41,CICNOPNC_188.region001,NRP,NRPS-like,1706.958358,Bacteria,Bacteroidota,Bacteroidia,Bacteroidales,F082,B16-G9,
M37,Aegir_M37_B42,BJPDIAKJ_127.region001,RiPP,RiPP-like,22635.42945,Bacteria,Pseudomonadota,Gammaproteobacteria,Thiotrichales,Thiotrichaceae,Cocleimonas,
M37,Aegir_M37_B42,BJPDIAKJ_65.region001,RiPP,RiPP-like,1487.5797,Bacteria,Pseudomonadota,Gammaproteobacteria,Thiotrichales,Thiotrichaceae,Cocleimonas,
M37,Aegir_M37_B42,BJPDIAKJ_106.region001,Polyketide,T1PKS,960.5288341,Bacteria,Pseudomonadota,Gammaproteobacteria,Thiotrichales,Thiotrichaceae,Cocleimonas,
M37,Aegir_M37_B43,DFOIADHH_91.region001,RiPP,RiPP-like,2731.298008,Bacteria,Campylobacterota,Campylobacteria,Campylobacterales,Sulfurovaceae,Sulfurovum,
M37,Aegir_M37_B46,FJIODLBK_30.region001,RiPP,RiPP-like,1686.696061,Bacteria,Pseudomonadota,Alphaproteobacteria,Rhodobacterales,Rhodobacteraceae,Profundibacter,
M37,Aegir_M37_B46,FJIODLBK_68.region001,Other,betalactone,1158.24073,Bacteria,Pseudomonadota,Alphaproteobacteria,Rhodobacterales,Rhodobacteraceae,Profundibacter,
M37,Aegir_M37_B47,IMHBHNJB_42.region001,RiPP,RRE-containing,1989.154189,Bacteria,Pseudomonadota,Gammaproteobacteria,Nitrosococcales,Methylophagaceae,GCA-002733105,
M37,Aegir_M37_B47,IMHBHNJB_65.region001,RiPP,RiPP-like,1121.247527,Bacteria,Pseudomonadota,Gammaproteobacteria,Nitrosococcales,Methylophagaceae,GCA-002733105,
M37,Aegir_M37_B5,EBBODCAE_246.region001,NRP,NRPS-like,4122.787611,Bacteria,UBA3054,UBA3054,UBA3054,B51-G9,,
M37,Aegir_M37_B5,EBBODCAE_74.region001,RiPP,RiPP-like,965.5662629,Bacteria,UBA3054,UBA3054,UBA3054,B51-G9,,
M37,Aegir_M37_B5,EBBODCAE_426.region001,RiPP,RRE-containing,301.9856736,Bacteria,UBA3054,UBA3054,UBA3054,B51-G9,,
M37,Aegir_M37_B50,LMEHLNPI_646.region001,RiPP,RiPP-like,829.2360282,Bacteria,Pseudomonadota,Gammaproteobacteria,Pseudomonadales,Halieaceae,JBALVT01,
M37,Aegir_M37_B50,LMEHLNPI_309.region001,RiPP,RiPP-like,432.6945598,Bacteria,Pseudomonadota,Gammaproteobacteria,Pseudomonadales,Halieaceae,JBALVT01,
M37,Aegir_M37_B53,NBONLNAG_16.region001,RiPP,RRE-containing,963.9449066,Bacteria,Bacteroidota,Bacteroidia,Flavobacteriales,Vicingaceae,GCA-002793235,
M37,Aegir_M37_B54,LHGBMGDM_390.region001,Other,hydrogen-cyanide,567.220796,Bacteria,Bacteroidota,Bacteroidia,Bacteroidales,GCA-2711565,GCA-2711565,
M37,Aegir_M37_B54,LHGBMGDM_138.region001,RiPP,RiPP-like,245.6480848,Bacteria,Bacteroidota,Bacteroidia,Bacteroidales,GCA-2711565,GCA-2711565,
M37,Aegir_M37_B55,JNFBDKIP_707.region001,Other,arylpolyene,2351.033147,Bacteria,Acidobacteriota,Thermoanaerobaculia,Thermoanaerobaculales,Sulfomarinibacteraceae,JAHECW01,
M37,Aegir_M37_B55,JNFBDKIP_407.region001,RiPP,RiPP-like,401.2420189,Bacteria,Acidobacteriota,Thermoanaerobaculia,Thermoanaerobaculales,Sulfomarinibacteraceae,JAHECW01,
M37,Aegir_M37_B55,JNFBDKIP_581.region001,Polyketide,T3PKS,371.6334408,Bacteria,Acidobacteriota,Thermoanaerobaculia,Thermoanaerobaculales,Sulfomarinibacteraceae,JAHECW01,
M37,Aegir_M37_B55,JNFBDKIP_106.region001,Terpene,Terpene generic,283.0313777,Bacteria,Acidobacteriota,Thermoanaerobaculia,Thermoanaerobaculales,Sulfomarinibacteraceae,JAHECW01,
M37,Aegir_M37_B55,JNFBDKIP_20.region001,RiPP,RRE-containing,248.6488758,Bacteria,Acidobacteriota,Thermoanaerobaculia,Thermoanaerobaculales,Sulfomarinibacteraceae,JAHECW01,
M37,Aegir_M37_B56,LAJLOBNE_363.region001,Polyketide,T1PKS,1240.665798,Bacteria,Desulfobacterota,Desulfobacteria,Desulfobacterales,Desulfosalsimonadaceae,SURF-3,
M37,Aegir_M37_B56,LAJLOBNE_120.region001,RiPP,RRE-containing,499.2629536,Bacteria,Desulfobacterota,Desulfobacteria,Desulfobacterales,Desulfosalsimonadaceae,SURF-3,
M37,Aegir_M37_B56,LAJLOBNE_324.region001,RiPP,RRE-containing,481.2701875,Bacteria,Desulfobacterota,Desulfobacteria,Desulfobacterales,Desulfosalsimonadaceae,SURF-3,
M37,Aegir_M37_B56,LAJLOBNE_247.region001,RiPP,RiPP-like,134.9232622,Bacteria,Desulfobacterota,Desulfobacteria,Desulfobacterales,Desulfosalsimonadaceae,SURF-3,
M37,Aegir_M37_B6,INLLGIOK_3.region001,Other,arylpolyene,1226.967023,Bacteria,Pseudomonadota,Gammaproteobacteria,CAJXQU01,CAJXQU01,CAJXQU01,
M37,Aegir_M37_B6,INLLGIOK_44.region001,Other,arylpolyene,996.0962386,Bacteria,Pseudomonadota,Gammaproteobacteria,CAJXQU01,CAJXQU01,CAJXQU01,
M37,Aegir_M37_B6,INLLGIOK_39.region001,RiPP,RiPP-like,944.2889651,Bacteria,Pseudomonadota,Gammaproteobacteria,CAJXQU01,CAJXQU01,CAJXQU01,
M37,Aegir_M37_B6,INLLGIOK_22.region001,Terpene,Terpene generic,449.4450144,Bacteria,Pseudomonadota,Gammaproteobacteria,CAJXQU01,CAJXQU01,CAJXQU01,
M37,Aegir_M37_B6,INLLGIOK_20.region001,RiPP,ranthipeptide,308.6379568,Bacteria,Pseudomonadota,Gammaproteobacteria,CAJXQU01,CAJXQU01,CAJXQU01,
M37,Aegir_M37_B7,EBIPKGNL_900.region001,Terpene,Terpene generic,511.7096627,Bacteria,Myxococcota,Polyangia,Polyangiales,SG8-38,JBCCRV01,
M37,Aegir_M37_B9,EMJIGOFO_64.region001,Other,arylpolyene,26030.84323,Bacteria,Pseudomonadota,Gammaproteobacteria,Methylococcales,Methylomonadaceae,QPIN01,
M37,Aegir_M37_B9,EMJIGOFO_50.region002,RiPP,RiPP-like,4321.52296,Bacteria,Pseudomonadota,Gammaproteobacteria,Methylococcales,Methylomonadaceae,QPIN01,
M38,Aegir_M38_B1,KIECNAKK_93.region001,RiPP,RiPP-like,6323.372825,Bacteria,Campylobacterota,Campylobacteria,Campylobacterales,Sulfurimonadaceae,Sulfurimonas,
M38,Aegir_M38_B10,GHIKEMJA_42.region001,Other,arylpolyene,2251.083808,Bacteria,Pseudomonadota,Gammaproteobacteria,Methylococcales,Methylomonadaceae,QPIN01,
M38,Aegir_M38_B10,GHIKEMJA_194.region001,RiPP,RiPP-like,2074.967611,Bacteria,Pseudomonadota,Gammaproteobacteria,Methylococcales,Methylomonadaceae,QPIN01,
M38,Aegir_M38_B10,GHIKEMJA_43.region001,NRP,NRP generic,174.2481184,Bacteria,Pseudomonadota,Gammaproteobacteria,Methylococcales,Methylomonadaceae,QPIN01,
M38,Aegir_M38_B101,OPDMMHKB_26.region001,Other,arylpolyene,2361.736678,Bacteria,Pseudomonadota,Gammaproteobacteria,Enterobacterales,Kangiellaceae,GCA-002733465,
M38,Aegir_M38_B101,OPDMMHKB_58.region001,NRP,NRP generic,1555.954896,Bacteria,Pseudomonadota,Gammaproteobacteria,Enterobacterales,Kangiellaceae,GCA-002733465,
M38,Aegir_M38_B102,CFOIEDKB_195.region001,RiPP,RRE-containing,330.4326628,Bacteria,Bacteroidota,Bacteroidia,Bacteroidales,JAADGE01,CAMZKQ01,
M38,Aegir_M38_B103,GFMOCMNL_119.region001,Other,arylpolyene,397.2648273,Bacteria,Bacteroidota,Bacteroidia,UBA10329,UBA10329,,
M38,Aegir_M38_B103,GFMOCMNL_484.region001,Terpene,Terpene generic,364.8228871,Bacteria,Bacteroidota,Bacteroidia,UBA10329,UBA10329,,
M38,Aegir_M38_B103,GFMOCMNL_518.region001,RiPP,RRE-containing,283.1152855,Bacteria,Bacteroidota,Bacteroidia,UBA10329,UBA10329,,
M38,Aegir_M38_B103,GFMOCMNL_358.region001,Other,arylpolyene,195.8699954,Bacteria,Bacteroidota,Bacteroidia,UBA10329,UBA10329,,
M38,Aegir_M38_B103,GFMOCMNL_242.region001,Other,resorcinol,143.0224411,Bacteria,Bacteroidota,Bacteroidia,UBA10329,UBA10329,,
M38,Aegir_M38_B103,GFMOCMNL_326.region001,Polyketide,T1PKS,58.09508655,Bacteria,Bacteroidota,Bacteroidia,UBA10329,UBA10329,,
M38,Aegir_M38_B103,GFMOCMNL_41.region001,Terpene,Terpene generic,50.16122361,Bacteria,Bacteroidota,Bacteroidia,UBA10329,UBA10329,,
M38,Aegir_M38_B104,ENCCGMIM_46.region001,RiPP,ranthipeptide,364.9434441,Bacteria,Pseudomonadota,Alphaproteobacteria,Sphingomonadales,Emcibacteraceae,Paremcibacter,
M38,Aegir_M38_B104,ENCCGMIM_73.region001,Other,betalactone,360.3875541,Bacteria,Pseudomonadota,Alphaproteobacteria,Sphingomonadales,Emcibacteraceae,Paremcibacter,
M38,Aegir_M38_B105,GECPGONF_1.region001,RiPP,RiPP-like,7028.492878,Bacteria,Campylobacterota,Campylobacteria,Campylobacterales,Sulfurovaceae,Sulfurovum,
M38,Aegir_M38_B105,GECPGONF_120.region001,RiPP,RRE-containing,2938.04993,Bacteria,Campylobacterota,Campylobacteria,Campylobacterales,Sulfurovaceae,Sulfurovum,
M38,Aegir_M38_B105,GECPGONF_22.region001,RiPP,RRE-containing,1620.150755,Bacteria,Campylobacterota,Campylobacteria,Campylobacterales,Sulfurovaceae,Sulfurovum,
M38,Aegir_M38_B109,PLALPCGD_70.region001,RiPP,RRE-containing,1588.410834,Bacteria,Bacteroidota,Bacteroidia,Flavobacteriales,Flavobacteriaceae,GCA-002733185,
M38,Aegir_M38_B13,JGAODFDO_32.region001,RiPP,RiPP-like,328.6934901,Bacteria,Pseudomonadota,Gammaproteobacteria,Chromatiales,Sedimenticolaceae,,
M38,Aegir_M38_B13,JGAODFDO_11.region001,RiPP,RRE-containing,249.217094,Bacteria,Pseudomonadota,Gammaproteobacteria,Chromatiales,Sedimenticolaceae,,
M38,Aegir_M38_B13,JGAODFDO_8.region001,RiPP,RRE-containing,190.9449434,Bacteria,Pseudomonadota,Gammaproteobacteria,Chromatiales,Sedimenticolaceae,,
M38,Aegir_M38_B15,PNCLIAJG_200.region001,Other,arylpolyene,408.9830164,Bacteria,Planctomycetota,JADGBV01,JADGBV01,JADGBV01,,
M38,Aegir_M38_B15,PNCLIAJG_176.region001,Other,arylpolyene,72.89302597,Bacteria,Planctomycetota,JADGBV01,JADGBV01,JADGBV01,,
M38,Aegir_M38_B16,IOIKAMCH_36.region001,Other,acyl_amino_acids,975.0544061,Archaea,Nanobdellota,Nanobdellia,Woesearchaeales,UBA583,UBA583,
M38,Aegir_M38_B18,CDLOGJGO_39.region001,RiPP,RRE-containing,1704.388954,Bacteria,Campylobacterota,Campylobacteria,Campylobacterales,Sulfurimonadaceae,Sulfurimonas,
M38,Aegir_M38_B19,ECPBKFON_90.region001,Other,ectoine,7070.407666,Bacteria,Pseudomonadota,Zetaproteobacteria,Mariprofundales,Mariprofundaceae,AB-137-C09,
M38,Aegir_M38_B19,ECPBKFON_167.region001,RiPP,RRE-containing,4815.202728,Bacteria,Pseudomonadota,Zetaproteobacteria,Mariprofundales,Mariprofundaceae,AB-137-C09,
M38,Aegir_M38_B19,ECPBKFON_70.region001,Polyketide,hglE-KS,2251.725128,Bacteria,Pseudomonadota,Zetaproteobacteria,Mariprofundales,Mariprofundaceae,AB-137-C09,
M38,Aegir_M38_B20,CFBDOOPH_194.region001,RiPP,RRE-containing,1704.000233,Bacteria,Chloroflexota,Anaerolineae,JAAYZQ01,JAAYZQ01,,
M38,Aegir_M38_B21,NIMPLCKH_142.region001,Polyketide,T1PKS,2369.579008,Bacteria,Pseudomonadota,Gammaproteobacteria,Methylococcales,Methylomonadaceae,QPIN01,QPIN01 sp026988195
M38,Aegir_M38_B22,HBKOMCGO_53.region001,Terpene,Terpene generic,1760.990414,Bacteria,Pseudomonadota,Gammaproteobacteria,Nitrosococcales,Methylophagaceae,GCA-002733105,
M38,Aegir_M38_B22,HBKOMCGO_9.region001,Terpene,Terpene generic,432.2327778,Bacteria,Pseudomonadota,Gammaproteobacteria,Nitrosococcales,Methylophagaceae,GCA-002733105,
M38,Aegir_M38_B22,HBKOMCGO_49.region001,Other,hserlactone,208.3241569,Bacteria,Pseudomonadota,Gammaproteobacteria,Nitrosococcales,Methylophagaceae,GCA-002733105,
M38,Aegir_M38_B23,IJJEGNDG_82.region001,Terpene,Terpene generic,115.284158,Bacteria,Calditrichota,Calditrichia,Calditrichales,Calditrichaceae,JANTFQ01,
M38,Aegir_M38_B25,CIGBJIDC_81.region001,Other,arylpolyene,444.344023,Bacteria,Bacteroidota,Bacteroidia,Flavobacteriales,Crocinitomicaceae,UBA4466,
M38,Aegir_M38_B25,CIGBJIDC_133.region001,Terpene,Terpene generic,330.8498816,Bacteria,Bacteroidota,Bacteroidia,Flavobacteriales,Crocinitomicaceae,UBA4466,
M38,Aegir_M38_B25,CIGBJIDC_43.region001,Hybrid,arylpolyene:resorcinol,253.1938934,Bacteria,Bacteroidota,Bacteroidia,Flavobacteriales,Crocinitomicaceae,UBA4466,
M38,Aegir_M38_B26,BHAGBGDA_98.region001,RiPP,redox-cofactor,13358.93897,Bacteria,Pseudomonadota,Gammaproteobacteria,Methylococcales,Methylomonadaceae,Methyloprofundus,
M38,Aegir_M38_B26,BHAGBGDA_6.region001,NRP,NRP generic,4957.094257,Bacteria,Pseudomonadota,Gammaproteobacteria,Methylococcales,Methylomonadaceae,Methyloprofundus,
M38,Aegir_M38_B26,BHAGBGDA_23.region001,Other,arylpolyene,4052.707148,Bacteria,Pseudomonadota,Gammaproteobacteria,Methylococcales,Methylomonadaceae,Methyloprofundus,
M38,Aegir_M38_B26,BHAGBGDA_124.region001,Terpene,Terpene generic,3472.213237,Bacteria,Pseudomonadota,Gammaproteobacteria,Methylococcales,Methylomonadaceae,Methyloprofundus,
M38,Aegir_M38_B26,BHAGBGDA_27.region001,RiPP,RiPP-like,2274.720637,Bacteria,Pseudomonadota,Gammaproteobacteria,Methylococcales,Methylomonadaceae,Methyloprofundus,
M38,Aegir_M38_B28,AKLHHOGF_201.region001,RiPP,RiPP-like,5448.185041,Bacteria,Pseudomonadota,Gammaproteobacteria,SZUA-229,SZUA-229,S010-25,
M38,Aegir_M38_B28,AKLHHOGF_88.region001,NRP,NRPS-like,758.4965636,Bacteria,Pseudomonadota,Gammaproteobacteria,SZUA-229,SZUA-229,S010-25,
M38,Aegir_M38_B28,AKLHHOGF_99.region001,NRP,NRPS-like,305.8957335,Bacteria,Pseudomonadota,Gammaproteobacteria,SZUA-229,SZUA-229,S010-25,
M38,Aegir_M38_B29,COJGKPDN_31.region001,Polyketide,T3PKS,81.90927078,Bacteria,Krumholzibacteriota,Krumholzibacteriia,LZORAL124-64-63,LZORAL124-64-63,JAGRNP01,
M38,Aegir_M38_B29,COJGKPDN_330.region001,RiPP,RRE-containing,49.11309101,Bacteria,Krumholzibacteriota,Krumholzibacteriia,LZORAL124-64-63,LZORAL124-64-63,JAGRNP01,
M38,Aegir_M38_B3,IAPKAHNK_3.region001,RiPP,RiPP-like,181.7146848,Bacteria,Bdellovibrionota,Bacteriovoracia,Bacteriovoracales,Bacteriovoracaceae,,
M38,Aegir_M38_B30,APGDIBME_27.region001,Terpene,Terpene generic,13106.17977,Bacteria,Pseudomonadota,Gammaproteobacteria,Methylococcales,Methylomonadaceae,WTBX01,WTBX01 sp030949405
M38,Aegir_M38_B30,APGDIBME_25.region001,RiPP,ranthipeptide,10505.56763,Bacteria,Pseudomonadota,Gammaproteobacteria,Methylococcales,Methylomonadaceae,WTBX01,WTBX01 sp030949405
M38,Aegir_M38_B30,APGDIBME_12.region001,NRP,NRP generic,10439.78796,Bacteria,Pseudomonadota,Gammaproteobacteria,Methylococcales,Methylomonadaceae,WTBX01,WTBX01 sp030949405
M38,Aegir_M38_B30,APGDIBME_16.region001,Hybrid,NRPS:T1PKS,3066.660614,Bacteria,Pseudomonadota,Gammaproteobacteria,Methylococcales,Methylomonadaceae,WTBX01,WTBX01 sp030949405
M38,Aegir_M38_B30,APGDIBME_32.region001,Terpene,Terpene generic,2655.083207,Bacteria,Pseudomonadota,Gammaproteobacteria,Methylococcales,Methylomonadaceae,WTBX01,WTBX01 sp030949405
M38,Aegir_M38_B31,JEMMGIEH_106.region001,Hybrid,arylpolyene:resorcinol,462.402488,Bacteria,Bacteroidota,Bacteroidia,Flavobacteriales,Flavobacteriaceae,Urechidicola,
M38,Aegir_M38_B31,JEMMGIEH_26.region001,Other,arylpolyene,360.5950514,Bacteria,Bacteroidota,Bacteroidia,Flavobacteriales,Flavobacteriaceae,Urechidicola,
M38,Aegir_M38_B32,EHIJNLMB_171.region001,RiPP,RiPP-like,1011.550729,Bacteria,Pseudomonadota,Alphaproteobacteria,Rhodobacterales,Rhodobacteraceae,UBA3077,
M38,Aegir_M38_B33,BIBOBJMB_42.region001,RiPP,lassopeptide,553.1218546,Bacteria,Desulfobacterota,Desulfobulbia,Desulfobulbales,Desulfobulbaceae,DRLX01,
M38,Aegir_M38_B33,BIBOBJMB_144.region001,RiPP,RRE-containing,256.9989509,Bacteria,Desulfobacterota,Desulfobulbia,Desulfobulbales,Desulfobulbaceae,DRLX01,
M38,Aegir_M38_B33,BIBOBJMB_307.region001,Other,arylpolyene,131.045644,Bacteria,Desulfobacterota,Desulfobulbia,Desulfobulbales,Desulfobulbaceae,DRLX01,
M38,Aegir_M38_B33,BIBOBJMB_92.region001,RiPP,RiPP-like,113.1395179,Bacteria,Desulfobacterota,Desulfobulbia,Desulfobulbales,Desulfobulbaceae,DRLX01,
M38,Aegir_M38_B33,BIBOBJMB_214.region001,RiPP,RiPP-like,110.8119607,Bacteria,Desulfobacterota,Desulfobulbia,Desulfobulbales,Desulfobulbaceae,DRLX01,
M38,Aegir_M38_B33,BIBOBJMB_211.region001,Other,arylpolyene,88.7024621,Bacteria,Desulfobacterota,Desulfobulbia,Desulfobulbales,Desulfobulbaceae,DRLX01,
M38,Aegir_M38_B33,BIBOBJMB_308.region001,RiPP,RRE-containing,63.14361471,Bacteria,Desulfobacterota,Desulfobulbia,Desulfobulbales,Desulfobulbaceae,DRLX01,
M38,Aegir_M38_B35,NPMGFPNF_58.region001,RiPP,RiPP-like,5847.210481,Bacteria,Myxococcota,UBA9042,PWKZ01,PWKZ01,,
M38,Aegir_M38_B35,NPMGFPNF_594.region001,Terpene,Terpene generic,48.12733133,Bacteria,Myxococcota,UBA9042,PWKZ01,PWKZ01,,
M38,Aegir_M38_B36,JNFGIEIN_99.region001,Other,hserlactone,652.3627951,Bacteria,Pseudomonadota,Alphaproteobacteria,Rhodobacterales,Rhodobacteraceae,UBA3077,
M38,Aegir_M38_B36,JNFGIEIN_4.region001,Terpene,Terpene generic,342.6186028,Bacteria,Pseudomonadota,Alphaproteobacteria,Rhodobacterales,Rhodobacteraceae,UBA3077,
M38,Aegir_M38_B36,JNFGIEIN_107.region001,RiPP,RiPP-like,172.465576,Bacteria,Pseudomonadota,Alphaproteobacteria,Rhodobacterales,Rhodobacteraceae,UBA3077,
M38,Aegir_M38_B38,LMPFGBPF_127.region001,Terpene,Terpene generic,1030.956273,Bacteria,Pseudomonadota,Alphaproteobacteria,Rhodobacterales,Rhodobacteraceae,UBA3077,
M38,Aegir_M38_B4,CCEEDJDB_76.region001,RiPP,ranthipeptide,1163.811856,Archaea,Halobacteriota,Syntropharchaeia,Alkanophagales,Methanospirareceae,G60ANME1,G60ANME1 sp025464325
M38,Aegir_M38_B42,APGNHLOD_104.region001,RiPP,ranthipeptide,322.269342,Bacteria,Actinomycetota,Acidimicrobiia,Acidimicrobiales,Aldehydirespiratoraceae,SZUA-87,
M38,Aegir_M38_B42,APGNHLOD_34.region001,Terpene,Terpene generic,177.376702,Bacteria,Actinomycetota,Acidimicrobiia,Acidimicrobiales,Aldehydirespiratoraceae,SZUA-87,
M38,Aegir_M38_B43,NPMKINEH_135.region001,NRP,NRP generic,3639.501991,Bacteria,Pseudomonadota,Zetaproteobacteria,Mariprofundales,Mariprofundaceae,Mariprofundus,
M38,Aegir_M38_B43,NPMKINEH_108.region001,Terpene,Terpene generic,1281.396796,Bacteria,Pseudomonadota,Zetaproteobacteria,Mariprofundales,Mariprofundaceae,Mariprofundus,
M38,Aegir_M38_B43,NPMKINEH_141.region001,Other,arylpolyene,731.0289491,Bacteria,Pseudomonadota,Zetaproteobacteria,Mariprofundales,Mariprofundaceae,Mariprofundus,
M38,Aegir_M38_B43,NPMKINEH_226.region001,NRP,NRP generic,45.23285795,Bacteria,Pseudomonadota,Zetaproteobacteria,Mariprofundales,Mariprofundaceae,Mariprofundus,
M38,Aegir_M38_B44,FIGLHJNH_12.region001,Other,arylpolyene,3345.65484,Bacteria,Campylobacterota,Campylobacteria,Campylobacterales,Sulfurimonadaceae,Sulfurimonas,
M38,Aegir_M38_B44,FIGLHJNH_83.region001,RiPP,RRE-containing,2358.134595,Bacteria,Campylobacterota,Campylobacteria,Campylobacterales,Sulfurimonadaceae,Sulfurimonas,
M38,Aegir_M38_B44,FIGLHJNH_16.region001,RiPP,RiPP-like,1340.592518,Bacteria,Campylobacterota,Campylobacteria,Campylobacterales,Sulfurimonadaceae,Sulfurimonas,
M38,Aegir_M38_B46,GILEGNBK_184.region001,Terpene,Terpene generic,39.68641924,Bacteria,PUNC01,Erginobacteria,Erginobacterales,Erginobacteraceae,CAKZYZ01,
M38,Aegir_M38_B47,IIPPKAGC_14.region001,RiPP,RiPP-like,5487.16925,Bacteria,Campylobacterota,Campylobacteria,Campylobacterales,Sulfurimonadaceae,Sulfurimonas,
M38,Aegir_M38_B49,KHHHKCJG_19.region001,Other,hydrogen-cyanide,174.3363547,Bacteria,Desulfobacterota,DSM-4660,Desulfatiglandales,Desulfatiglandaceae,B111-G9,
M38,Aegir_M38_B49,KHHHKCJG_249.region001,RiPP,RiPP-like,101.382884,Bacteria,Desulfobacterota,DSM-4660,Desulfatiglandales,Desulfatiglandaceae,B111-G9,
M38,Aegir_M38_B49,KHHHKCJG_257.region001,RiPP,RiPP-like,37.91193297,Bacteria,Desulfobacterota,DSM-4660,Desulfatiglandales,Desulfatiglandaceae,B111-G9,
M38,Aegir_M38_B50,ONIMNOCE_75.region001,RiPP,RiPP-like,727.0046649,Bacteria,Pseudomonadota,Gammaproteobacteria,GCA-001735895,GCA-001735895,,
M38,Aegir_M38_B50,ONIMNOCE_16.region001,RiPP,RiPP-like,493.3583843,Bacteria,Pseudomonadota,Gammaproteobacteria,GCA-001735895,GCA-001735895,,
M38,Aegir_M38_B52,GCJABBPA_119.region001,Polyketide,T3PKS,144.8415106,Bacteria,Planctomycetota,UBA1135,UBA1135,UBA1135,GCA-2746235,
M38,Aegir_M38_B52,GCJABBPA_134.region001,Terpene,Terpene generic,129.1899426,Bacteria,Planctomycetota,UBA1135,UBA1135,UBA1135,GCA-2746235,
M38,Aegir_M38_B52,GCJABBPA_57.region001,Hybrid,NRPS-like:T1PKS,92.60329293,Bacteria,Planctomycetota,UBA1135,UBA1135,UBA1135,GCA-2746235,
M38,Aegir_M38_B53,PEHBDAKJ_4.region001,RiPP,RiPP-like,3030.348381,Bacteria,Desulfobacterota,Desulfofervidia,Desulfofervidales,Desulfofervidaceae,Desulfofervidus,
M38,Aegir_M38_B54,IPCMLAMI_199.region001,Terpene,Terpene generic,227.317013,Bacteria,CAIWAD01,CAIWAD01,CAIWAD01,CAIWAD01,JAUIFJ01,
M38,Aegir_M38_B54,IPCMLAMI_124.region001,RiPP,RRE-containing,217.798061,Bacteria,CAIWAD01,CAIWAD01,CAIWAD01,CAIWAD01,JAUIFJ01,
M38,Aegir_M38_B57,ENFPJDJP_706.region001,Terpene,Terpene generic,202.817635,Bacteria,Planctomycetota,Planctomycetia,Pirellulales,Thermoguttaceae,JAZFUB01,
M38,Aegir_M38_B57,ENFPJDJP_123.region001,Terpene,Terpene generic,186.2351676,Bacteria,Planctomycetota,Planctomycetia,Pirellulales,Thermoguttaceae,JAZFUB01,
M38,Aegir_M38_B57,ENFPJDJP_372.region001,Terpene,Terpene generic,102.8825789,Bacteria,Planctomycetota,Planctomycetia,Pirellulales,Thermoguttaceae,JAZFUB01,
M38,Aegir_M38_B57,ENFPJDJP_700.region001,Polyketide,T1PKS,96.48371648,Bacteria,Planctomycetota,Planctomycetia,Pirellulales,Thermoguttaceae,JAZFUB01,
M38,Aegir_M38_B57,ENFPJDJP_571.region001,Other,other,81.39355405,Bacteria,Planctomycetota,Planctomycetia,Pirellulales,Thermoguttaceae,JAZFUB01,
M38,Aegir_M38_B57,ENFPJDJP_715.region001,NRP,NRPS-like,48.67888883,Bacteria,Planctomycetota,Planctomycetia,Pirellulales,Thermoguttaceae,JAZFUB01,
M38,Aegir_M38_B6,LPEMMCJN_63.region001,RiPP,RRE-containing,1371.721636,Bacteria,Bacteroidota,Bacteroidia,Flavobacteriales,Crocinitomicaceae,UBA4466,
M38,Aegir_M38_B61,EHKJGOEI_623.region001,Other,hserlactone,341.2737053,Bacteria,Chloroflexota,Anaerolineae,Anaerolineales,UBA11858,NIOZ-UU35,
M38,Aegir_M38_B64,NAOKMLNH_36.region001,RiPP,RiPP-like,3979.065705,Bacteria,Bdellovibrionota_B,Oligoflexia,Oligoflexales,JAWKNZ01,,
M38,Aegir_M38_B64,NAOKMLNH_135.region001,RiPP,LAP,3595.114619,Bacteria,Bdellovibrionota_B,Oligoflexia,Oligoflexales,JAWKNZ01,,
M38,Aegir_M38_B64,NAOKMLNH_87.region001,Polyketide,T3PKS,1280.775427,Bacteria,Bdellovibrionota_B,Oligoflexia,Oligoflexales,JAWKNZ01,,
M38,Aegir_M38_B64,NAOKMLNH_48.region001,RiPP,RiPP-like,529.192619,Bacteria,Bdellovibrionota_B,Oligoflexia,Oligoflexales,JAWKNZ01,,
M38,Aegir_M38_B66,EMLCJMHO_100.region001,NRP,NRP generic,17533.94452,Bacteria,Desulfobacterota,Desulfobulbia,Desulfobulbales,VMSU01,JAQYVV01,
M38,Aegir_M38_B66,EMLCJMHO_126.region001,Hybrid,arylpolyene:resorcinol,6435.507313,Bacteria,Desulfobacterota,Desulfobulbia,Desulfobulbales,VMSU01,JAQYVV01,
M38,Aegir_M38_B66,EMLCJMHO_94.region001,Other,arylpolyene,5734.380962,Bacteria,Desulfobacterota,Desulfobulbia,Desulfobulbales,VMSU01,JAQYVV01,
M38,Aegir_M38_B66,EMLCJMHO_35.region001,RiPP,thiopeptide,4168.771131,Bacteria,Desulfobacterota,Desulfobulbia,Desulfobulbales,VMSU01,JAQYVV01,
M38,Aegir_M38_B67,ADJEFGIL_184.region001,RiPP,lassopeptide,2094.260911,Bacteria,Desulfobacterota,Desulfobulbia,Desulfobulbales,Desulfocapsaceae,Desulfocapsa,
M38,Aegir_M38_B67,ADJEFGIL_49.region001,NRP,NRPS-like,457.100841,Bacteria,Desulfobacterota,Desulfobulbia,Desulfobulbales,Desulfocapsaceae,Desulfocapsa,
M38,Aegir_M38_B67,ADJEFGIL_21.region001,RiPP,RiPP-like,303.6826824,Bacteria,Desulfobacterota,Desulfobulbia,Desulfobulbales,Desulfocapsaceae,Desulfocapsa,
M38,Aegir_M38_B67,ADJEFGIL_159.region001,Hybrid,arylpolyene:resorcinol,270.3942366,Bacteria,Desulfobacterota,Desulfobulbia,Desulfobulbales,Desulfocapsaceae,Desulfocapsa,
M38,Aegir_M38_B67,ADJEFGIL_44.region001,RiPP,RRE-containing,221.5421414,Bacteria,Desulfobacterota,Desulfobulbia,Desulfobulbales,Desulfocapsaceae,Desulfocapsa,
M38,Aegir_M38_B68,FFDAKDOA_14.region001,Terpene,Terpene generic,100.4495449,Bacteria,Bipolaricaulota,Bipolaricaulia,RBG-16-55-9,JANLFV01,,
M38,Aegir_M38_B7,KJAMEGOG_470.region001,NRP,NRP generic,150.2175747,Bacteria,Pseudomonadota,Gammaproteobacteria,HK1,HK1,JBFHNV01,
M38,Aegir_M38_B7,KJAMEGOG_257.region001,Other,hydrogen-cyanide,30.97194302,Bacteria,Pseudomonadota,Gammaproteobacteria,HK1,HK1,JBFHNV01,
M38,Aegir_M38_B71,CPPEEGKI_295.region001,Terpene,Terpene generic,131.5040482,Bacteria,Verrucomicrobiota,Verrucomicrobiia,Verrucomicrobiales,Akkermansiaceae,JAPKDA01,
M38,Aegir_M38_B71,CPPEEGKI_169.region001,Polyketide,T3PKS,52.09624803,Bacteria,Verrucomicrobiota,Verrucomicrobiia,Verrucomicrobiales,Akkermansiaceae,JAPKDA01,
M38,Aegir_M38_B72,JLHIKFCN_50.region001,Terpene,Terpene generic,33636.13204,Bacteria,Pseudomonadota,Gammaproteobacteria,Methylococcales,Methylomonadaceae,WTBX01,
M38,Aegir_M38_B72,JLHIKFCN_96.region001,Other,arylpolyene,31078.99167,Bacteria,Pseudomonadota,Gammaproteobacteria,Methylococcales,Methylomonadaceae,WTBX01,
M38,Aegir_M38_B72,JLHIKFCN_28.region001,Other,hydrogen-cyanide,31073.06207,Bacteria,Pseudomonadota,Gammaproteobacteria,Methylococcales,Methylomonadaceae,WTBX01,
M38,Aegir_M38_B72,JLHIKFCN_72.region001,RiPP,ranthipeptide,25614.1352,Bacteria,Pseudomonadota,Gammaproteobacteria,Methylococcales,Methylomonadaceae,WTBX01,
M38,Aegir_M38_B73,GACEDKPE_18.region001,RiPP,ranthipeptide,5384.327191,Bacteria,Pseudomonadota,Gammaproteobacteria,Methylococcales,Methylomonadaceae,WTBX01,
M38,Aegir_M38_B73,GACEDKPE_85.region001,Polyketide,T1PKS,3127.039263,Bacteria,Pseudomonadota,Gammaproteobacteria,Methylococcales,Methylomonadaceae,WTBX01,
M38,Aegir_M38_B73,GACEDKPE_70.region001,Other,arylpolyene,3106.354975,Bacteria,Pseudomonadota,Gammaproteobacteria,Methylococcales,Methylomonadaceae,WTBX01,
M38,Aegir_M38_B73,GACEDKPE_108.region001,NRP,CDPS,2110.291711,Bacteria,Pseudomonadota,Gammaproteobacteria,Methylococcales,Methylomonadaceae,WTBX01,
M38,Aegir_M38_B73,GACEDKPE_74.region001,RiPP,RiPP-like,1373.619292,Bacteria,Pseudomonadota,Gammaproteobacteria,Methylococcales,Methylomonadaceae,WTBX01,
M38,Aegir_M38_B73,GACEDKPE_81.region001,Terpene,Terpene generic,446.1332512,Bacteria,Pseudomonadota,Gammaproteobacteria,Methylococcales,Methylomonadaceae,WTBX01,
M38,Aegir_M38_B74,CNCNCCNP_209.region001,RiPP,RiPP-like,1049.86548,Bacteria,Pseudomonadota,Gammaproteobacteria,SZUA-229,SZUA-229,GCA-2746365,
M38,Aegir_M38_B75,IBOODKDA_98.region001,RiPP,ranthipeptide,1061.372346,Bacteria,Pseudomonadota,Zetaproteobacteria,Mariprofundales,Mariprofundaceae,GCA-2401635,
M38,Aegir_M38_B76,BPOLMMFO_66.region001,Polyketide,hglE-KS,818.4274099,Bacteria,Myxococcota,Bradymonadia,UBA7976,UBA1532,,
M38,Aegir_M38_B76,BPOLMMFO_207.region001,RiPP,ranthipeptide,728.4810712,Bacteria,Myxococcota,Bradymonadia,UBA7976,UBA1532,,
M38,Aegir_M38_B76,BPOLMMFO_82.region001,NRP,NRPS-like,341.3835564,Bacteria,Myxococcota,Bradymonadia,UBA7976,UBA1532,,
M38,Aegir_M38_B76,BPOLMMFO_63.region001,RiPP,RRE-containing,271.4879364,Bacteria,Myxococcota,Bradymonadia,UBA7976,UBA1532,,
M38,Aegir_M38_B77,IEOKNLIK_35.region001,RiPP,RiPP-like,10762.92517,Bacteria,Campylobacterota,Campylobacteria,Campylobacterales,Sulfurimonadaceae,Sulfurimonas,
M38,Aegir_M38_B77,IEOKNLIK_64.region001,Hybrid,arylpolyene:resorcinol,9724.046025,Bacteria,Campylobacterota,Campylobacteria,Campylobacterales,Sulfurimonadaceae,Sulfurimonas,
M38,Aegir_M38_B79,CGJFFKOE_1.region001,RiPP,thiopeptide,1285.495197,Bacteria,Desulfobacterota,Thermodesulfobacteria,Thermodesulfobacteriales,Thermodesulfobacteriaceae,Thermodesulfobacterium,
M38,Aegir_M38_B8,EBIDJMJL_52.region001,Other,arylpolyene,34.55725859,Bacteria,Bacteroidota,Bacteroidia,Flavobacteriales,Flavobacteriaceae,Lutimonas,
M38,Aegir_M38_B80,MIKMEDDN_29.region001,Terpene,Terpene generic,798.6242297,Bacteria,Pseudomonadota,Gammaproteobacteria,Nitrosococcales,Methylophagaceae,GCA-002733105,
M38,Aegir_M38_B81,FPKJGNPI_207.region001,RiPP,RiPP-like,457.4317738,Bacteria,Desulfobacterota,Desulfobulbia,Desulfobulbales,BM004,,
M38,Aegir_M38_B81,FPKJGNPI_532.region001,RiPP,RRE-containing,202.7484848,Bacteria,Desulfobacterota,Desulfobulbia,Desulfobulbales,BM004,,
M38,Aegir_M38_B82,ODMODOJI_63.region001,RiPP,RRE-containing,1916.672411,Bacteria,Pseudomonadota,Zetaproteobacteria,Mariprofundales,Mariprofundaceae,GCA-2401635,GCA-2401635 sp030950865
M38,Aegir_M38_B82,ODMODOJI_34.region001,Terpene,Terpene generic,1736.886031,Bacteria,Pseudomonadota,Zetaproteobacteria,Mariprofundales,Mariprofundaceae,GCA-2401635,GCA-2401635 sp030950865
M38,Aegir_M38_B83,BIPNPGMJ_368.region001,RiPP,RRE-containing,161.3535857,Bacteria,Myxococcota,Bradymonadia,UBA7976,UBA1532,,
M38,Aegir_M38_B83,BIPNPGMJ_698.region001,NRP,NRPS-like,49.85423423,Bacteria,Myxococcota,Bradymonadia,UBA7976,UBA1532,,
M38,Aegir_M38_B84,LMKJOADE_40.region001,RiPP,RiPP-like,41207.87301,Bacteria,Pseudomonadota,Gammaproteobacteria,JAUZRS01,JAUZRS01,JAUZRS01,JAUZRS01 sp030949385
M38,Aegir_M38_B84,LMKJOADE_26.region001,Terpene,Terpene generic,40410.82733,Bacteria,Pseudomonadota,Gammaproteobacteria,JAUZRS01,JAUZRS01,JAUZRS01,JAUZRS01 sp030949385
M38,Aegir_M38_B85,ACLCOCJL_4.region001,RiPP,RiPP-like,1480.040319,Bacteria,Pseudomonadota,Gammaproteobacteria,Enterobacterales,Alteromonadaceae,GCA-2401725,GCA-2401725 sp002401725
M38,Aegir_M38_B85,ACLCOCJL_32.region001,Other,hserlactone,1033.980227,Bacteria,Pseudomonadota,Gammaproteobacteria,Enterobacterales,Alteromonadaceae,GCA-2401725,GCA-2401725 sp002401725
M38,Aegir_M38_B85,ACLCOCJL_87.region001,RiPP,RiPP-like,359.0949915,Bacteria,Pseudomonadota,Gammaproteobacteria,Enterobacterales,Alteromonadaceae,GCA-2401725,GCA-2401725 sp002401725
M38,Aegir_M38_B86,CHPEPIBD_118.region001,RiPP,RRE-containing,206.0027619,Bacteria,Campylobacterota,Campylobacteria,Campylobacterales,Sulfurovaceae,Sulfurovum,
M38,Aegir_M38_B87,ICAEBNNE_5.region001,RiPP,thiopeptide,614.2041657,Bacteria,UBP6,UBA1177,JAFGXH01,JAFGXH01,JAMOQH01,
M38,Aegir_M38_B87,ICAEBNNE_73.region001,RiPP,RRE-containing,382.3266453,Bacteria,UBP6,UBA1177,JAFGXH01,JAFGXH01,JAMOQH01,
M38,Aegir_M38_B87,ICAEBNNE_140.region001,RiPP,RRE-containing,177.0176541,Bacteria,UBP6,UBA1177,JAFGXH01,JAFGXH01,JAMOQH01,
M38,Aegir_M38_B88,MOJNHEPC_85.region001,RiPP,RiPP-like,20.26517536,Bacteria,Pseudomonadota,Gammaproteobacteria,Pseudomonadales,Pseudomonadaceae,Pseudomonas_E,Pseudomonas_E sp002874965
M38,Aegir_M38_B88,MOJNHEPC_365.region001,Terpene,Terpene generic,14.13504411,Bacteria,Pseudomonadota,Gammaproteobacteria,Pseudomonadales,Pseudomonadaceae,Pseudomonas_E,Pseudomonas_E sp002874965
M38,Aegir_M38_B88,MOJNHEPC_107.region001,Other,arylpolyene,4.019611369,Bacteria,Pseudomonadota,Gammaproteobacteria,Pseudomonadales,Pseudomonadaceae,Pseudomonas_E,Pseudomonas_E sp002874965
M38,Aegir_M38_B89,KDNKGBAB_28.region001,Hybrid,arylpolyene:resorcinol,668.8131656,Bacteria,Bacteroidota,Bacteroidia,Flavobacteriales,Crocinitomicaceae,UBA4466,
M38,Aegir_M38_B9,KPMAJJBN_117.region001,RiPP,RRE-containing,853.2880987,Bacteria,Bacteroidota,Bacteroidia,Flavobacteriales,Vicingaceae,GCA-002793235,
M38,Aegir_M38_B9,KPMAJJBN_164.region001,Other,arylpolyene,497.0237512,Bacteria,Bacteroidota,Bacteroidia,Flavobacteriales,Vicingaceae,GCA-002793235,
M38,Aegir_M38_B9,KPMAJJBN_153.region001,RiPP,RiPP-like,442.0559158,Bacteria,Bacteroidota,Bacteroidia,Flavobacteriales,Vicingaceae,GCA-002793235,
M38,Aegir_M38_B9,KPMAJJBN_198.region001,Other,arylpolyene,171.5589099,Bacteria,Bacteroidota,Bacteroidia,Flavobacteriales,Vicingaceae,GCA-002793235,
M38,Aegir_M38_B91,KMNIKALC_28.region001,Terpene,Terpene generic,34504.18507,Bacteria,Pseudomonadota,Zetaproteobacteria,Mariprofundales,Mariprofundaceae,GCA-2401635,
M38,Aegir_M38_B91,KMNIKALC_90.region001,RiPP,ranthipeptide,16082.83703,Bacteria,Pseudomonadota,Zetaproteobacteria,Mariprofundales,Mariprofundaceae,GCA-2401635,
M38,Aegir_M38_B91,KMNIKALC_87.region001,RiPP,RRE-containing,13798.3287,Bacteria,Pseudomonadota,Zetaproteobacteria,Mariprofundales,Mariprofundaceae,GCA-2401635,
M38,Aegir_M38_B91,KMNIKALC_139.region001,Other,arylpolyene,6079.023383,Bacteria,Pseudomonadota,Zetaproteobacteria,Mariprofundales,Mariprofundaceae,GCA-2401635,
M38,Aegir_M38_B92,HJJGMEJB_7.region001,RiPP,RiPP-like,8656.685677,Bacteria,Campylobacterota,Campylobacteria,Campylobacterales,Sulfurimonadaceae,Sulfurimonas,
M38,Aegir_M38_B92,HJJGMEJB_51.region001,RiPP,RRE-containing,4386.240553,Bacteria,Campylobacterota,Campylobacteria,Campylobacterales,Sulfurimonadaceae,Sulfurimonas,
M38,Aegir_M38_B92,HJJGMEJB_43.region001,Hybrid,arylpolyene:resorcinol,2946.162736,Bacteria,Campylobacterota,Campylobacteria,Campylobacterales,Sulfurimonadaceae,Sulfurimonas,
M38,Aegir_M38_B93,EKBDCPHF_29.region001,Other,hserlactone,644.0375154,Bacteria,Pseudomonadota,Alphaproteobacteria,Rhodobacterales,Rhodobacteraceae,UBA3077,
M38,Aegir_M38_B93,EKBDCPHF_69.region001,Terpene,Terpene generic,272.8471672,Bacteria,Pseudomonadota,Alphaproteobacteria,Rhodobacterales,Rhodobacteraceae,UBA3077,
M38,Aegir_M38_B93,EKBDCPHF_159.region001,RiPP,RiPP-like,240.7257195,Bacteria,Pseudomonadota,Alphaproteobacteria,Rhodobacterales,Rhodobacteraceae,UBA3077,
M38,Aegir_M38_B94,JGNNONIO_49.region001,Other,arylpolyene,363.6930223,Bacteria,Pseudomonadota,Alphaproteobacteria,Caedimonadales,UBA9215,UBA9215,
M38,Aegir_M38_B94,JGNNONIO_152.region001,RiPP,RiPP-like,324.8224434,Bacteria,Pseudomonadota,Alphaproteobacteria,Caedimonadales,UBA9215,UBA9215,
M38,Aegir_M38_B95,NLOGALHF_247.region001,RiPP,thiopeptide,201.3412243,Bacteria,Desulfobacterota,Desulfobulbia,Desulfobulbales,JAGXFP01,,
M38,Aegir_M38_B95,NLOGALHF_173.region001,NRP,NRPS-like,196.4307331,Bacteria,Desulfobacterota,Desulfobulbia,Desulfobulbales,JAGXFP01,,
M38,Aegir_M38_B95,NLOGALHF_95.region001,Other,arylpolyene,157.4010868,Bacteria,Desulfobacterota,Desulfobulbia,Desulfobulbales,JAGXFP01,,
M38,Aegir_M38_B95,NLOGALHF_99.region001,Other,resorcinol,131.5913489,Bacteria,Desulfobacterota,Desulfobulbia,Desulfobulbales,JAGXFP01,,
M38,Aegir_M38_B95,NLOGALHF_228.region001,Other,arylpolyene,108.8724471,Bacteria,Desulfobacterota,Desulfobulbia,Desulfobulbales,JAGXFP01,,
M38,Aegir_M38_B95,NLOGALHF_283.region001,RiPP,RiPP-like,85.5217602,Bacteria,Desulfobacterota,Desulfobulbia,Desulfobulbales,JAGXFP01,,
M38,Aegir_M38_B95,NLOGALHF_181.region001,Other,arylpolyene,36.54057428,Bacteria,Desulfobacterota,Desulfobulbia,Desulfobulbales,JAGXFP01,,
M38,Aegir_M38_B97,JJGJHDOE_110.region001,RiPP,RiPP-like,1459.663265,Bacteria,Pseudomonadota,Gammaproteobacteria,Arenicellales,Poriferihabitantaceae,JAAELZ01,
M38,Aegir_M38_B97,JJGJHDOE_8.region001,RiPP,sactipeptide,761.9955227,Bacteria,Pseudomonadota,Gammaproteobacteria,Arenicellales,Poriferihabitantaceae,JAAELZ01,
M38,Aegir_M38_B97,JJGJHDOE_6.region001,RiPP,RRE-containing,674.252405,Bacteria,Pseudomonadota,Gammaproteobacteria,Arenicellales,Poriferihabitantaceae,JAAELZ01,
M38,Aegir_M38_B97,JJGJHDOE_5.region001,RiPP,thioamitides,587.166684,Bacteria,Pseudomonadota,Gammaproteobacteria,Arenicellales,Poriferihabitantaceae,JAAELZ01,
M38,Aegir_M38_B97,JJGJHDOE_82.region001,RiPP,RRE-containing,528.5147489,Bacteria,Pseudomonadota,Gammaproteobacteria,Arenicellales,Poriferihabitantaceae,JAAELZ01,
M38,Aegir_M38_B98,BFAFEAIL_8.region001,RiPP,RRE-containing,732.1846914,Bacteria,Pseudomonadota,Gammaproteobacteria,Xanthomonadales,Marinicellaceae,NORP309,
M38,Aegir_M38_B99,IBPAHCCO_37.region001,Terpene,Terpene generic,969.8938314,Bacteria,Pseudomonadota,Gammaproteobacteria,Nitrosococcales,Methylophagaceae,GCA-002733105,
M39,Aegir_M39_B10,FFHPKHEG_259.region001,RiPP,RRE-containing,74.4886662,Bacteria,Bacteroidota,Bacteroidia,Bacteroidales,VadinHA17,DRPN01,
M39,Aegir_M39_B100,HPDNPIEA_257.region001,Other,arylpolyene,916.3501874,Bacteria,Myxococcota,B64-G9,B64-G9,B64-G9,JALVPF01,
M39,Aegir_M39_B100,HPDNPIEA_4.region001,RiPP,RRE-containing,882.4143398,Bacteria,Myxococcota,B64-G9,B64-G9,B64-G9,JALVPF01,
M39,Aegir_M39_B100,HPDNPIEA_107.region001,Terpene,Terpene generic,209.6330283,Bacteria,Myxococcota,B64-G9,B64-G9,B64-G9,JALVPF01,
M39,Aegir_M39_B100,HPDNPIEA_170.region001,Terpene,Terpene generic,147.5937785,Bacteria,Myxococcota,B64-G9,B64-G9,B64-G9,JALVPF01,
M39,Aegir_M39_B100,HPDNPIEA_695.region001,Other,arylpolyene,44.91529357,Bacteria,Myxococcota,B64-G9,B64-G9,B64-G9,JALVPF01,
M39,Aegir_M39_B100,HPDNPIEA_481.region001,Other,arylpolyene,32.40890004,Bacteria,Myxococcota,B64-G9,B64-G9,B64-G9,JALVPF01,
M39,Aegir_M39_B101,OOLOLMOA_27.region001,RiPP,sactipeptide,479.1612075,Archaea,Halobacteriota,Archaeoglobi,Archaeoglobales,Archaeoglobaceae,B5-G16,
M39,Aegir_M39_B103,COHBNLED_189.region001,RiPP,RRE-containing,41.42281467,Bacteria,Bacteroidota,Bacteroidia,Flavobacteriales,Flavobacteriaceae,Lutimonas,
M39,Aegir_M39_B104,BDNAFLFJ_54.region001,Other,hserlactone,193.5425271,Bacteria,Pseudomonadota,Alphaproteobacteria,Micavibrionales,CSBR16-224,JAJFGX01,
M39,Aegir_M39_B104,BDNAFLFJ_79.region001,RiPP,RiPP-like,152.8640153,Bacteria,Pseudomonadota,Alphaproteobacteria,Micavibrionales,CSBR16-224,JAJFGX01,
M39,Aegir_M39_B107,FJEEDFAB_82.region001,RiPP,RRE-containing,76.1448799,Archaea,Thermoplasmatota,E2,DHVEG-1,B18-G2,,
M39,Aegir_M39_B108,ELMMPHKD_253.region001,Other,hserlactone,639.5035819,Bacteria,Pseudomonadota,Alphaproteobacteria,Rhodobacterales,Rhodobacteraceae,UBA3077,
M39,Aegir_M39_B108,ELMMPHKD_43.region001,RiPP,RiPP-like,347.3180312,Bacteria,Pseudomonadota,Alphaproteobacteria,Rhodobacterales,Rhodobacteraceae,UBA3077,
M39,Aegir_M39_B109,ICBCKKKK_35.region001,Other,betalactone,1144.716959,Bacteria,Bacteroidota,Bacteroidia,Bacteroidales,JAADJA01,JAADJA01,
M39,Aegir_M39_B109,ICBCKKKK_30.region001,Other,hydrogen-cyanide,1062.859562,Bacteria,Bacteroidota,Bacteroidia,Bacteroidales,JAADJA01,JAADJA01,
M39,Aegir_M39_B109,ICBCKKKK_16.region001,RiPP,RRE-containing,921.7832588,Bacteria,Bacteroidota,Bacteroidia,Bacteroidales,JAADJA01,JAADJA01,
M39,Aegir_M39_B11,KAPCIHNN_34.region001,RiPP,RRE-containing,148.9995911,Bacteria,Zixibacteria,MSB-5A5,GN15,40940,JAJRZL01,
M39,Aegir_M39_B11,KAPCIHNN_38.region001,Terpene,Terpene generic,142.5005199,Bacteria,Zixibacteria,MSB-5A5,GN15,40940,JAJRZL01,
M39,Aegir_M39_B110,BFEMGKGJ_12.region001,NRP,NRPS-like,458.6699247,Bacteria,Myxococcota,Polyangia,Haliangiales,Haliangiaceae,NORP324,
M39,Aegir_M39_B110,BFEMGKGJ_41.region001,RiPP,ranthipeptide,313.1338594,Bacteria,Myxococcota,Polyangia,Haliangiales,Haliangiaceae,NORP324,
M39,Aegir_M39_B110,BFEMGKGJ_46.region001,RiPP,RRE-containing,229.4233783,Bacteria,Myxococcota,Polyangia,Haliangiales,Haliangiaceae,NORP324,
M39,Aegir_M39_B110,BFEMGKGJ_104.region001,Terpene,Terpene generic,179.7286309,Bacteria,Myxococcota,Polyangia,Haliangiales,Haliangiaceae,NORP324,
M39,Aegir_M39_B110,BFEMGKGJ_125.region001,Other,arylpolyene,125.1145885,Bacteria,Myxococcota,Polyangia,Haliangiales,Haliangiaceae,NORP324,
M39,Aegir_M39_B111,EOABJBEP_289.region001,Other,resorcinol,884.3846697,Bacteria,Pseudomonadota,Gammaproteobacteria,CAJXQU01,CAJXQU01,CAJXQU01,CAJXQU01 sp026984275
M39,Aegir_M39_B112,ICNECMED_87.region001,NRP,NRP generic,337.5039227,Bacteria,Calditrichota,Calditrichia,Calditrichales,Calditrichaceae,JANTFQ01,
M39,Aegir_M39_B112,ICNECMED_130.region001,NRP,NRP generic,213.6435296,Bacteria,Calditrichota,Calditrichia,Calditrichales,Calditrichaceae,JANTFQ01,
M39,Aegir_M39_B112,ICNECMED_48.region001,Hybrid,NRPS:T1PKS,173.8160523,Bacteria,Calditrichota,Calditrichia,Calditrichales,Calditrichaceae,JANTFQ01,
M39,Aegir_M39_B117,IAKFMJEM_44.region001,Other,betalactone,2016.678077,Bacteria,Pseudomonadota,Alphaproteobacteria,Rhodobacterales,Rhodobacteraceae,Roseovarius,
M39,Aegir_M39_B117,IAKFMJEM_253.region001,Other,hserlactone,1675.78281,Bacteria,Pseudomonadota,Alphaproteobacteria,Rhodobacterales,Rhodobacteraceae,Roseovarius,
M39,Aegir_M39_B117,IAKFMJEM_197.region001,Other,hserlactone,1631.284772,Bacteria,Pseudomonadota,Alphaproteobacteria,Rhodobacterales,Rhodobacteraceae,Roseovarius,
M39,Aegir_M39_B117,IAKFMJEM_125.region001,Other,hserlactone,1425.714902,Bacteria,Pseudomonadota,Alphaproteobacteria,Rhodobacterales,Rhodobacteraceae,Roseovarius,
M39,Aegir_M39_B120,EEAGJODL_184.region001,NRP,NRPS-like,3311.952131,Bacteria,Myxococcota,Bradymonadia,Bradymonadales,Bradymonadaceae,JAUIBR01,
M39,Aegir_M39_B120,EEAGJODL_366.region001,RiPP,RiPP-like,1220.908776,Bacteria,Myxococcota,Bradymonadia,Bradymonadales,Bradymonadaceae,JAUIBR01,
M39,Aegir_M39_B120,EEAGJODL_216.region001,Polyketide,hglE-KS,650.376639,Bacteria,Myxococcota,Bradymonadia,Bradymonadales,Bradymonadaceae,JAUIBR01,
M39,Aegir_M39_B120,EEAGJODL_140.region001,Terpene,Terpene generic,533.5532381,Bacteria,Myxococcota,Bradymonadia,Bradymonadales,Bradymonadaceae,JAUIBR01,
M39,Aegir_M39_B120,EEAGJODL_240.region001,Polyketide,T1PKS,434.0509458,Bacteria,Myxococcota,Bradymonadia,Bradymonadales,Bradymonadaceae,JAUIBR01,
M39,Aegir_M39_B120,EEAGJODL_210.region001,NRP,NRPS-like,398.1144061,Bacteria,Myxococcota,Bradymonadia,Bradymonadales,Bradymonadaceae,JAUIBR01,
M39,Aegir_M39_B120,EEAGJODL_89.region001,Terpene,Terpene generic,174.731159,Bacteria,Myxococcota,Bradymonadia,Bradymonadales,Bradymonadaceae,JAUIBR01,
M39,Aegir_M39_B120,EEAGJODL_247.region001,RiPP,lassopeptide,118.8905893,Bacteria,Myxococcota,Bradymonadia,Bradymonadales,Bradymonadaceae,JAUIBR01,
M39,Aegir_M39_B121,JGGEIKLM_42.region001,RiPP,RRE-containing,1160.272557,Bacteria,Bacteroidota,Bacteroidia,Flavobacteriales,Flavobacteriaceae,GCA-002733185,
M39,Aegir_M39_B122,FJKJBIGP_155.region001,RiPP,RRE-containing,279.9992759,Bacteria,Pseudomonadota,Gammaproteobacteria,Arenicellales,Poriferihabitantaceae,JAAELZ01,
M39,Aegir_M39_B122,FJKJBIGP_58.region001,RiPP,RRE-containing,76.33459733,Bacteria,Pseudomonadota,Gammaproteobacteria,Arenicellales,Poriferihabitantaceae,JAAELZ01,
M39,Aegir_M39_B123,GAPCFIGP_110.region001,Other,hydrogen-cyanide,420.4571414,Bacteria,Desulfobacterota,DSM-4660,Desulfatiglandales,Desulfatiglandaceae,B46-G9,
M39,Aegir_M39_B123,GAPCFIGP_13.region001,Other,hydrogen-cyanide,351.6322802,Bacteria,Desulfobacterota,DSM-4660,Desulfatiglandales,Desulfatiglandaceae,B46-G9,
M39,Aegir_M39_B123,GAPCFIGP_133.region001,RiPP,RiPP-like,113.3758826,Bacteria,Desulfobacterota,DSM-4660,Desulfatiglandales,Desulfatiglandaceae,B46-G9,
M39,Aegir_M39_B123,GAPCFIGP_23.region001,RiPP,RiPP-like,93.3339195,Bacteria,Desulfobacterota,DSM-4660,Desulfatiglandales,Desulfatiglandaceae,B46-G9,
M39,Aegir_M39_B123,GAPCFIGP_126.region001,RiPP,RiPP-like,75.64196893,Bacteria,Desulfobacterota,DSM-4660,Desulfatiglandales,Desulfatiglandaceae,B46-G9,
M39,Aegir_M39_B123,GAPCFIGP_97.region001,Terpene,Terpene generic,62.20564638,Bacteria,Desulfobacterota,DSM-4660,Desulfatiglandales,Desulfatiglandaceae,B46-G9,
M39,Aegir_M39_B128,EBJAGHMO_62.region001,Other,betalactone,559.3602822,Bacteria,Pseudomonadota,Alphaproteobacteria,Rhodobacterales,Rhodobacteraceae,JAJRUE01,
M39,Aegir_M39_B128,EBJAGHMO_9.region001,Other,hserlactone,375.7046281,Bacteria,Pseudomonadota,Alphaproteobacteria,Rhodobacterales,Rhodobacteraceae,JAJRUE01,
M39,Aegir_M39_B128,EBJAGHMO_92.region001,Other,hserlactone,360.2311591,Bacteria,Pseudomonadota,Alphaproteobacteria,Rhodobacterales,Rhodobacteraceae,JAJRUE01,
M39,Aegir_M39_B128,EBJAGHMO_93.region001,Other,hserlactone,301.395844,Bacteria,Pseudomonadota,Alphaproteobacteria,Rhodobacterales,Rhodobacteraceae,JAJRUE01,
M39,Aegir_M39_B128,EBJAGHMO_34.region001,Terpene,Terpene generic,229.5225809,Bacteria,Pseudomonadota,Alphaproteobacteria,Rhodobacterales,Rhodobacteraceae,JAJRUE01,
M39,Aegir_M39_B129,OLACNJPO_243.region001,Hybrid,lassopeptide:RRE-containing,137.7970207,Bacteria,Pseudomonadota,Gammaproteobacteria,Chromatiales,Sedimenticolaceae,Thiolapillus,
M39,Aegir_M39_B130,JFCMDGKC_252.region001,Polyketide,hglE-KS,236.6807317,Bacteria,Desulfobacterota,Desulfuromonadia,Desulfuromonadales,Geopsychrobacteraceae,Desulfuromusa,
M39,Aegir_M39_B130,JFCMDGKC_107.region001,Other,arylpolyene,64.52527543,Bacteria,Desulfobacterota,Desulfuromonadia,Desulfuromonadales,Geopsychrobacteraceae,Desulfuromusa,
M39,Aegir_M39_B130,JFCMDGKC_195.region001,Other,arylpolyene,24.03862224,Bacteria,Desulfobacterota,Desulfuromonadia,Desulfuromonadales,Geopsychrobacteraceae,Desulfuromusa,
M39,Aegir_M39_B131,GCPFHCHN_440.region001,Polyketide,HR-T2PKS,61.06697671,Bacteria,Armatimonadota,Zipacnadia,Zipacnadales,FEN-943,JAKORR01,
M39,Aegir_M39_B134,LCJGCDAJ_109.region001,RiPP,RiPP-like,278.4071086,Bacteria,Pseudomonadota,Gammaproteobacteria,Methylococcales,Methylothermaceae,Methylohalobius,
M39,Aegir_M39_B134,LCJGCDAJ_79.region001,Terpene,Terpene generic,52.94124665,Bacteria,Pseudomonadota,Gammaproteobacteria,Methylococcales,Methylothermaceae,Methylohalobius,
M39,Aegir_M39_B135,HPJDLMAJ_252.region001,Polyketide,hglE-KS,102.0313345,Bacteria,Desulfobacterota,Syntrophobacteria,Syntrophobacterales,DSM-9756,,
M39,Aegir_M39_B135,HPJDLMAJ_448.region001,RiPP,thiopeptide,77.75861701,Bacteria,Desulfobacterota,Syntrophobacteria,Syntrophobacterales,DSM-9756,,
M39,Aegir_M39_B136,IGJLCKIK_46.region001,Other,betalactone,998.9577097,Bacteria,Bacteroidota,Bacteroidia,Bacteroidales,F082,UBA4459,
M39,Aegir_M39_B136,IGJLCKIK_4.region001,RiPP,RRE-containing,979.5189507,Bacteria,Bacteroidota,Bacteroidia,Bacteroidales,F082,UBA4459,
M39,Aegir_M39_B136,IGJLCKIK_8.region001,Hybrid,arylpolyene:resorcinol,787.0068426,Bacteria,Bacteroidota,Bacteroidia,Bacteroidales,F082,UBA4459,
M39,Aegir_M39_B136,IGJLCKIK_38.region001,Hybrid,arylpolyene:resorcinol,718.0472563,Bacteria,Bacteroidota,Bacteroidia,Bacteroidales,F082,UBA4459,
M39,Aegir_M39_B136,IGJLCKIK_8.region002,RiPP,RiPP-like,541.4640927,Bacteria,Bacteroidota,Bacteroidia,Bacteroidales,F082,UBA4459,
M39,Aegir_M39_B138,DACILNEH_30.region001,RiPP,RiPP-like,413.5324846,Bacteria,Pseudomonadota,Gammaproteobacteria,J113,J113,J113,
M39,Aegir_M39_B138,DACILNEH_70.region001,RiPP,redox-cofactor,368.9711634,Bacteria,Pseudomonadota,Gammaproteobacteria,J113,J113,J113,
M39,Aegir_M39_B138,DACILNEH_24.region001,RiPP,RiPP-like,285.5825496,Bacteria,Pseudomonadota,Gammaproteobacteria,J113,J113,J113,
M39,Aegir_M39_B138,DACILNEH_13.region001,Terpene,Terpene generic,180.4413558,Bacteria,Pseudomonadota,Gammaproteobacteria,J113,J113,J113,
M39,Aegir_M39_B138,DACILNEH_54.region001,Other,phosphonate,73.96931191,Bacteria,Pseudomonadota,Gammaproteobacteria,J113,J113,J113,
M39,Aegir_M39_B139,KPGNBPHH_28.region001,Terpene,Terpene generic,193.0928323,Bacteria,Zixibacteria,MSB-5A5,GN15,40940,JAJRZL01,
M39,Aegir_M39_B140,MHDDIMKH_122.region001,Other,arylpolyene,1102.199815,Bacteria,Pseudomonadota,Gammaproteobacteria,Methylococcales,Methylomonadaceae,Methyloprofundus,
M39,Aegir_M39_B140,MHDDIMKH_109.region001,NRP,NRP generic,1057.634381,Bacteria,Pseudomonadota,Gammaproteobacteria,Methylococcales,Methylomonadaceae,Methyloprofundus,
M39,Aegir_M39_B140,MHDDIMKH_115.region001,Terpene,Terpene generic,87.80627348,Bacteria,Pseudomonadota,Gammaproteobacteria,Methylococcales,Methylomonadaceae,Methyloprofundus,
M39,Aegir_M39_B141,FDIMNBAG_415.region001,Terpene,Terpene generic,223.971222,Bacteria,Desulfobacterota,DSWW01,DSWW01,DSWW01,,
M39,Aegir_M39_B141,FDIMNBAG_121.region001,Hybrid,hglE-KS:T1PKS,125.8007838,Bacteria,Desulfobacterota,DSWW01,DSWW01,DSWW01,,
M39,Aegir_M39_B141,FDIMNBAG_21.region001,Hybrid,hglE-KS:T1PKS,81.23609182,Bacteria,Desulfobacterota,DSWW01,DSWW01,DSWW01,,
M39,Aegir_M39_B141,FDIMNBAG_232.region001,Polyketide,T1PKS,14.1804491,Bacteria,Desulfobacterota,DSWW01,DSWW01,DSWW01,,
M39,Aegir_M39_B142,GEPOGDIE_170.region001,RiPP,ranthipeptide,118.1930979,Bacteria,Fermentibacterota,Fermentibacteria,Fermentibacterales,Fermentibacteraceae,Sabulitectum,
M39,Aegir_M39_B143,NFGOFIFO_351.region001,NRP,NRP generic,103.1073473,Bacteria,Calditrichota,Calditrichia,Calditrichales,Calditrichaceae,,
M39,Aegir_M39_B143,NFGOFIFO_498.region001,NRP,NRP generic,57.27889855,Bacteria,Calditrichota,Calditrichia,Calditrichales,Calditrichaceae,,
M39,Aegir_M39_B143,NFGOFIFO_179.region001,NRP,NRP generic,45.37511435,Bacteria,Calditrichota,Calditrichia,Calditrichales,Calditrichaceae,,
M39,Aegir_M39_B143,NFGOFIFO_301.region001,NRP,NRP generic,41.8451772,Bacteria,Calditrichota,Calditrichia,Calditrichales,Calditrichaceae,,
M39,Aegir_M39_B143,NFGOFIFO_207.region001,NRP,NRP generic,41.02407599,Bacteria,Calditrichota,Calditrichia,Calditrichales,Calditrichaceae,,
M39,Aegir_M39_B143,NFGOFIFO_135.region001,NRP,NRP generic,36.83711078,Bacteria,Calditrichota,Calditrichia,Calditrichales,Calditrichaceae,,
M39,Aegir_M39_B143,NFGOFIFO_511.region001,NRP,NRPS-like,36.41940156,Bacteria,Calditrichota,Calditrichia,Calditrichales,Calditrichaceae,,
M39,Aegir_M39_B143,NFGOFIFO_568.region001,NRP,NRP generic,22.09492108,Bacteria,Calditrichota,Calditrichia,Calditrichales,Calditrichaceae,,
M39,Aegir_M39_B144,LEDLLEGN_58.region001,RiPP,RiPP-like,4234.234457,Bacteria,Pseudomonadota,Gammaproteobacteria,Chromatiales,Sedimenticolaceae,Thiolapillus,
M39,Aegir_M39_B144,LEDLLEGN_43.region001,RiPP,RRE-containing,3272.929537,Bacteria,Pseudomonadota,Gammaproteobacteria,Chromatiales,Sedimenticolaceae,Thiolapillus,
M39,Aegir_M39_B145,IJCCDICF_112.region001,RiPP,RiPP-like,570.1155492,Bacteria,Calditrichota,Calditrichia,Calditrichales,Calditrichaceae,Caldithrix,
M39,Aegir_M39_B145,IJCCDICF_427.region001,NRP,NRPS-like,85.82961211,Bacteria,Calditrichota,Calditrichia,Calditrichales,Calditrichaceae,Caldithrix,
M39,Aegir_M39_B145,IJCCDICF_51.region001,NRP,NRP generic,75.09727498,Bacteria,Calditrichota,Calditrichia,Calditrichales,Calditrichaceae,Caldithrix,
M39,Aegir_M39_B145,IJCCDICF_139.region001,NRP,NRP generic,69.48175528,Bacteria,Calditrichota,Calditrichia,Calditrichales,Calditrichaceae,Caldithrix,
M39,Aegir_M39_B145,IJCCDICF_402.region001,Terpene,Terpene generic,20.86939057,Bacteria,Calditrichota,Calditrichia,Calditrichales,Calditrichaceae,Caldithrix,
M39,Aegir_M39_B146,OICIJIOO_157.region001,Other,hserlactone,6949.142705,Bacteria,Pseudomonadota,Gammaproteobacteria,Methylococcales,Methylomonadaceae,JALSJK01,JALSJK01 sp026989395
M39,Aegir_M39_B146,OICIJIOO_58.region001,Terpene,Terpene generic,1451.631565,Bacteria,Pseudomonadota,Gammaproteobacteria,Methylococcales,Methylomonadaceae,JALSJK01,JALSJK01 sp026989395
M39,Aegir_M39_B146,OICIJIOO_10.region001,NRP,NRPS-like,1351.253236,Bacteria,Pseudomonadota,Gammaproteobacteria,Methylococcales,Methylomonadaceae,JALSJK01,JALSJK01 sp026989395
M39,Aegir_M39_B146,OICIJIOO_144.region001,Other,betalactone,1253.692278,Bacteria,Pseudomonadota,Gammaproteobacteria,Methylococcales,Methylomonadaceae,JALSJK01,JALSJK01 sp026989395
M39,Aegir_M39_B146,OICIJIOO_39.region001,RiPP,RiPP-like,1123.172062,Bacteria,Pseudomonadota,Gammaproteobacteria,Methylococcales,Methylomonadaceae,JALSJK01,JALSJK01 sp026989395
M39,Aegir_M39_B147,FKCHBHNE_67.region001,RiPP,RiPP-like,1690.856966,Archaea,Thermoplasmatota,E2,DHVEG-1,DHVEG-1,B44-G15,
M39,Aegir_M39_B147,FKCHBHNE_74.region001,Other,nucleoside,549.8148986,Archaea,Thermoplasmatota,E2,DHVEG-1,DHVEG-1,B44-G15,
M39,Aegir_M39_B148,KAEGOJLK_584.region001,NRP,NRP generic,34.56747129,Bacteria,Chloroflexota,Anaerolineae,4572-78,4572-78,JANTHQ01,
M39,Aegir_M39_B149,EDJGDHEF_149.region001,Other,hserlactone,1518.331003,Bacteria,Pseudomonadota,Gammaproteobacteria,Methylococcales,Methylomonadaceae,Methylomarinum,
M39,Aegir_M39_B149,EDJGDHEF_50.region001,Other,hserlactone,1187.231685,Bacteria,Pseudomonadota,Gammaproteobacteria,Methylococcales,Methylomonadaceae,Methylomarinum,
M39,Aegir_M39_B15,JKANDIBI_16.region001,Polyketide,T3PKS,163.0417187,Bacteria,Zhuqueibacterota,Zhuqueibacteria,Residuimicrobiales,Krinioviventaceae,JAJRST01,
M39,Aegir_M39_B15,JKANDIBI_276.region001,NRP,NRP generic,156.0498443,Bacteria,Zhuqueibacterota,Zhuqueibacteria,Residuimicrobiales,Krinioviventaceae,JAJRST01,
M39,Aegir_M39_B15,JKANDIBI_129.region001,Hybrid,NRPS:T1PKS,63.11118529,Bacteria,Zhuqueibacterota,Zhuqueibacteria,Residuimicrobiales,Krinioviventaceae,JAJRST01,
M39,Aegir_M39_B15,JKANDIBI_61.region001,NRP,NRP generic,47.8065533,Bacteria,Zhuqueibacterota,Zhuqueibacteria,Residuimicrobiales,Krinioviventaceae,JAJRST01,
M39,Aegir_M39_B15,JKANDIBI_105.region001,Hybrid,NRPS:T1PKS,43.88892417,Bacteria,Zhuqueibacterota,Zhuqueibacteria,Residuimicrobiales,Krinioviventaceae,JAJRST01,
M39,Aegir_M39_B151,FCBIIHDP_89.region001,RiPP,RRE-containing,109.2833479,Bacteria,Planctomycetota,PUPC01,PUPC01,PUPC01,,
M39,Aegir_M39_B151,FCBIIHDP_125.region001,Terpene,Terpene generic,66.09518125,Bacteria,Planctomycetota,PUPC01,PUPC01,PUPC01,,
M39,Aegir_M39_B151,FCBIIHDP_57.region001,RiPP,RRE-containing,60.14044119,Bacteria,Planctomycetota,PUPC01,PUPC01,PUPC01,,
M39,Aegir_M39_B153,FNBCAEOK_891.region001,Other,phosphonate,107.1719266,Bacteria,Bdellovibrionota_B,Oligoflexia,Oligoflexales,JAWKNZ01,JAWKNZ01,
M39,Aegir_M39_B153,FNBCAEOK_726.region001,Other,resorcinol,101.3315311,Bacteria,Bdellovibrionota_B,Oligoflexia,Oligoflexales,JAWKNZ01,JAWKNZ01,
M39,Aegir_M39_B153,FNBCAEOK_519.region001,Polyketide,T3PKS,94.4235443,Bacteria,Bdellovibrionota_B,Oligoflexia,Oligoflexales,JAWKNZ01,JAWKNZ01,
M39,Aegir_M39_B154,IPGEANND_9.region001,RiPP,RRE-containing,216.5131732,Bacteria,Krumholzibacteriota,Krumholzibacteriia,Krumholzibacteriales,Krumholzibacteriaceae,4484-7,
M39,Aegir_M39_B154,IPGEANND_7.region001,Other,hydrogen-cyanide,174.4584356,Bacteria,Krumholzibacteriota,Krumholzibacteriia,Krumholzibacteriales,Krumholzibacteriaceae,4484-7,
M39,Aegir_M39_B155,KKPGHLON_31.region001,Terpene,Terpene generic,869.046966,Bacteria,Planctomycetota,UBA1135,UBA2386,GCA-002748355,JAJRTL01,
M39,Aegir_M39_B155,KKPGHLON_124.region001,Polyketide,T3PKS,571.0289859,Bacteria,Planctomycetota,UBA1135,UBA2386,GCA-002748355,JAJRTL01,
M39,Aegir_M39_B156,ALMMFMMH_12.region001,RiPP,LAP,202.0164617,Bacteria,Patescibacteriota,Minisyncoccia,Minisyncoccales,JAGGXC01,JAGGXC01,
M39,Aegir_M39_B158,DAIGHAGO_238.region001,RiPP,RRE-containing,1463.920762,Bacteria,Pseudomonadota,Alphaproteobacteria,Rhodobacterales,Rhodobacteraceae,UBA3077,
M39,Aegir_M39_B158,DAIGHAGO_373.region001,RiPP,RiPP-like,126.6676315,Bacteria,Pseudomonadota,Alphaproteobacteria,Rhodobacterales,Rhodobacteraceae,UBA3077,
M39,Aegir_M39_B159,LKLMGDAM_249.region001,RiPP,RRE-containing,102.1253726,Bacteria,Planctomycetota,SZUA-567,JAFGGJ01,JAFGGJ01,,
M39,Aegir_M39_B16,LAEAKBMI_163.region001,RiPP,RiPP-like,376.8912559,Bacteria,Pseudomonadota,Alphaproteobacteria,Rhodobacterales,Rhodobacteraceae,NVQY01,
M39,Aegir_M39_B16,LAEAKBMI_422.region001,Terpene,Terpene generic,35.29978631,Bacteria,Pseudomonadota,Alphaproteobacteria,Rhodobacterales,Rhodobacteraceae,NVQY01,
M39,Aegir_M39_B160,ENHKGPJA_326.region001,RiPP,RiPP-like,450.7363901,Bacteria,Pseudomonadota,Gammaproteobacteria,Arenicellales,Poriferihabitantaceae,JAAELZ01,
M39,Aegir_M39_B160,ENHKGPJA_29.region001,RiPP,RRE-containing,160.8993648,Bacteria,Pseudomonadota,Gammaproteobacteria,Arenicellales,Poriferihabitantaceae,JAAELZ01,
M39,Aegir_M39_B160,ENHKGPJA_248.region001,RiPP,RRE-containing,158.1746996,Bacteria,Pseudomonadota,Gammaproteobacteria,Arenicellales,Poriferihabitantaceae,JAAELZ01,
M39,Aegir_M39_B160,ENHKGPJA_324.region001,RiPP,RRE-containing,122.2350019,Bacteria,Pseudomonadota,Gammaproteobacteria,Arenicellales,Poriferihabitantaceae,JAAELZ01,
M39,Aegir_M39_B161,EACKFKNK_97.region001,RiPP,RiPP-like,523.3432038,Archaea,Halobacteriota,Archaeoglobi,Archaeoglobales,Archaeoglobaceae,Archaeoglobus_A,
M39,Aegir_M39_B161,EACKFKNK_79.region001,Other,betalactone,341.9099749,Archaea,Halobacteriota,Archaeoglobi,Archaeoglobales,Archaeoglobaceae,Archaeoglobus_A,
M39,Aegir_M39_B163,GPNINHOO_24.region001,Terpene,Terpene generic,700.1960773,Bacteria,Pseudomonadota,Gammaproteobacteria,Nitrosococcales,Methylophagaceae,,
M39,Aegir_M39_B164,PNPOMJDI_313.region001,RiPP,ranthipeptide,124.3502595,Bacteria,Myxococcota,Polyangia,Haliangiales,Haliangiaceae,NORP324,
M39,Aegir_M39_B166,GHHMGHBK_99.region001,Other,hserlactone,520.6192703,Bacteria,Pseudomonadota,Alphaproteobacteria,Rhodobacterales,Rhodobacteraceae,UBA3077,
M39,Aegir_M39_B166,GHHMGHBK_54.region001,Terpene,Terpene generic,253.7327444,Bacteria,Pseudomonadota,Alphaproteobacteria,Rhodobacterales,Rhodobacteraceae,UBA3077,
M39,Aegir_M39_B166,GHHMGHBK_53.region001,Hybrid,NRPS:lanthipeptide,242.3157222,Bacteria,Pseudomonadota,Alphaproteobacteria,Rhodobacterales,Rhodobacteraceae,UBA3077,
M39,Aegir_M39_B166,GHHMGHBK_117.region001,RiPP,RiPP-like,184.9678685,Bacteria,Pseudomonadota,Alphaproteobacteria,Rhodobacterales,Rhodobacteraceae,UBA3077,
M39,Aegir_M39_B167,NKOFHIIF_622.region001,RiPP,RRE-containing,870.939885,Bacteria,Chloroflexota,Anaerolineae,Caldilineales,Caldilineaceae,JAJRVT01,
M39,Aegir_M39_B168,CPJGGNFP_72.region001,Other,phosphonate,275.4370483,Bacteria,Pseudomonadota,Gammaproteobacteria,Xanthomonadales,SZUA-36,SZUA-51,
M39,Aegir_M39_B17,CBJJPFKK_13.region001,Polyketide,T3PKS,346.0900758,Bacteria,Aquificota,Aquificia,Aquificales,Hydrogenothermaceae,Persephonella_A,
M39,Aegir_M39_B170,FJOFPHMJ_17.region001,Terpene,Terpene generic,259.1300207,Bacteria,Bacteroidota_A,Kapaibacteriia,Kapaibacteriales,UBA2268,CAIOZA01,
M39,Aegir_M39_B171,EIKHOBMN_203.region001,RiPP,RiPP-like,623.3813178,Bacteria,Campylobacterota,Campylobacteria,Campylobacterales,Sulfurimonadaceae,Sulfurimonas,
M39,Aegir_M39_B172,EBJEFPEO_44.region001,Polyketide,T3PKS,902.8049351,Bacteria,Acidobacteriota,Thermoanaerobaculia,Thermoanaerobaculales,Sulfomarinibacteraceae,JAADFK01,
M39,Aegir_M39_B172,EBJEFPEO_13.region001,RiPP,RiPP-like,704.7300228,Bacteria,Acidobacteriota,Thermoanaerobaculia,Thermoanaerobaculales,Sulfomarinibacteraceae,JAADFK01,
M39,Aegir_M39_B172,EBJEFPEO_4.region001,Terpene,Terpene generic,676.788516,Bacteria,Acidobacteriota,Thermoanaerobaculia,Thermoanaerobaculales,Sulfomarinibacteraceae,JAADFK01,
M39,Aegir_M39_B173,LOGKCIHJ_109.region001,Terpene,Terpene generic,433.2389898,Bacteria,Bipolaricaulota,Bipolaricaulia,UBA7950,UBA9294,S016-54,
M39,Aegir_M39_B174,PAJIPFJH_161.region001,Hybrid,hglE-KS:T1PKS,264.2875415,Bacteria,Pseudomonadota,Gammaproteobacteria,Methylococcales,Methylomonadaceae,,
M39,Aegir_M39_B174,PAJIPFJH_141.region001,NRP,NRP generic,184.1234152,Bacteria,Pseudomonadota,Gammaproteobacteria,Methylococcales,Methylomonadaceae,,
M39,Aegir_M39_B174,PAJIPFJH_122.region001,RiPP,RRE-containing,166.9603655,Bacteria,Pseudomonadota,Gammaproteobacteria,Methylococcales,Methylomonadaceae,,
M39,Aegir_M39_B174,PAJIPFJH_32.region001,Other,hserlactone,147.7413723,Bacteria,Pseudomonadota,Gammaproteobacteria,Methylococcales,Methylomonadaceae,,
M39,Aegir_M39_B174,PAJIPFJH_84.region001,RiPP,RiPP-like,86.60780775,Bacteria,Pseudomonadota,Gammaproteobacteria,Methylococcales,Methylomonadaceae,,
M39,Aegir_M39_B175,JCDKLONH_37.region001,RiPP,RiPP-like,18.41855539,Bacteria,Pseudomonadota,Gammaproteobacteria,Arenicellales,Poriferihabitantaceae,,
M39,Aegir_M39_B178,AIAADNBJ_180.region001,Polyketide,T3PKS,152.1844588,Bacteria,Planctomycetota,UBA1135,UBA1135,GCA-002686595,JBBDIB01,
M39,Aegir_M39_B178,AIAADNBJ_205.region001,Other,resorcinol,127.7812809,Bacteria,Planctomycetota,UBA1135,UBA1135,GCA-002686595,JBBDIB01,
M39,Aegir_M39_B178,AIAADNBJ_15.region001,NRP,NRPS-like,124.5176161,Bacteria,Planctomycetota,UBA1135,UBA1135,GCA-002686595,JBBDIB01,
M39,Aegir_M39_B178,AIAADNBJ_148.region001,NRP,NRP generic,118.9677717,Bacteria,Planctomycetota,UBA1135,UBA1135,GCA-002686595,JBBDIB01,
M39,Aegir_M39_B178,AIAADNBJ_43.region001,Terpene,Terpene generic,101.3361646,Bacteria,Planctomycetota,UBA1135,UBA1135,GCA-002686595,JBBDIB01,
M39,Aegir_M39_B178,AIAADNBJ_131.region001,RiPP,RiPP-like,61.04454829,Bacteria,Planctomycetota,UBA1135,UBA1135,GCA-002686595,JBBDIB01,
M39,Aegir_M39_B18,OGOLDCED_26.region001,Other,resorcinol,457.5533486,Bacteria,Bacteroidota,Bacteroidia,Bacteroidales,JAADGE01,JAADGE01,
M39,Aegir_M39_B18,OGOLDCED_105.region001,RiPP,RRE-containing,436.5247976,Bacteria,Bacteroidota,Bacteroidia,Bacteroidales,JAADGE01,JAADGE01,
M39,Aegir_M39_B18,OGOLDCED_79.region001,Other,acyl_amino_acids,363.1337987,Bacteria,Bacteroidota,Bacteroidia,Bacteroidales,JAADGE01,JAADGE01,
M39,Aegir_M39_B18,OGOLDCED_116.region001,Other,arylpolyene,316.6666517,Bacteria,Bacteroidota,Bacteroidia,Bacteroidales,JAADGE01,JAADGE01,
M39,Aegir_M39_B18,OGOLDCED_13.region001,Other,arylpolyene,221.7913792,Bacteria,Bacteroidota,Bacteroidia,Bacteroidales,JAADGE01,JAADGE01,
M39,Aegir_M39_B181,FNBCNFFH_267.region001,Hybrid,hydrogen-cyanide:T3PKS,1030.24238,Bacteria,Myxococcota,Polyangia,Polyangiales,SG8-38,JAADHO01,
M39,Aegir_M39_B181,FNBCNFFH_51.region001,Other,arylpolyene,705.4392821,Bacteria,Myxococcota,Polyangia,Polyangiales,SG8-38,JAADHO01,
M39,Aegir_M39_B181,FNBCNFFH_185.region001,RiPP,RiPP-like,682.981045,Bacteria,Myxococcota,Polyangia,Polyangiales,SG8-38,JAADHO01,
M39,Aegir_M39_B181,FNBCNFFH_320.region001,Terpene,Terpene generic,430.4201618,Bacteria,Myxococcota,Polyangia,Polyangiales,SG8-38,JAADHO01,
M39,Aegir_M39_B181,FNBCNFFH_221.region001,Polyketide,hglE-KS,319.5480159,Bacteria,Myxococcota,Polyangia,Polyangiales,SG8-38,JAADHO01,
M39,Aegir_M39_B181,FNBCNFFH_18.region001,Other,arylpolyene,269.5895367,Bacteria,Myxococcota,Polyangia,Polyangiales,SG8-38,JAADHO01,
M39,Aegir_M39_B182,LIPJKAHJ_11.region001,Terpene,Terpene generic,4473.245924,Bacteria,Pseudomonadota,Alphaproteobacteria,Rhodobacterales,Rhodobacteraceae,Profundibacter,Profundibacter amoris
M39,Aegir_M39_B182,LIPJKAHJ_33.region001,Other,hserlactone,2101.807968,Bacteria,Pseudomonadota,Alphaproteobacteria,Rhodobacterales,Rhodobacteraceae,Profundibacter,Profundibacter amoris
M39,Aegir_M39_B183,CBIJBIGH_198.region001,Other,betalactone,451.7828929,Bacteria,Desulfobacterota,JdFR-97,JdFR-97,JdFR-97,JdFR-97,
M39,Aegir_M39_B183,CBIJBIGH_173.region001,Terpene,Terpene generic,301.4446499,Bacteria,Desulfobacterota,JdFR-97,JdFR-97,JdFR-97,JdFR-97,
M39,Aegir_M39_B183,CBIJBIGH_190.region001,RiPP,ranthipeptide,110.2148767,Bacteria,Desulfobacterota,JdFR-97,JdFR-97,JdFR-97,JdFR-97,
M39,Aegir_M39_B183,CBIJBIGH_4.region001,RiPP,RiPP-like,52.55206509,Bacteria,Desulfobacterota,JdFR-97,JdFR-97,JdFR-97,JdFR-97,
M39,Aegir_M39_B184,EDPJEEBL_131.region001,Other,hydrogen-cyanide,1576.405189,Archaea,Asgardarchaeota,Heimdallarchaeia,Heimdallarchaeales,Heimdallarchaeaceae,,
M39,Aegir_M39_B185,BGKBPJDF_99.region001,Other,arylpolyene,403.9592754,Bacteria,Zhuqueibacterota,JdFR-76,JdFR-76,DREG01,DREG01,
M39,Aegir_M39_B185,BGKBPJDF_47.region001,RiPP,RRE-containing,141.4383013,Bacteria,Zhuqueibacterota,JdFR-76,JdFR-76,DREG01,DREG01,
M39,Aegir_M39_B185,BGKBPJDF_369.region001,Terpene,Terpene generic,101.6999704,Bacteria,Zhuqueibacterota,JdFR-76,JdFR-76,DREG01,DREG01,
M39,Aegir_M39_B185,BGKBPJDF_304.region001,NRP,NRP generic,59.4134205,Bacteria,Zhuqueibacterota,JdFR-76,JdFR-76,DREG01,DREG01,
M39,Aegir_M39_B185,BGKBPJDF_163.region001,NRP,NRPS-like,42.37324254,Bacteria,Zhuqueibacterota,JdFR-76,JdFR-76,DREG01,DREG01,
M39,Aegir_M39_B185,BGKBPJDF_127.region001,NRP,NRP generic,34.3851138,Bacteria,Zhuqueibacterota,JdFR-76,JdFR-76,DREG01,DREG01,
M39,Aegir_M39_B185,BGKBPJDF_51.region001,Hybrid,NRPS:T1PKS,25.34543767,Bacteria,Zhuqueibacterota,JdFR-76,JdFR-76,DREG01,DREG01,
M39,Aegir_M39_B185,BGKBPJDF_357.region001,NRP,NRP generic,21.83585166,Bacteria,Zhuqueibacterota,JdFR-76,JdFR-76,DREG01,DREG01,
M39,Aegir_M39_B186,JNBGNNLM_361.region001,Other,arylpolyene,2289.0546,Bacteria,Pseudomonadota,Gammaproteobacteria,Methylococcales,Methylomonadaceae,QPIN01,
M39,Aegir_M39_B186,JNBGNNLM_229.region001,RiPP,RiPP-like,1848.128575,Bacteria,Pseudomonadota,Gammaproteobacteria,Methylococcales,Methylomonadaceae,QPIN01,
M39,Aegir_M39_B186,JNBGNNLM_212.region001,Other,arylpolyene,895.7810222,Bacteria,Pseudomonadota,Gammaproteobacteria,Methylococcales,Methylomonadaceae,QPIN01,
M39,Aegir_M39_B186,JNBGNNLM_315.region001,RiPP,RiPP-like,204.4768947,Bacteria,Pseudomonadota,Gammaproteobacteria,Methylococcales,Methylomonadaceae,QPIN01,
M39,Aegir_M39_B188,JCKFNMMM_25.region001,RiPP,ranthipeptide,208.3309598,Bacteria,Myxococcota,JAADFL01,JAADFL01,JAADFL01,,
M39,Aegir_M39_B188,JCKFNMMM_332.region001,Terpene,Terpene generic,131.565714,Bacteria,Myxococcota,JAADFL01,JAADFL01,JAADFL01,,
M39,Aegir_M39_B188,JCKFNMMM_262.region001,RiPP,RiPP-like,81.64010259,Bacteria,Myxococcota,JAADFL01,JAADFL01,JAADFL01,,
M39,Aegir_M39_B188,JCKFNMMM_185.region001,RiPP,RRE-containing,77.48673373,Bacteria,Myxococcota,JAADFL01,JAADFL01,JAADFL01,,
M39,Aegir_M39_B188,JCKFNMMM_145.region001,Other,arylpolyene,72.38675763,Bacteria,Myxococcota,JAADFL01,JAADFL01,JAADFL01,,
M39,Aegir_M39_B188,JCKFNMMM_165.region001,Polyketide,T1PKS,68.05222124,Bacteria,Myxococcota,JAADFL01,JAADFL01,JAADFL01,,
M39,Aegir_M39_B188,JCKFNMMM_191.region001,RiPP,RRE-containing,65.81396049,Bacteria,Myxococcota,JAADFL01,JAADFL01,JAADFL01,,
M39,Aegir_M39_B188,JCKFNMMM_162.region001,Terpene,Terpene generic,54.22807304,Bacteria,Myxococcota,JAADFL01,JAADFL01,JAADFL01,,
M39,Aegir_M39_B188,JCKFNMMM_283.region001,RiPP,RRE-containing,45.2731478,Bacteria,Myxococcota,JAADFL01,JAADFL01,JAADFL01,,
M39,Aegir_M39_B188,JCKFNMMM_340.region001,Polyketide,HR-T2PKS,39.0653339,Bacteria,Myxococcota,JAADFL01,JAADFL01,JAADFL01,,
M39,Aegir_M39_B19,JNHAIHPN_4.region001,Other,ladderane,1422.430478,Bacteria,Verrucomicrobiota,Kiritimatiellia,UBA8416,JAUUYL01,,
M39,Aegir_M39_B19,JNHAIHPN_184.region001,Other,acyl_amino_acids,396.5760221,Bacteria,Verrucomicrobiota,Kiritimatiellia,UBA8416,JAUUYL01,,
M39,Aegir_M39_B19,JNHAIHPN_96.region001,Other,arylpolyene,267.3162898,Bacteria,Verrucomicrobiota,Kiritimatiellia,UBA8416,JAUUYL01,,
M39,Aegir_M39_B19,JNHAIHPN_149.region001,Other,arylpolyene,245.2290594,Bacteria,Verrucomicrobiota,Kiritimatiellia,UBA8416,JAUUYL01,,
M39,Aegir_M39_B19,JNHAIHPN_165.region001,Other,arylpolyene,229.0585435,Bacteria,Verrucomicrobiota,Kiritimatiellia,UBA8416,JAUUYL01,,
M39,Aegir_M39_B191,EEGHMLPD_225.region001,NRP,NRPS-like,12770.55845,Bacteria,Pseudomonadota,Gammaproteobacteria,Methylococcales,Methylomonadaceae,Methyloprofundus,Methyloprofundus sp900128525
M39,Aegir_M39_B192,HEEDOPCH_110.region001,Terpene,Terpene generic,7327.408662,Bacteria,Pseudomonadota,Gammaproteobacteria,Methylococcales,Methylomonadaceae,QPIN01,
M39,Aegir_M39_B192,HEEDOPCH_142.region001,Other,hydrogen-cyanide,3749.531936,Bacteria,Pseudomonadota,Gammaproteobacteria,Methylococcales,Methylomonadaceae,QPIN01,
M39,Aegir_M39_B192,HEEDOPCH_120.region001,NRP,NRP generic,801.6594684,Bacteria,Pseudomonadota,Gammaproteobacteria,Methylococcales,Methylomonadaceae,QPIN01,
M39,Aegir_M39_B193,IPACGEIK_1.region001,Other,2-dos aminoglycoside,121.0017412,Archaea,Thermoproteota,Thermoprotei,Thermofilales,B69-G16,B69-G16,
M39,Aegir_M39_B194,MHOBFLEE_241.region001,RiPP,RRE-containing,338.4010177,Bacteria,Desulfobacterota,Desulfobacteria,Desulfobacterales,UBA11574,JAAXQD01,
M39,Aegir_M39_B194,MHOBFLEE_164.region001,RiPP,RiPP-like,253.1469336,Bacteria,Desulfobacterota,Desulfobacteria,Desulfobacterales,UBA11574,JAAXQD01,
M39,Aegir_M39_B194,MHOBFLEE_233.region001,Polyketide,hglE-KS,65.55793944,Bacteria,Desulfobacterota,Desulfobacteria,Desulfobacterales,UBA11574,JAAXQD01,
M39,Aegir_M39_B194,MHOBFLEE_398.region001,Polyketide,T1PKS,53.16987967,Bacteria,Desulfobacterota,Desulfobacteria,Desulfobacterales,UBA11574,JAAXQD01,
M39,Aegir_M39_B194,MHOBFLEE_173.region001,RiPP,RRE-containing,28.16625044,Bacteria,Desulfobacterota,Desulfobacteria,Desulfobacterales,UBA11574,JAAXQD01,
M39,Aegir_M39_B195,GJNOLOFI_98.region001,RiPP,RiPP-like,1278.223841,Bacteria,Desulfobacterota,DSM-4660,Desulfatiglandales,Desulfatiglandaceae,Desulfacyla,
M39,Aegir_M39_B195,GJNOLOFI_209.region001,RiPP,RiPP-like,1113.00699,Bacteria,Desulfobacterota,DSM-4660,Desulfatiglandales,Desulfatiglandaceae,Desulfacyla,
M39,Aegir_M39_B195,GJNOLOFI_296.region001,RiPP,RRE-containing,906.0899252,Bacteria,Desulfobacterota,DSM-4660,Desulfatiglandales,Desulfatiglandaceae,Desulfacyla,
M39,Aegir_M39_B195,GJNOLOFI_380.region001,RiPP,RRE-containing,767.7092095,Bacteria,Desulfobacterota,DSM-4660,Desulfatiglandales,Desulfatiglandaceae,Desulfacyla,
M39,Aegir_M39_B195,GJNOLOFI_416.region001,Terpene,Terpene generic,588.1424057,Bacteria,Desulfobacterota,DSM-4660,Desulfatiglandales,Desulfatiglandaceae,Desulfacyla,
M39,Aegir_M39_B195,GJNOLOFI_12.region001,Other,arylpolyene,564.9588585,Bacteria,Desulfobacterota,DSM-4660,Desulfatiglandales,Desulfatiglandaceae,Desulfacyla,
M39,Aegir_M39_B195,GJNOLOFI_420.region001,Other,arylpolyene,522.0619107,Bacteria,Desulfobacterota,DSM-4660,Desulfatiglandales,Desulfatiglandaceae,Desulfacyla,
M39,Aegir_M39_B195,GJNOLOFI_142.region001,Other,arylpolyene,265.7151139,Bacteria,Desulfobacterota,DSM-4660,Desulfatiglandales,Desulfatiglandaceae,Desulfacyla,
M39,Aegir_M39_B195,GJNOLOFI_238.region001,RiPP,RiPP-like,145.8497453,Bacteria,Desulfobacterota,DSM-4660,Desulfatiglandales,Desulfatiglandaceae,Desulfacyla,
M39,Aegir_M39_B195,GJNOLOFI_271.region001,RiPP,RRE-containing,95.77012034,Bacteria,Desulfobacterota,DSM-4660,Desulfatiglandales,Desulfatiglandaceae,Desulfacyla,
M39,Aegir_M39_B196,BKLBJKCE_315.region001,Terpene,Terpene generic,1290.751237,Bacteria,Desulfobacterota,Desulfobacteria,Desulfobacterales,JALSRD01,JALSRD01,
M39,Aegir_M39_B196,BKLBJKCE_217.region001,RiPP,RiPP-like,1173.634809,Bacteria,Desulfobacterota,Desulfobacteria,Desulfobacterales,JALSRD01,JALSRD01,
M39,Aegir_M39_B196,BKLBJKCE_190.region001,Other,hydrogen-cyanide,586.0538003,Bacteria,Desulfobacterota,Desulfobacteria,Desulfobacterales,JALSRD01,JALSRD01,
M39,Aegir_M39_B196,BKLBJKCE_397.region001,Other,hydrogen-cyanide,460.9010269,Bacteria,Desulfobacterota,Desulfobacteria,Desulfobacterales,JALSRD01,JALSRD01,
M39,Aegir_M39_B196,BKLBJKCE_255.region001,Terpene,Terpene generic,385.4569663,Bacteria,Desulfobacterota,Desulfobacteria,Desulfobacterales,JALSRD01,JALSRD01,
M39,Aegir_M39_B196,BKLBJKCE_20.region001,Polyketide,T1PKS,379.429389,Bacteria,Desulfobacterota,Desulfobacteria,Desulfobacterales,JALSRD01,JALSRD01,
M39,Aegir_M39_B196,BKLBJKCE_24.region001,RiPP,RRE-containing,370.1245235,Bacteria,Desulfobacterota,Desulfobacteria,Desulfobacterales,JALSRD01,JALSRD01,
M39,Aegir_M39_B196,BKLBJKCE_188.region001,Other,arylpolyene,338.3012286,Bacteria,Desulfobacterota,Desulfobacteria,Desulfobacterales,JALSRD01,JALSRD01,
M39,Aegir_M39_B196,BKLBJKCE_300.region001,Other,arylpolyene,279.8023348,Bacteria,Desulfobacterota,Desulfobacteria,Desulfobacterales,JALSRD01,JALSRD01,
M39,Aegir_M39_B198,OHIALCHJ_57.region001,Hybrid,arylpolyene:resorcinol,326.8614432,Bacteria,Bacteroidota,Bacteroidia,Cytophagales,Cyclobacteriaceae,,
M39,Aegir_M39_B198,OHIALCHJ_181.region001,Other,betalactone,272.5130833,Bacteria,Bacteroidota,Bacteroidia,Cytophagales,Cyclobacteriaceae,,
M39,Aegir_M39_B198,OHIALCHJ_63.region001,RiPP,RRE-containing,76.61042073,Bacteria,Bacteroidota,Bacteroidia,Cytophagales,Cyclobacteriaceae,,
M39,Aegir_M39_B199,KEIMIPLH_50.region001,RiPP,RiPP-like,5696.680939,Bacteria,Bacteroidota,Bacteroidia,Flavobacteriales,Flavobacteriaceae,S010-17,
M39,Aegir_M39_B199,KEIMIPLH_314.region001,RiPP,RRE-containing,967.8447944,Bacteria,Bacteroidota,Bacteroidia,Flavobacteriales,Flavobacteriaceae,S010-17,
M39,Aegir_M39_B2,GFCMJPMJ_14.region001,Other,arylpolyene,544.4670707,Bacteria,Campylobacterota,Campylobacteria,Campylobacterales,Sulfurimonadaceae,S145-25,
M39,Aegir_M39_B2,GFCMJPMJ_188.region001,Other,arylpolyene,154.1113063,Bacteria,Campylobacterota,Campylobacteria,Campylobacterales,Sulfurimonadaceae,S145-25,
M39,Aegir_M39_B2,GFCMJPMJ_114.region001,RiPP,RiPP-like,139.6714654,Bacteria,Campylobacterota,Campylobacteria,Campylobacterales,Sulfurimonadaceae,S145-25,
M39,Aegir_M39_B2,GFCMJPMJ_69.region001,Other,resorcinol,120.8541921,Bacteria,Campylobacterota,Campylobacteria,Campylobacterales,Sulfurimonadaceae,S145-25,
M39,Aegir_M39_B20,KNGHPBFF_250.region001,Polyketide,T3PKS,225.7617749,Bacteria,Bacteroidota,Bacteroidia,Flavobacteriales,Crocinitomicaceae,Crocinitomix,
M39,Aegir_M39_B20,KNGHPBFF_415.region001,Other,resorcinol,129.1015654,Bacteria,Bacteroidota,Bacteroidia,Flavobacteriales,Crocinitomicaceae,Crocinitomix,
M39,Aegir_M39_B20,KNGHPBFF_139.region001,Hybrid,NRPS:T1PKS,126.0722302,Bacteria,Bacteroidota,Bacteroidia,Flavobacteriales,Crocinitomicaceae,Crocinitomix,
M39,Aegir_M39_B20,KNGHPBFF_308.region001,NRP,NRP generic,123.1543004,Bacteria,Bacteroidota,Bacteroidia,Flavobacteriales,Crocinitomicaceae,Crocinitomix,
M39,Aegir_M39_B20,KNGHPBFF_550.region001,NRP,NRP generic,123.0836204,Bacteria,Bacteroidota,Bacteroidia,Flavobacteriales,Crocinitomicaceae,Crocinitomix,
M39,Aegir_M39_B20,KNGHPBFF_318.region001,NRP,NRP generic,98.45049244,Bacteria,Bacteroidota,Bacteroidia,Flavobacteriales,Crocinitomicaceae,Crocinitomix,
M39,Aegir_M39_B20,KNGHPBFF_385.region001,RiPP,lanthipeptide,93.82390282,Bacteria,Bacteroidota,Bacteroidia,Flavobacteriales,Crocinitomicaceae,Crocinitomix,
M39,Aegir_M39_B20,KNGHPBFF_123.region001,Other,arylpolyene,89.64889097,Bacteria,Bacteroidota,Bacteroidia,Flavobacteriales,Crocinitomicaceae,Crocinitomix,
M39,Aegir_M39_B20,KNGHPBFF_13.region001,NRP,NRP generic,83.94396154,Bacteria,Bacteroidota,Bacteroidia,Flavobacteriales,Crocinitomicaceae,Crocinitomix,
M39,Aegir_M39_B20,KNGHPBFF_90.region001,NRP,NRP generic,75.85124648,Bacteria,Bacteroidota,Bacteroidia,Flavobacteriales,Crocinitomicaceae,Crocinitomix,
M39,Aegir_M39_B20,KNGHPBFF_375.region001,NRP,NRP generic,74.35398707,Bacteria,Bacteroidota,Bacteroidia,Flavobacteriales,Crocinitomicaceae,Crocinitomix,
M39,Aegir_M39_B20,KNGHPBFF_475.region001,NRP,NRP generic,67.67813665,Bacteria,Bacteroidota,Bacteroidia,Flavobacteriales,Crocinitomicaceae,Crocinitomix,
M39,Aegir_M39_B21,OONNNJMN_291.region001,RiPP,RRE-containing,367.1505276,Bacteria,Bacteroidota,Bacteroidia,Bacteroidales,UBA1556,,
M39,Aegir_M39_B23,CIBCBEEE_156.region001,Other,hydrogen-cyanide,10825.32937,Bacteria,Pseudomonadota,Gammaproteobacteria,Methylococcales,Methylomonadaceae,,
M39,Aegir_M39_B23,CIBCBEEE_91.region001,Hybrid,NRPS-like:arylpolyene,3696.629714,Bacteria,Pseudomonadota,Gammaproteobacteria,Methylococcales,Methylomonadaceae,,
M39,Aegir_M39_B23,CIBCBEEE_111.region001,NRP,NRPS-like,3161.811175,Bacteria,Pseudomonadota,Gammaproteobacteria,Methylococcales,Methylomonadaceae,,
M39,Aegir_M39_B23,CIBCBEEE_109.region001,RiPP,RiPP-like,2742.335613,Bacteria,Pseudomonadota,Gammaproteobacteria,Methylococcales,Methylomonadaceae,,
M39,Aegir_M39_B23,CIBCBEEE_122.region001,Terpene,Terpene generic,2061.841499,Bacteria,Pseudomonadota,Gammaproteobacteria,Methylococcales,Methylomonadaceae,,
M39,Aegir_M39_B23,CIBCBEEE_22.region001,RiPP,redox-cofactor,1937.859073,Bacteria,Pseudomonadota,Gammaproteobacteria,Methylococcales,Methylomonadaceae,,
M39,Aegir_M39_B24,MINEOLEI_165.region001,Terpene,Terpene generic,301.7410781,Bacteria,Pseudomonadota,Alphaproteobacteria,Rhodobacterales,Rhodobacteraceae,Profundibacter,
M39,Aegir_M39_B25,IAPKAMMO_162.region001,Other,acyl_amino_acids,2291.608877,Bacteria,Planctomycetota,JADGBV01,JADGBV01,JADGBV01,,
M39,Aegir_M39_B25,IAPKAMMO_74.region001,NRP,NRP generic,1484.245966,Bacteria,Planctomycetota,JADGBV01,JADGBV01,JADGBV01,,
M39,Aegir_M39_B25,IAPKAMMO_354.region001,Other,acyl_amino_acids,1335.810963,Bacteria,Planctomycetota,JADGBV01,JADGBV01,JADGBV01,,
M39,Aegir_M39_B25,IAPKAMMO_56.region001,Terpene,Terpene generic,1319.052289,Bacteria,Planctomycetota,JADGBV01,JADGBV01,JADGBV01,,
M39,Aegir_M39_B25,IAPKAMMO_248.region001,Other,acyl_amino_acids,1092.538708,Bacteria,Planctomycetota,JADGBV01,JADGBV01,JADGBV01,,
M39,Aegir_M39_B25,IAPKAMMO_89.region001,Other,acyl_amino_acids,819.2545957,Bacteria,Planctomycetota,JADGBV01,JADGBV01,JADGBV01,,
M39,Aegir_M39_B25,IAPKAMMO_313.region001,NRP,NRPS-like,765.5741819,Bacteria,Planctomycetota,JADGBV01,JADGBV01,JADGBV01,,
M39,Aegir_M39_B25,IAPKAMMO_177.region001,Polyketide,T3PKS,514.4582048,Bacteria,Planctomycetota,JADGBV01,JADGBV01,JADGBV01,,
M39,Aegir_M39_B25,IAPKAMMO_357.region001,Other,acyl_amino_acids,499.0250028,Bacteria,Planctomycetota,JADGBV01,JADGBV01,JADGBV01,,
M39,Aegir_M39_B25,IAPKAMMO_81.region001,Other,acyl_amino_acids,375.1337943,Bacteria,Planctomycetota,JADGBV01,JADGBV01,JADGBV01,,
M39,Aegir_M39_B25,IAPKAMMO_310.region001,Other,acyl_amino_acids,265.8281389,Bacteria,Planctomycetota,JADGBV01,JADGBV01,JADGBV01,,
M39,Aegir_M39_B25,IAPKAMMO_326.region001,NRP,NRP generic,221.5487588,Bacteria,Planctomycetota,JADGBV01,JADGBV01,JADGBV01,,
M39,Aegir_M39_B25,IAPKAMMO_109.region001,Polyketide,T1PKS,127.2967438,Bacteria,Planctomycetota,JADGBV01,JADGBV01,JADGBV01,,
M39,Aegir_M39_B25,IAPKAMMO_130.region001,NRP,NRP generic,88.92939746,Bacteria,Planctomycetota,JADGBV01,JADGBV01,JADGBV01,,
M39,Aegir_M39_B26,PODDHOJH_222.region001,Other,nucleoside,1429.595276,Bacteria,Chloroflexota,Anaerolineae,B4-G1,DUEL01,JBDOIF01,
M39,Aegir_M39_B27,INCGMNIA_224.region001,RiPP,RRE-containing,42.36514213,Bacteria,WOR-3,Hydrothermia,JBDRYB01,JBDRYB01,,
M39,Aegir_M39_B29,LDFDGFAA_706.region001,Other,betalactone,115.5260954,Bacteria,Calditrichota,Calditrichia,Calditrichales,Calditrichaceae,Caldithrix,
M39,Aegir_M39_B29,LDFDGFAA_263.region001,NRP,NRP generic,109.0288588,Bacteria,Calditrichota,Calditrichia,Calditrichales,Calditrichaceae,Caldithrix,
M39,Aegir_M39_B29,LDFDGFAA_732.region001,NRP,NRP generic,54.23692082,Bacteria,Calditrichota,Calditrichia,Calditrichales,Calditrichaceae,Caldithrix,
M39,Aegir_M39_B29,LDFDGFAA_640.region001,NRP,NRP generic,40.05278483,Bacteria,Calditrichota,Calditrichia,Calditrichales,Calditrichaceae,Caldithrix,
M39,Aegir_M39_B31,POFLEAAM_394.region001,NRP,NRPS-like,121.2983352,Bacteria,Bacteroidota,Bacteroidia,Bacteroidales,F082,B16-G9,
M39,Aegir_M39_B31,POFLEAAM_334.region001,Other,arylpolyene,55.07257914,Bacteria,Bacteroidota,Bacteroidia,Bacteroidales,F082,B16-G9,
M39,Aegir_M39_B31,POFLEAAM_250.region001,Other,arylpolyene,38.28819255,Bacteria,Bacteroidota,Bacteroidia,Bacteroidales,F082,B16-G9,
M39,Aegir_M39_B32,JGCEHHJG_612.region001,NRP,NRPS-like,2361.390966,Bacteria,Myxococcota,Polyangia,Haliangiales,Haliangiaceae,,
M39,Aegir_M39_B32,JGCEHHJG_105.region001,Terpene,Terpene generic,141.0755525,Bacteria,Myxococcota,Polyangia,Haliangiales,Haliangiaceae,,
M39,Aegir_M39_B32,JGCEHHJG_432.region001,Polyketide,T1PKS,45.48687571,Bacteria,Myxococcota,Polyangia,Haliangiales,Haliangiaceae,,
M39,Aegir_M39_B32,JGCEHHJG_32.region001,RiPP,ranthipeptide,18.9817609,Bacteria,Myxococcota,Polyangia,Haliangiales,Haliangiaceae,,
M39,Aegir_M39_B33,ANLNIOLN_185.region001,RiPP,RiPP-like,39.77244409,Bacteria,Pseudomonadota,Gammaproteobacteria,Thiomicrospirales,Thiomicrospiraceae,Sulfurivirga,
M39,Aegir_M39_B33,ANLNIOLN_177.region001,RiPP,RiPP-like,30.82226126,Bacteria,Pseudomonadota,Gammaproteobacteria,Thiomicrospirales,Thiomicrospiraceae,Sulfurivirga,
M39,Aegir_M39_B34,MPGNNOLM_73.region001,RiPP,RiPP-like,385.229558,Bacteria,Desulfobacterota,Syntrophobacteria,Syntrophobacterales,Syntrophobacteraceae,,
M39,Aegir_M39_B34,MPGNNOLM_486.region001,RiPP,RiPP-like,82.87661125,Bacteria,Desulfobacterota,Syntrophobacteria,Syntrophobacterales,Syntrophobacteraceae,,
M39,Aegir_M39_B34,MPGNNOLM_289.region001,RiPP,thiopeptide,81.32126281,Bacteria,Desulfobacterota,Syntrophobacteria,Syntrophobacterales,Syntrophobacteraceae,,
M39,Aegir_M39_B34,MPGNNOLM_149.region001,Terpene,Terpene generic,64.59109836,Bacteria,Desulfobacterota,Syntrophobacteria,Syntrophobacterales,Syntrophobacteraceae,,
M39,Aegir_M39_B34,MPGNNOLM_539.region001,RiPP,RiPP-like,54.06490814,Bacteria,Desulfobacterota,Syntrophobacteria,Syntrophobacterales,Syntrophobacteraceae,,
M39,Aegir_M39_B34,MPGNNOLM_32.region001,NRP,NRP generic,37.99280961,Bacteria,Desulfobacterota,Syntrophobacteria,Syntrophobacterales,Syntrophobacteraceae,,
M39,Aegir_M39_B34,MPGNNOLM_64.region001,Hybrid,NRPS-like:T1PKS,26.2791484,Bacteria,Desulfobacterota,Syntrophobacteria,Syntrophobacterales,Syntrophobacteraceae,,
M39,Aegir_M39_B38,LLKGMAIK_200.region001,Other,hydrogen-cyanide,1627.055306,Bacteria,Chloroflexota,Anaerolineae,B4-G1,B4-G1,B4-G1,
M39,Aegir_M39_B39,NPMBOLIF_4.region001,RiPP,RiPP-like,536.6738844,Bacteria,Myxococcota_A,UBA9160,UBA9160,UBA4427,UBA4427,
M39,Aegir_M39_B39,NPMBOLIF_114.region001,RiPP,RiPP-like,415.649332,Bacteria,Myxococcota_A,UBA9160,UBA9160,UBA4427,UBA4427,
M39,Aegir_M39_B39,NPMBOLIF_107.region001,Other,arylpolyene,396.0933598,Bacteria,Myxococcota_A,UBA9160,UBA9160,UBA4427,UBA4427,
M39,Aegir_M39_B39,NPMBOLIF_29.region001,Terpene,Terpene generic,352.0407422,Bacteria,Myxococcota_A,UBA9160,UBA9160,UBA4427,UBA4427,
M39,Aegir_M39_B39,NPMBOLIF_68.region001,Polyketide,T1PKS,345.3503564,Bacteria,Myxococcota_A,UBA9160,UBA9160,UBA4427,UBA4427,
M39,Aegir_M39_B39,NPMBOLIF_73.region001,Hybrid,NRPS-like:T1PKS,304.3169237,Bacteria,Myxococcota_A,UBA9160,UBA9160,UBA4427,UBA4427,
M39,Aegir_M39_B39,NPMBOLIF_58.region001,Other,betalactone,300.0921602,Bacteria,Myxococcota_A,UBA9160,UBA9160,UBA4427,UBA4427,
M39,Aegir_M39_B41,JEGBJGEC_29.region001,RiPP,RRE-containing,175.0835935,Bacteria,Bacteroidota,Bacteroidia,Cytophagales,Cyclobacteriaceae,S012-113,
M39,Aegir_M39_B44,IPKLMCOG_23.region001,Terpene,Terpene generic,463.095107,Bacteria,Bipolaricaulota,Bipolaricaulia,Bipolaricaulales,Bipolaricaulaceae,UBA3574,
M39,Aegir_M39_B45,BHJKMAJD_66.region001,RiPP,RiPP-like,3589.100088,Archaea,Halobacteriota,Syntropharchaeia,Alkanophagales,Methanospirareceae,G60ANME1,G60ANME1 sp025464325
M39,Aegir_M39_B48,BPODBAHM_100.region001,RiPP,RiPP-like,199.2914195,Bacteria,Pseudomonadota,Gammaproteobacteria,Xanthomonadales,Marinicellaceae,NORP309,
M39,Aegir_M39_B5,CBKCKAFE_11.region001,Hybrid,arylpolyene:resorcinol,2332.025413,Bacteria,Bacteroidota,Bacteroidia,Flavobacteriales,Flavobacteriaceae,S010-17,
M39,Aegir_M39_B51,DKEELOGD_73.region001,Terpene,Terpene generic,436.4351261,Bacteria,Desulfobacterota,DSM-4660,Desulfatiglandales,JALVZP01,,
M39,Aegir_M39_B51,DKEELOGD_85.region001,RiPP,RiPP-like,349.3968878,Bacteria,Desulfobacterota,DSM-4660,Desulfatiglandales,JALVZP01,,
M39,Aegir_M39_B52,LKAFJBHK_77.region001,RiPP,ranthipeptide,461.2366208,Bacteria,Bacteroidota,Bacteroidia,Bacteroidales,NBLH01,NBLH01,
M39,Aegir_M39_B53,DHNEMAIL_61.region001,Other,resorcinol,3606.32878,Bacteria,Pseudomonadota,Gammaproteobacteria,Nitrosococcales,Methylophagaceae,GCA-002733105,
M39,Aegir_M39_B54,HDEKGLIK_101.region001,RiPP,thioamitides,78.80940913,Archaea,Halobacteriota,Syntropharchaeia,Alkanophagales,Methanospirareceae,Methanoxibalbensis,
M39,Aegir_M39_B56,PEMCANAD_12.region001,RiPP,RiPP-like,873.5978907,Bacteria,Desulfobacterota,Desulfobacteria,Desulfobacterales,JAFDCJ01,JAOZPY01,
M39,Aegir_M39_B56,PEMCANAD_95.region001,RiPP,RRE-containing,504.3631943,Bacteria,Desulfobacterota,Desulfobacteria,Desulfobacterales,JAFDCJ01,JAOZPY01,
M39,Aegir_M39_B56,PEMCANAD_60.region001,Other,arylpolyene,318.204934,Bacteria,Desulfobacterota,Desulfobacteria,Desulfobacterales,JAFDCJ01,JAOZPY01,
M39,Aegir_M39_B56,PEMCANAD_15.region001,Other,arylpolyene,296.7583627,Bacteria,Desulfobacterota,Desulfobacteria,Desulfobacterales,JAFDCJ01,JAOZPY01,
M39,Aegir_M39_B56,PEMCANAD_106.region001,Other,hydrogen-cyanide,245.7155875,Bacteria,Desulfobacterota,Desulfobacteria,Desulfobacterales,JAFDCJ01,JAOZPY01,
M39,Aegir_M39_B56,PEMCANAD_155.region001,Hybrid,hglE-KS:T1PKS,244.9293308,Bacteria,Desulfobacterota,Desulfobacteria,Desulfobacterales,JAFDCJ01,JAOZPY01,
M39,Aegir_M39_B56,PEMCANAD_62.region001,Other,arylpolyene,244.3484847,Bacteria,Desulfobacterota,Desulfobacteria,Desulfobacterales,JAFDCJ01,JAOZPY01,
M39,Aegir_M39_B56,PEMCANAD_126.region001,RiPP,RRE-containing,205.6533579,Bacteria,Desulfobacterota,Desulfobacteria,Desulfobacterales,JAFDCJ01,JAOZPY01,
M39,Aegir_M39_B56,PEMCANAD_130.region001,Other,hydrogen-cyanide,162.9248224,Bacteria,Desulfobacterota,Desulfobacteria,Desulfobacterales,JAFDCJ01,JAOZPY01,
M39,Aegir_M39_B56,PEMCANAD_145.region001,RiPP,RiPP-like,132.271863,Bacteria,Desulfobacterota,Desulfobacteria,Desulfobacterales,JAFDCJ01,JAOZPY01,
M39,Aegir_M39_B56,PEMCANAD_54.region001,Polyketide,T1PKS,123.3282513,Bacteria,Desulfobacterota,Desulfobacteria,Desulfobacterales,JAFDCJ01,JAOZPY01,
M39,Aegir_M39_B57,PKOHFBCK_383.region001,Terpene,Terpene generic,81.74550294,Bacteria,Zhuqueibacterota,JdFR-76,JdFR-76,4484-219,4484-219,
M39,Aegir_M39_B57,PKOHFBCK_276.region001,RiPP,RRE-containing,78.92167325,Bacteria,Zhuqueibacterota,JdFR-76,JdFR-76,4484-219,4484-219,
M39,Aegir_M39_B58,JGFFHJOO_118.region001,RiPP,RRE-containing,62.32060137,Archaea,Thermoplasmatota,E2,DHVEG-1,B18-G2,B18-G2,
M39,Aegir_M39_B60,IGDGJELM_12.region001,Other,arylpolyene,411.1590831,Bacteria,Myxococcota,B64-G9,B64-G9,B64-G9,JALVPF01,
M39,Aegir_M39_B60,IGDGJELM_46.region002,Terpene,Terpene generic,374.1909443,Bacteria,Myxococcota,B64-G9,B64-G9,B64-G9,JALVPF01,
M39,Aegir_M39_B60,IGDGJELM_61.region001,Polyketide,hglE-KS,330.2921229,Bacteria,Myxococcota,B64-G9,B64-G9,B64-G9,JALVPF01,
M39,Aegir_M39_B60,IGDGJELM_46.region001,Terpene,Terpene generic,274.2723496,Bacteria,Myxococcota,B64-G9,B64-G9,B64-G9,JALVPF01,
M39,Aegir_M39_B60,IGDGJELM_65.region001,Other,arylpolyene,270.7651304,Bacteria,Myxococcota,B64-G9,B64-G9,B64-G9,JALVPF01,
M39,Aegir_M39_B60,IGDGJELM_43.region001,RiPP,RRE-containing,158.6695066,Bacteria,Myxococcota,B64-G9,B64-G9,B64-G9,JALVPF01,
M39,Aegir_M39_B62,GBJKAJGP_36.region001,RiPP,RiPP-like,188.9114811,Bacteria,Desulfobacterota,Desulfobacteria,Desulfobacterales,Desulfobacteraceae,Desulfobacula,
M39,Aegir_M39_B62,GBJKAJGP_238.region001,Other,betalactone,119.5991681,Bacteria,Desulfobacterota,Desulfobacteria,Desulfobacterales,Desulfobacteraceae,Desulfobacula,
M39,Aegir_M39_B62,GBJKAJGP_8.region001,RiPP,RRE-containing,93.15345039,Bacteria,Desulfobacterota,Desulfobacteria,Desulfobacterales,Desulfobacteraceae,Desulfobacula,
M39,Aegir_M39_B62,GBJKAJGP_140.region001,Other,hydrogen-cyanide,70.18963001,Bacteria,Desulfobacterota,Desulfobacteria,Desulfobacterales,Desulfobacteraceae,Desulfobacula,
M39,Aegir_M39_B62,GBJKAJGP_21.region001,Hybrid,acyl_amino_acids:hserlactone,49.44490372,Bacteria,Desulfobacterota,Desulfobacteria,Desulfobacterales,Desulfobacteraceae,Desulfobacula,
M39,Aegir_M39_B62,GBJKAJGP_25.region001,Other,hydrogen-cyanide,44.26221508,Bacteria,Desulfobacterota,Desulfobacteria,Desulfobacterales,Desulfobacteraceae,Desulfobacula,
M39,Aegir_M39_B64,BHJOCGJN_115.region001,Other,acyl_amino_acids,152.8542357,Bacteria,Chloroflexota,Anaerolineae,B4-G1,B4-G1,JALWUZ01,
M39,Aegir_M39_B68,BMNDMLLO_348.region001,NRP,NRP generic,53.76323592,Bacteria,Myxococcota,Polyangia,HGW-17,SLPX01,,
M39,Aegir_M39_B68,BMNDMLLO_425.region001,Terpene,Terpene generic,44.98367167,Bacteria,Myxococcota,Polyangia,HGW-17,SLPX01,,
M39,Aegir_M39_B69,EGDKBMJK_96.region001,Polyketide,T3PKS,249.7959303,Bacteria,Planctomycetota,UBA1135,UBA1135,GCA-002686595,GCA-2862085,
M39,Aegir_M39_B69,EGDKBMJK_324.region001,NRP,NRPS-like,245.3678918,Bacteria,Planctomycetota,UBA1135,UBA1135,GCA-002686595,GCA-2862085,
M39,Aegir_M39_B69,EGDKBMJK_202.region001,RiPP,thiopeptide,202.0238281,Bacteria,Planctomycetota,UBA1135,UBA1135,GCA-002686595,GCA-2862085,
M39,Aegir_M39_B7,OKKCHLFC_349.region001,RiPP,ranthipeptide,74.41640647,Bacteria,Desulfobacterota,JACQYL01,JACQYL01,,,
M39,Aegir_M39_B7,OKKCHLFC_469.region001,RiPP,RRE-containing,73.76413796,Bacteria,Desulfobacterota,JACQYL01,JACQYL01,,,
M39,Aegir_M39_B70,JNJEJPMG_296.region001,RiPP,RiPP-like,416.9372181,Bacteria,Chloroflexota,Anaerolineae,Anaerolineales,UBA11858,UBA11858,
M39,Aegir_M39_B71,OEDHKPFD_39.region001,RiPP,ranthipeptide,5357.837834,Bacteria,Pseudomonadota,Gammaproteobacteria,Methylococcales,Methylomonadaceae,QPIN01,QPIN01 sp021647585
M39,Aegir_M39_B71,OEDHKPFD_164.region001,Other,arylpolyene,5290.15463,Bacteria,Pseudomonadota,Gammaproteobacteria,Methylococcales,Methylomonadaceae,QPIN01,QPIN01 sp021647585
M39,Aegir_M39_B71,OEDHKPFD_19.region001,RiPP,RiPP-like,3910.970816,Bacteria,Pseudomonadota,Gammaproteobacteria,Methylococcales,Methylomonadaceae,QPIN01,QPIN01 sp021647585
M39,Aegir_M39_B71,OEDHKPFD_120.region001,RiPP,RiPP-like,2656.622645,Bacteria,Pseudomonadota,Gammaproteobacteria,Methylococcales,Methylomonadaceae,QPIN01,QPIN01 sp021647585
M39,Aegir_M39_B71,OEDHKPFD_97.region001,Other,betalactone,2264.342698,Bacteria,Pseudomonadota,Gammaproteobacteria,Methylococcales,Methylomonadaceae,QPIN01,QPIN01 sp021647585
M39,Aegir_M39_B71,OEDHKPFD_155.region001,Polyketide,T1PKS,1702.97307,Bacteria,Pseudomonadota,Gammaproteobacteria,Methylococcales,Methylomonadaceae,QPIN01,QPIN01 sp021647585
M39,Aegir_M39_B72,ELFKHDCH_229.region001,RiPP,RiPP-like,173.8588325,Bacteria,Bacteroidota,Bacteroidia,Flavobacteriales,Salibacteraceae,UBA2108,
M39,Aegir_M39_B72,ELFKHDCH_302.region001,Polyketide,T3PKS,141.8771181,Bacteria,Bacteroidota,Bacteroidia,Flavobacteriales,Salibacteraceae,UBA2108,
M39,Aegir_M39_B72,ELFKHDCH_235.region001,Hybrid,arylpolyene:resorcinol,71.74334016,Bacteria,Bacteroidota,Bacteroidia,Flavobacteriales,Salibacteraceae,UBA2108,
M39,Aegir_M39_B74,EPGHDDAG_38.region001,RiPP,RRE-containing,144.9602825,Bacteria,WOR-3,Hydrothermia,JBDRYB01,JBDRYB01,,
M39,Aegir_M39_B74,EPGHDDAG_91.region001,RiPP,RRE-containing,80.63018318,Bacteria,WOR-3,Hydrothermia,JBDRYB01,JBDRYB01,,
M39,Aegir_M39_B75,GOFKCKIN_105.region001,RiPP,RiPP-like,668.2955879,Bacteria,Pseudomonadota,Gammaproteobacteria,Methylococcales,,,
M39,Aegir_M39_B75,GOFKCKIN_92.region001,Hybrid,NRPS-like:T1PKS,412.5871242,Bacteria,Pseudomonadota,Gammaproteobacteria,Methylococcales,,,
M39,Aegir_M39_B75,GOFKCKIN_160.region001,NRP,NRPS-like,368.0268225,Bacteria,Pseudomonadota,Gammaproteobacteria,Methylococcales,,,
M39,Aegir_M39_B75,GOFKCKIN_25.region001,Other,arylpolyene,334.1704449,Bacteria,Pseudomonadota,Gammaproteobacteria,Methylococcales,,,
M39,Aegir_M39_B75,GOFKCKIN_139.region001,Terpene,Terpene generic,236.8881425,Bacteria,Pseudomonadota,Gammaproteobacteria,Methylococcales,,,
M39,Aegir_M39_B75,GOFKCKIN_48.region001,Terpene,Terpene generic,232.5309008,Bacteria,Pseudomonadota,Gammaproteobacteria,Methylococcales,,,
M39,Aegir_M39_B76,FFMOECEE_278.region001,Polyketide,T3PKS,335.8999777,Bacteria,Zhuqueibacterota,Zhuqueibacteria,Residuimicrobiales,Krinioviventaceae,Hydrothermomicrobium,
M39,Aegir_M39_B76,FFMOECEE_523.region001,RiPP,RRE-containing,133.1948772,Bacteria,Zhuqueibacterota,Zhuqueibacteria,Residuimicrobiales,Krinioviventaceae,Hydrothermomicrobium,
M39,Aegir_M39_B77,PCIMOJGB_119.region001,Other,arylpolyene,5947.353967,Bacteria,Bacteroidota,Bacteroidia,Bacteroidales,UBA1556,QNXT01,
M39,Aegir_M39_B77,PCIMOJGB_111.region001,Other,arylpolyene,509.6127612,Bacteria,Bacteroidota,Bacteroidia,Bacteroidales,UBA1556,QNXT01,
M39,Aegir_M39_B77,PCIMOJGB_167.region001,RiPP,RRE-containing,235.2337328,Bacteria,Bacteroidota,Bacteroidia,Bacteroidales,UBA1556,QNXT01,
M39,Aegir_M39_B78,MCBAFCPB_57.region001,RiPP,RRE-containing,294.7122551,Bacteria,Krumholzibacteriota,Krumholzibacteriia,LZORAL124-64-63,LZORAL124-64-63,JAGRNP01,
M39,Aegir_M39_B78,MCBAFCPB_37.region001,Polyketide,T3PKS,276.2654504,Bacteria,Krumholzibacteriota,Krumholzibacteriia,LZORAL124-64-63,LZORAL124-64-63,JAGRNP01,
M39,Aegir_M39_B79,ECMLGHLP_74.region001,Polyketide,hglE-KS,271.7329179,Bacteria,Chloroflexota,Anaerolineae,JAFGEY01,JAFGEY01,BS750m-G44,
M39,Aegir_M39_B79,ECMLGHLP_27.region001,RiPP,ranthipeptide,62.22727213,Bacteria,Chloroflexota,Anaerolineae,JAFGEY01,JAFGEY01,BS750m-G44,
M39,Aegir_M39_B81,JJMLPPNE_160.region001,Other,nucleoside,359.3581681,Bacteria,Chloroflexota,Anaerolineae,SpSt-600,SpSt-600,HyVt-206,
M39,Aegir_M39_B81,JJMLPPNE_135.region001,RiPP,RiPP-like,266.6564939,Bacteria,Chloroflexota,Anaerolineae,SpSt-600,SpSt-600,HyVt-206,
M39,Aegir_M39_B82,DMCDPPBI_182.region001,Other,arylpolyene,390.5549872,Bacteria,Desulfobacterota,Desulfobulbia,Desulfobulbales,Desulfocapsaceae,Desulforhopalus,Desulforhopalus sp947311315
M39,Aegir_M39_B82,DMCDPPBI_185.region001,Other,arylpolyene,282.9491454,Bacteria,Desulfobacterota,Desulfobulbia,Desulfobulbales,Desulfocapsaceae,Desulforhopalus,Desulforhopalus sp947311315
M39,Aegir_M39_B82,DMCDPPBI_31.region001,Other,resorcinol,154.9734675,Bacteria,Desulfobacterota,Desulfobulbia,Desulfobulbales,Desulfocapsaceae,Desulforhopalus,Desulforhopalus sp947311315
M39,Aegir_M39_B82,DMCDPPBI_186.region001,RiPP,RiPP-like,107.9379634,Bacteria,Desulfobacterota,Desulfobulbia,Desulfobulbales,Desulfocapsaceae,Desulforhopalus,Desulforhopalus sp947311315
M39,Aegir_M39_B84,KCHELPBI_228.region001,RiPP,RiPP-like,43163.01139,Bacteria,Desulfobacterota,Desulfofervidia,Desulfofervidales,Desulfofervidaceae,Desulfofervidus,
M39,Aegir_M39_B84,KCHELPBI_10.region001,RiPP,RRE-containing,29531.52547,Bacteria,Desulfobacterota,Desulfofervidia,Desulfofervidales,Desulfofervidaceae,Desulfofervidus,
M39,Aegir_M39_B89,MCIIGNFI_14.region001,Other,hydrogen-cyanide,91.65680708,Bacteria,Acidobacteriota,Aminicenantia,S016-38,S016-38,S016-38,
M39,Aegir_M39_B9,GIEECOIE_14.region001,RiPP,RRE-containing,812.4648569,Archaea,Thermoplasmatota,E2,UBA202,JdFR-43,JAPDJP01,
M39,Aegir_M39_B90,EHFDCMEE_109.region001,RiPP,RRE-containing,124.0450154,Bacteria,Campylobacterota,Campylobacteria,Campylobacterales,Nitratiruptoraceae,Nitratiruptor,
M39,Aegir_M39_B92,JHHPGEIM_237.region001,Terpene,Terpene generic,69.2105117,Bacteria,Desulfobacterota,DSWW01,DSWW01,DSWW01,S015-6,
M39,Aegir_M39_B92,JHHPGEIM_182.region001,RiPP,ranthipeptide,63.0475273,Bacteria,Desulfobacterota,DSWW01,DSWW01,DSWW01,S015-6,
M39,Aegir_M39_B92,JHHPGEIM_28.region001,RiPP,RiPP-like,43.30051944,Bacteria,Desulfobacterota,DSWW01,DSWW01,DSWW01,S015-6,
M39,Aegir_M39_B92,JHHPGEIM_442.region001,Polyketide,hglE-KS,22.5674194,Bacteria,Desulfobacterota,DSWW01,DSWW01,DSWW01,S015-6,
M39,Aegir_M39_B92,JHHPGEIM_282.region001,Polyketide,hglE-KS,16.62755541,Bacteria,Desulfobacterota,DSWW01,DSWW01,DSWW01,S015-6,
M39,Aegir_M39_B92,JHHPGEIM_376.region001,Hybrid,hglE-KS:T1PKS,16.26271802,Bacteria,Desulfobacterota,DSWW01,DSWW01,DSWW01,S015-6,
M39,Aegir_M39_B96,LBJGNDLM_86.region001,RiPP,RiPP-like,682.1273095,Bacteria,Campylobacterota,Campylobacteria,Campylobacterales,Sulfurovaceae,JAADEQ01,
M39,Aegir_M39_B98,KEGBFKGK_10.region001,Hybrid,hglE-KS:T1PKS,1222.154594,Bacteria,Desulfobacterota,Desulfobacteria,Desulfobacterales,JALSRD01,JALSRD01,
M39,Aegir_M39_B98,KEGBFKGK_100.region001,Terpene,Terpene generic,1118.876095,Bacteria,Desulfobacterota,Desulfobacteria,Desulfobacterales,JALSRD01,JALSRD01,
M39,Aegir_M39_B98,KEGBFKGK_1.region001,Other,hydrogen-cyanide,870.7085033,Bacteria,Desulfobacterota,Desulfobacteria,Desulfobacterales,JALSRD01,JALSRD01,
M39,Aegir_M39_B98,KEGBFKGK_93.region001,RiPP,RRE-containing,777.1094743,Bacteria,Desulfobacterota,Desulfobacteria,Desulfobacterales,JALSRD01,JALSRD01,
M39,Aegir_M39_B98,KEGBFKGK_61.region001,Terpene,Terpene generic,733.4653109,Bacteria,Desulfobacterota,Desulfobacteria,Desulfobacterales,JALSRD01,JALSRD01,
M39,Aegir_M39_B98,KEGBFKGK_79.region001,Polyketide,T1PKS,539.850385,Bacteria,Desulfobacterota,Desulfobacteria,Desulfobacterales,JALSRD01,JALSRD01,
M39,Aegir_M39_B98,KEGBFKGK_47.region001,RiPP,RiPP-like,387.3675988,Bacteria,Desulfobacterota,Desulfobacteria,Desulfobacterales,JALSRD01,JALSRD01,
M39,Aegir_M39_B99,AAIIPECO_41.region001,Other,betalactone,179.2107864,Bacteria,Desulfobacterota,Desulfobacteria,Desulfobacterales,Desulfosarcinaceae,JALVQM01,
M39,Aegir_M39_B99,AAIIPECO_2.region001,RiPP,RiPP-like,147.5839494,Bacteria,Desulfobacterota,Desulfobacteria,Desulfobacterales,Desulfosarcinaceae,JALVQM01,
M39,Aegir_M39_B99,AAIIPECO_23.region001,Polyketide,hglE-KS,139.66126,Bacteria,Desulfobacterota,Desulfobacteria,Desulfobacterales,Desulfosarcinaceae,JALVQM01,
M39,Aegir_M39_B99,AAIIPECO_57.region001,Hybrid,hglE-KS:T1PKS,85.06908613,Bacteria,Desulfobacterota,Desulfobacteria,Desulfobacterales,Desulfosarcinaceae,JALVQM01,
M39,Aegir_M39_B99,AAIIPECO_18.region001,Other,hydrogen-cyanide,80.19141458,Bacteria,Desulfobacterota,Desulfobacteria,Desulfobacterales,Desulfosarcinaceae,JALVQM01,
M39,Aegir_M39_B99,AAIIPECO_76.region001,RiPP,RiPP-like,56.65895478,Bacteria,Desulfobacterota,Desulfobacteria,Desulfobacterales,Desulfosarcinaceae,JALVQM01,
M39,Aegir_M39_B99,AAIIPECO_13.region001,Other,hydrogen-cyanide,47.21177215,Bacteria,Desulfobacterota,Desulfobacteria,Desulfobacterales,Desulfosarcinaceae,JALVQM01,
M33,Barite_M33_B10,JLLMDFFJ_140.region001,RiPP,RiPP-like,2591.947419,Bacteria,Pseudomonadota,Gammaproteobacteria,Pseudomonadales,Azotimanducaceae,JAHRVQ01,
M33,Barite_M33_B10,JLLMDFFJ_331.region001,Other,arylpolyene,776.3425741,Bacteria,Pseudomonadota,Gammaproteobacteria,Pseudomonadales,Azotimanducaceae,JAHRVQ01,
M33,Barite_M33_B100,EHILNAML_308.region001,NRP,CDPS,100.1422855,Bacteria,Pseudomonadota,Alphaproteobacteria,Micavibrionales,CSBR16-224,,
M33,Barite_M33_B100,EHILNAML_133.region001,RiPP,RiPP-like,94.77454623,Bacteria,Pseudomonadota,Alphaproteobacteria,Micavibrionales,CSBR16-224,,
M33,Barite_M33_B100,EHILNAML_215.region001,Other,resorcinol,84.36035389,Bacteria,Pseudomonadota,Alphaproteobacteria,Micavibrionales,CSBR16-224,,
M33,Barite_M33_B101,MNIOLPGK_192.region001,RiPP,RiPP-like,73.90788387,Bacteria,Bacteroidota,Bacteroidia,Flavobacteriales,Flavobacteriaceae,S010-17,
M33,Barite_M33_B102,BFHHFIMI_62.region001,NRP,NRPS-like,2057.423898,Bacteria,Planctomycetota,UBA1135,UBA1135,GCA-002686595,NORP259,
M33,Barite_M33_B102,BFHHFIMI_206.region001,RiPP,RiPP-like,1908.068976,Bacteria,Planctomycetota,UBA1135,UBA1135,GCA-002686595,NORP259,
M33,Barite_M33_B102,BFHHFIMI_139.region001,NRP,NRPS-like,1252.38386,Bacteria,Planctomycetota,UBA1135,UBA1135,GCA-002686595,NORP259,
M33,Barite_M33_B102,BFHHFIMI_174.region001,RiPP,RiPP-like,1156.413063,Bacteria,Planctomycetota,UBA1135,UBA1135,GCA-002686595,NORP259,
M33,Barite_M33_B103,DOFAKDOK_135.region001,Other,betalactone,403.6007095,Bacteria,Pseudomonadota,Gammaproteobacteria,SZUA-229,SZUA-229,SZUA-229,
M33,Barite_M33_B103,DOFAKDOK_94.region001,RiPP,RiPP-like,190.3771368,Bacteria,Pseudomonadota,Gammaproteobacteria,SZUA-229,SZUA-229,SZUA-229,
M33,Barite_M33_B103,DOFAKDOK_62.region001,Terpene,Terpene generic,56.47603506,Bacteria,Pseudomonadota,Gammaproteobacteria,SZUA-229,SZUA-229,SZUA-229,
M33,Barite_M33_B104,JEHDAJPF_122.region001,Other,arylpolyene,254.6072806,Bacteria,Pseudomonadota,Gammaproteobacteria,Methylococcales,Methylomonadaceae,Methyloprofundus,
M33,Barite_M33_B104,JEHDAJPF_54.region001,NRP,NRP generic,159.3702714,Bacteria,Pseudomonadota,Gammaproteobacteria,Methylococcales,Methylomonadaceae,Methyloprofundus,
M33,Barite_M33_B104,JEHDAJPF_36.region001,Terpene,Terpene generic,56.35697017,Bacteria,Pseudomonadota,Gammaproteobacteria,Methylococcales,Methylomonadaceae,Methyloprofundus,
M33,Barite_M33_B105,ADJNEHKA_31.region001,RiPP,RRE-containing,10436.915,Bacteria,Pseudomonadota,Gammaproteobacteria,Methylococcales,Methylomonadaceae,,
M33,Barite_M33_B105,ADJNEHKA_121.region001,RiPP,RiPP-like,53.64609905,Bacteria,Pseudomonadota,Gammaproteobacteria,Methylococcales,Methylomonadaceae,,
M33,Barite_M33_B106,LFCNJEPG_1.region001,RiPP,RiPP-like,5594.834037,Bacteria,Pseudomonadota,Gammaproteobacteria,QNFE01,QNFE01,,
M33,Barite_M33_B106,LFCNJEPG_12.region002,RiPP,RiPP-like,2177.122288,Bacteria,Pseudomonadota,Gammaproteobacteria,QNFE01,QNFE01,,
M33,Barite_M33_B106,LFCNJEPG_12.region001,RiPP,RiPP-like,2131.63103,Bacteria,Pseudomonadota,Gammaproteobacteria,QNFE01,QNFE01,,
M33,Barite_M33_B106,LFCNJEPG_4.region001,RiPP,RiPP-like,2028.192296,Bacteria,Pseudomonadota,Gammaproteobacteria,QNFE01,QNFE01,,
M33,Barite_M33_B107,EMINPHIH_29.region001,RiPP,RiPP-like,788.6109042,Bacteria,Pseudomonadota,Gammaproteobacteria,Nitrosococcales,Methylophagaceae,GCA-002733105,
M33,Barite_M33_B107,EMINPHIH_5.region001,RiPP,RiPP-like,596.1979669,Bacteria,Pseudomonadota,Gammaproteobacteria,Nitrosococcales,Methylophagaceae,GCA-002733105,
M33,Barite_M33_B107,EMINPHIH_21.region001,Terpene,Terpene generic,479.3668748,Bacteria,Pseudomonadota,Gammaproteobacteria,Nitrosococcales,Methylophagaceae,GCA-002733105,
M33,Barite_M33_B107,EMINPHIH_24.region001,RiPP,RiPP-like,443.8696729,Bacteria,Pseudomonadota,Gammaproteobacteria,Nitrosococcales,Methylophagaceae,GCA-002733105,
M33,Barite_M33_B107,EMINPHIH_9.region001,Terpene,Terpene generic,244.2273707,Bacteria,Pseudomonadota,Gammaproteobacteria,Nitrosococcales,Methylophagaceae,GCA-002733105,
M33,Barite_M33_B108,BCLDLBDD_124.region001,RiPP,RRE-containing,62.11335691,Bacteria,Verrucomicrobiota,Verrucomicrobiia,Opitutales,Opitutaceae,Cephaloticoccus,
M33,Barite_M33_B108,BCLDLBDD_118.region001,RiPP,RiPP-like,51.10268288,Bacteria,Verrucomicrobiota,Verrucomicrobiia,Opitutales,Opitutaceae,Cephaloticoccus,
M33,Barite_M33_B108,BCLDLBDD_11.region001,Polyketide,T3PKS,50.40270963,Bacteria,Verrucomicrobiota,Verrucomicrobiia,Opitutales,Opitutaceae,Cephaloticoccus,
M33,Barite_M33_B109,NKNCIDFI_243.region001,NRP,NRP generic,91.31447861,Bacteria,Bacteroidota,Bacteroidia,Chitinophagales,Saprospiraceae,BCD1,
M33,Barite_M33_B110,FEKFMOAO_316.region001,RiPP,RiPP-like,301.2820772,Bacteria,Myxococcota_A,UBA9160,UBA9160,UBA4427,UBA4427,
M33,Barite_M33_B110,FEKFMOAO_289.region001,Polyketide,T1PKS,267.9071702,Bacteria,Myxococcota_A,UBA9160,UBA9160,UBA4427,UBA4427,
M33,Barite_M33_B110,FEKFMOAO_372.region001,NRP,NRPS-like,178.4327138,Bacteria,Myxococcota_A,UBA9160,UBA9160,UBA4427,UBA4427,
M33,Barite_M33_B110,FEKFMOAO_314.region001,Polyketide,hglE-KS,40.98542973,Bacteria,Myxococcota_A,UBA9160,UBA9160,UBA4427,UBA4427,
M33,Barite_M33_B112,NPLDDKJN_201.region001,Polyketide,T3PKS,2856.13598,Bacteria,Bacteroidota,Bacteroidia,Cytophagales,Cyclobacteriaceae,Reichenbachiella,
M33,Barite_M33_B112,NPLDDKJN_692.region001,Other,arylpolyene,206.9163869,Bacteria,Bacteroidota,Bacteroidia,Cytophagales,Cyclobacteriaceae,Reichenbachiella,
M33,Barite_M33_B112,NPLDDKJN_577.region001,Other,arylpolyene,200.4471396,Bacteria,Bacteroidota,Bacteroidia,Cytophagales,Cyclobacteriaceae,Reichenbachiella,
M33,Barite_M33_B112,NPLDDKJN_303.region001,Other,phosphonate,185.1867017,Bacteria,Bacteroidota,Bacteroidia,Cytophagales,Cyclobacteriaceae,Reichenbachiella,
M33,Barite_M33_B113,BMEKDGJI_9.region001,RiPP,RiPP-like,3745.540525,Bacteria,Pseudomonadota,Gammaproteobacteria,Beggiatoales,Beggiatoaceae,,
M33,Barite_M33_B113,BMEKDGJI_3.region001,NRP,NRPS-like,2605.004818,Bacteria,Pseudomonadota,Gammaproteobacteria,Beggiatoales,Beggiatoaceae,,
M33,Barite_M33_B113,BMEKDGJI_104.region001,Terpene,Terpene generic,2578.134145,Bacteria,Pseudomonadota,Gammaproteobacteria,Beggiatoales,Beggiatoaceae,,
M33,Barite_M33_B114,HJEFFHPK_70.region001,RiPP,RiPP-like,1342.350539,Bacteria,Pseudomonadota,Gammaproteobacteria,SZUA-229,SZUA-229,GCA-2746365,
M33,Barite_M33_B114,HJEFFHPK_141.region001,Other,arylpolyene,244.7481427,Bacteria,Pseudomonadota,Gammaproteobacteria,SZUA-229,SZUA-229,GCA-2746365,
M33,Barite_M33_B115,BIPDNBCM_163.region001,RiPP,lanthipeptide,66.63542255,Bacteria,Bacteroidota,Bacteroidia,Flavobacteriales,Salibacteraceae,CAJXZP01,
M33,Barite_M33_B13,DOFEOPKJ_456.region001,RiPP,RRE-containing,429.5530244,Bacteria,Pseudomonadota,Gammaproteobacteria,Chromatiales,Chromatiaceae,,
M33,Barite_M33_B13,DOFEOPKJ_368.region001,Other,arylpolyene,270.6475747,Bacteria,Pseudomonadota,Gammaproteobacteria,Chromatiales,Chromatiaceae,,
M33,Barite_M33_B13,DOFEOPKJ_132.region001,RiPP,RiPP-like,234.6846895,Bacteria,Pseudomonadota,Gammaproteobacteria,Chromatiales,Chromatiaceae,,
M33,Barite_M33_B13,DOFEOPKJ_58.region001,Terpene,Terpene generic,71.91812981,Bacteria,Pseudomonadota,Gammaproteobacteria,Chromatiales,Chromatiaceae,,
M33,Barite_M33_B14,DBOFCDMG_77.region001,RiPP,RiPP-like,19901.27472,Bacteria,Campylobacterota,Campylobacteria,Campylobacterales,Sulfurovaceae,Sulfurovum,
M33,Barite_M33_B14,DBOFCDMG_58.region001,RiPP,RRE-containing,17732.22283,Bacteria,Campylobacterota,Campylobacteria,Campylobacterales,Sulfurovaceae,Sulfurovum,
M33,Barite_M33_B17,MANEPPGP_398.region001,Polyketide,T3PKS,123.1470459,Bacteria,Planctomycetota,UBA1135,UBA1135,UBA1135,GCA-2746235,
M33,Barite_M33_B17,MANEPPGP_469.region001,NRP,NRPS-like,69.21268945,Bacteria,Planctomycetota,UBA1135,UBA1135,UBA1135,GCA-2746235,
M33,Barite_M33_B18,CBFAIEJC_29.region001,Other,hserlactone,208.6599456,Bacteria,Pseudomonadota,Alphaproteobacteria,Micavibrionales,Micavibrionaceae,,
M33,Barite_M33_B18,CBFAIEJC_14.region001,Terpene,Terpene generic,133.5414995,Bacteria,Pseudomonadota,Alphaproteobacteria,Micavibrionales,Micavibrionaceae,,
M33,Barite_M33_B2,JBFOKAIG_13.region002,RiPP,RiPP-like,913.9090699,Bacteria,Pseudomonadota,Alphaproteobacteria,Caulobacterales,Maricaulaceae,Robiginitomaculum_A,
M33,Barite_M33_B2,JBFOKAIG_13.region001,Other,hserlactone,592.0219082,Bacteria,Pseudomonadota,Alphaproteobacteria,Caulobacterales,Maricaulaceae,Robiginitomaculum_A,
M33,Barite_M33_B2,JBFOKAIG_1.region001,Other,betalactone,331.3474021,Bacteria,Pseudomonadota,Alphaproteobacteria,Caulobacterales,Maricaulaceae,Robiginitomaculum_A,
M33,Barite_M33_B20,NGKECJEJ_235.region001,RiPP,RiPP-like,3285.792747,Bacteria,Pseudomonadota,Alphaproteobacteria,Sphingomonadales,Kordiimonadaceae,Kordiimonas,
M33,Barite_M33_B20,NGKECJEJ_179.region001,Terpene,Terpene generic,3080.137604,Bacteria,Pseudomonadota,Alphaproteobacteria,Sphingomonadales,Kordiimonadaceae,Kordiimonas,
M33,Barite_M33_B21,PKDJBPAN_28.region001,Polyketide,T3PKS,2308.25595,Bacteria,Bacteroidota,Bacteroidia,Cytophagales,Cyclobacteriaceae,Roseivirga,
M33,Barite_M33_B21,PKDJBPAN_103.region001,NRP,NRP generic,105.6670225,Bacteria,Bacteroidota,Bacteroidia,Cytophagales,Cyclobacteriaceae,Roseivirga,
M33,Barite_M33_B21,PKDJBPAN_152.region001,NRP,NRP generic,102.7417499,Bacteria,Bacteroidota,Bacteroidia,Cytophagales,Cyclobacteriaceae,Roseivirga,
M33,Barite_M33_B21,PKDJBPAN_95.region001,Terpene,Terpene generic,41.67087677,Bacteria,Bacteroidota,Bacteroidia,Cytophagales,Cyclobacteriaceae,Roseivirga,
M33,Barite_M33_B21,PKDJBPAN_94.region001,RiPP,lanthipeptide,27.9957914,Bacteria,Bacteroidota,Bacteroidia,Cytophagales,Cyclobacteriaceae,Roseivirga,
M33,Barite_M33_B21,PKDJBPAN_55.region001,RiPP,lassopeptide,27.31253928,Bacteria,Bacteroidota,Bacteroidia,Cytophagales,Cyclobacteriaceae,Roseivirga,
M33,Barite_M33_B21,PKDJBPAN_8.region001,Terpene,Terpene generic,8.763753051,Bacteria,Bacteroidota,Bacteroidia,Cytophagales,Cyclobacteriaceae,Roseivirga,
M33,Barite_M33_B23,JICMBPMM_86.region001,NRP,CDPS,65186.32438,Bacteria,Pseudomonadota,Gammaproteobacteria,Methylococcales,Methylomonadaceae,WTBX01,
M33,Barite_M33_B23,JICMBPMM_115.region001,RiPP,RiPP-like,35221.75871,Bacteria,Pseudomonadota,Gammaproteobacteria,Methylococcales,Methylomonadaceae,WTBX01,
M33,Barite_M33_B23,JICMBPMM_39.region001,Other,arylpolyene,34701.92349,Bacteria,Pseudomonadota,Gammaproteobacteria,Methylococcales,Methylomonadaceae,WTBX01,
M33,Barite_M33_B23,JICMBPMM_213.region001,NRP,NRP generic,28436.26777,Bacteria,Pseudomonadota,Gammaproteobacteria,Methylococcales,Methylomonadaceae,WTBX01,
M33,Barite_M33_B23,JICMBPMM_2.region001,Hybrid,NRPS:NRPS-like,27158.88871,Bacteria,Pseudomonadota,Gammaproteobacteria,Methylococcales,Methylomonadaceae,WTBX01,
M33,Barite_M33_B23,JICMBPMM_201.region001,RiPP,ranthipeptide,18933.32388,Bacteria,Pseudomonadota,Gammaproteobacteria,Methylococcales,Methylomonadaceae,WTBX01,
M33,Barite_M33_B23,JICMBPMM_48.region001,Terpene,Terpene generic,18335.59388,Bacteria,Pseudomonadota,Gammaproteobacteria,Methylococcales,Methylomonadaceae,WTBX01,
M33,Barite_M33_B23,JICMBPMM_6.region001,RiPP,RiPP-like,12902.79641,Bacteria,Pseudomonadota,Gammaproteobacteria,Methylococcales,Methylomonadaceae,WTBX01,
M33,Barite_M33_B24,CHKIDLOL_85.region001,RiPP,RiPP-like,370.0562577,Bacteria,Pseudomonadota,Alphaproteobacteria,Rickettsiales,JAUIEX01,,
M33,Barite_M33_B26,MPHHIGMO_112.region001,Terpene,Terpene generic,535.8143403,Bacteria,Pseudomonadota,Alphaproteobacteria,Rhizobiales,OSC116,OCS116,
M33,Barite_M33_B26,MPHHIGMO_88.region001,RiPP,RiPP-like,331.4035464,Bacteria,Pseudomonadota,Alphaproteobacteria,Rhizobiales,OSC116,OCS116,
M33,Barite_M33_B28,OEEHPCBC_103.region001,NRP,NRP generic,339.1295053,Bacteria,Verrucomicrobiota,Verrucomicrobiia,Verrucomicrobiales,DEV007,Arctic95D-9,
M33,Barite_M33_B28,OEEHPCBC_658.region001,Polyketide,T3PKS,111.8662112,Bacteria,Verrucomicrobiota,Verrucomicrobiia,Verrucomicrobiales,DEV007,Arctic95D-9,
M33,Barite_M33_B28,OEEHPCBC_574.region001,NRP,NRP generic,88.40723483,Bacteria,Verrucomicrobiota,Verrucomicrobiia,Verrucomicrobiales,DEV007,Arctic95D-9,
M33,Barite_M33_B28,OEEHPCBC_349.region001,Terpene,Terpene generic,61.8476704,Bacteria,Verrucomicrobiota,Verrucomicrobiia,Verrucomicrobiales,DEV007,Arctic95D-9,
M33,Barite_M33_B28,OEEHPCBC_45.region001,RiPP,RiPP-like,56.77901808,Bacteria,Verrucomicrobiota,Verrucomicrobiia,Verrucomicrobiales,DEV007,Arctic95D-9,
M33,Barite_M33_B28,OEEHPCBC_59.region001,Terpene,Terpene generic,45.7655441,Bacteria,Verrucomicrobiota,Verrucomicrobiia,Verrucomicrobiales,DEV007,Arctic95D-9,
M33,Barite_M33_B29,NJGHEJCP_31.region001,RiPP,RiPP-like,138.1500425,Bacteria,Pseudomonadota,Gammaproteobacteria,SZUA-229,SZUA-229,GCA-2746365,
M33,Barite_M33_B29,NJGHEJCP_46.region001,Other,hydrogen-cyanide,93.41932663,Bacteria,Pseudomonadota,Gammaproteobacteria,SZUA-229,SZUA-229,GCA-2746365,
M33,Barite_M33_B29,NJGHEJCP_232.region001,RiPP,RiPP-like,73.70201232,Bacteria,Pseudomonadota,Gammaproteobacteria,SZUA-229,SZUA-229,GCA-2746365,
M33,Barite_M33_B29,NJGHEJCP_65.region001,Hybrid,NRPS:NRPS-like:T1PKS,39.58222708,Bacteria,Pseudomonadota,Gammaproteobacteria,SZUA-229,SZUA-229,GCA-2746365,
M33,Barite_M33_B29,NJGHEJCP_235.region001,Hybrid,NRPS:NRPS-like:T1PKS,20.60671528,Bacteria,Pseudomonadota,Gammaproteobacteria,SZUA-229,SZUA-229,GCA-2746365,
M33,Barite_M33_B30,COHBHEGN_43.region001,RiPP,RiPP-like,6743.241342,Bacteria,Bacteroidota,Bacteroidia,Flavobacteriales,Flavobacteriaceae,Urechidicola,
M33,Barite_M33_B30,COHBHEGN_38.region001,Other,arylpolyene,5454.840397,Bacteria,Bacteroidota,Bacteroidia,Flavobacteriales,Flavobacteriaceae,Urechidicola,
M33,Barite_M33_B30,COHBHEGN_65.region001,Hybrid,arylpolyene:betalactone:resorcinol,5001.510183,Bacteria,Bacteroidota,Bacteroidia,Flavobacteriales,Flavobacteriaceae,Urechidicola,
M33,Barite_M33_B31,ALBGKPPL_355.region001,Other,arylpolyene,524.4130571,Bacteria,Pseudomonadota,Gammaproteobacteria,Enterobacterales,Kangiellaceae,GCA-002733465,
M33,Barite_M33_B31,ALBGKPPL_545.region001,NRP,NRPS-like,410.0660302,Bacteria,Pseudomonadota,Gammaproteobacteria,Enterobacterales,Kangiellaceae,GCA-002733465,
M33,Barite_M33_B31,ALBGKPPL_108.region001,Other,resorcinol,395.9661293,Bacteria,Pseudomonadota,Gammaproteobacteria,Enterobacterales,Kangiellaceae,GCA-002733465,
M33,Barite_M33_B31,ALBGKPPL_86.region001,NRP,NRPS-like,267.0176575,Bacteria,Pseudomonadota,Gammaproteobacteria,Enterobacterales,Kangiellaceae,GCA-002733465,
M33,Barite_M33_B31,ALBGKPPL_221.region001,NRP,NRP generic,239.3965838,Bacteria,Pseudomonadota,Gammaproteobacteria,Enterobacterales,Kangiellaceae,GCA-002733465,
M33,Barite_M33_B32,MFEMIGBH_88.region001,RiPP,RiPP-like,457.5423838,Bacteria,Pseudomonadota,Gammaproteobacteria,GCA-001735895,GCA-001735895,,
M33,Barite_M33_B32,MFEMIGBH_48.region001,RiPP,RiPP-like,289.7417566,Bacteria,Pseudomonadota,Gammaproteobacteria,GCA-001735895,GCA-001735895,,
M33,Barite_M33_B32,MFEMIGBH_44.region001,RiPP,thiopeptide,262.9701403,Bacteria,Pseudomonadota,Gammaproteobacteria,GCA-001735895,GCA-001735895,,
M33,Barite_M33_B33,IGGPEIED_17.region001,Terpene,Terpene generic,114.6594038,Bacteria,Pseudomonadota,Alphaproteobacteria,Caulobacterales,Maricaulaceae,Robiginitomaculum_A,
M33,Barite_M33_B34,NNIJCGEL_242.region001,NRP,NRPS-like,2152.778177,Bacteria,Pseudomonadota,Gammaproteobacteria,Methylococcales,Methylomonadaceae,Methyloprofundus,
M33,Barite_M33_B34,NNIJCGEL_207.region001,RiPP,RRE-containing,825.838965,Bacteria,Pseudomonadota,Gammaproteobacteria,Methylococcales,Methylomonadaceae,Methyloprofundus,
M33,Barite_M33_B34,NNIJCGEL_162.region001,Other,hydrogen-cyanide,153.0145284,Bacteria,Pseudomonadota,Gammaproteobacteria,Methylococcales,Methylomonadaceae,Methyloprofundus,
M33,Barite_M33_B35,MMHLBHKL_430.region001,RiPP,RiPP-like,2250.463633,Bacteria,Pseudomonadota,Gammaproteobacteria,Methylococcales,Methylomonadaceae,Methyloprofundus,
M33,Barite_M33_B35,MMHLBHKL_449.region001,Other,arylpolyene,1081.762285,Bacteria,Pseudomonadota,Gammaproteobacteria,Methylococcales,Methylomonadaceae,Methyloprofundus,
M33,Barite_M33_B35,MMHLBHKL_421.region001,NRP,NRPS-like,203.9942253,Bacteria,Pseudomonadota,Gammaproteobacteria,Methylococcales,Methylomonadaceae,Methyloprofundus,
M33,Barite_M33_B36,KPIBPLGM_272.region001,RiPP,RRE-containing,529.6849103,Bacteria,Pseudomonadota,Alphaproteobacteria,Rhodobacterales,Rhodobacteraceae,UBA3077,
M33,Barite_M33_B36,KPIBPLGM_265.region001,Polyketide,T1PKS,365.6818267,Bacteria,Pseudomonadota,Alphaproteobacteria,Rhodobacterales,Rhodobacteraceae,UBA3077,
M33,Barite_M33_B36,KPIBPLGM_289.region001,RiPP,RRE-containing,346.2359614,Bacteria,Pseudomonadota,Alphaproteobacteria,Rhodobacterales,Rhodobacteraceae,UBA3077,
M33,Barite_M33_B36,KPIBPLGM_307.region001,NRP,NRPS-like,257.3199155,Bacteria,Pseudomonadota,Alphaproteobacteria,Rhodobacterales,Rhodobacteraceae,UBA3077,
M33,Barite_M33_B37,NKGBANJE_74.region001,RiPP,RiPP-like,119.4703372,Bacteria,Pseudomonadota,Gammaproteobacteria,Pseudomonadales,Halieaceae,JBALVT01,
M33,Barite_M33_B37,NKGBANJE_51.region001,Other,hserlactone,54.10843032,Bacteria,Pseudomonadota,Gammaproteobacteria,Pseudomonadales,Halieaceae,JBALVT01,
M33,Barite_M33_B37,NKGBANJE_74.region002,RiPP,LAP,50.13891634,Bacteria,Pseudomonadota,Gammaproteobacteria,Pseudomonadales,Halieaceae,JBALVT01,
M33,Barite_M33_B38,JMMHIICP_88.region001,NRP,NRP generic,382.9101061,Bacteria,Pseudomonadota,Gammaproteobacteria,Enterobacterales,Kangiellaceae,GCA-002733465,
M33,Barite_M33_B38,JMMHIICP_3.region001,RiPP,RiPP-like,314.4535772,Bacteria,Pseudomonadota,Gammaproteobacteria,Enterobacterales,Kangiellaceae,GCA-002733465,
M33,Barite_M33_B4,NGHILOBA_106.region001,RiPP,RiPP-like,237.5933531,Bacteria,Pseudomonadota,Gammaproteobacteria,Arenicellales,Poriferihabitantaceae,JAAELZ01,
M33,Barite_M33_B4,NGHILOBA_3.region001,RiPP,RiPP-like,204.5800703,Bacteria,Pseudomonadota,Gammaproteobacteria,Arenicellales,Poriferihabitantaceae,JAAELZ01,
M33,Barite_M33_B4,NGHILOBA_52.region001,RiPP,RRE-containing,180.3573813,Bacteria,Pseudomonadota,Gammaproteobacteria,Arenicellales,Poriferihabitantaceae,JAAELZ01,
M33,Barite_M33_B4,NGHILOBA_38.region001,Hybrid,NRPS:NRPS-like:RRE-containing,127.994497,Bacteria,Pseudomonadota,Gammaproteobacteria,Arenicellales,Poriferihabitantaceae,JAAELZ01,
M33,Barite_M33_B40,PHKBGOOM_464.region001,NRP,NRPS-like,139.1533862,Bacteria,Planctomycetota,Planctomycetia,Pirellulales,Lacipirellulaceae,,
M33,Barite_M33_B40,PHKBGOOM_31.region001,NRP,NRPS-like,94.42424521,Bacteria,Planctomycetota,Planctomycetia,Pirellulales,Lacipirellulaceae,,
M33,Barite_M33_B41,BGLBHDLA_141.region001,Polyketide,T3PKS,1223.564516,Bacteria,Planctomycetota,Phycisphaerae,Phycisphaerales,UBA1924,UBA1924,
M33,Barite_M33_B42,BMMDGOPI_13.region001,Other,hserlactone,283.9059697,Bacteria,Pseudomonadota,Alphaproteobacteria,Micavibrionales,Micavibrionaceae,JAJRYK01,
M33,Barite_M33_B43,OLHBDDCL_231.region001,Other,phenazine,524.353071,Bacteria,Verrucomicrobiota,Verrucomicrobiia,Verrucomicrobiales,Akkermansiaceae,Oceaniferula,
M33,Barite_M33_B43,OLHBDDCL_240.region001,Polyketide,T3PKS,331.0826581,Bacteria,Verrucomicrobiota,Verrucomicrobiia,Verrucomicrobiales,Akkermansiaceae,Oceaniferula,
M33,Barite_M33_B43,OLHBDDCL_148.region001,Other,arylpolyene,24.85165301,Bacteria,Verrucomicrobiota,Verrucomicrobiia,Verrucomicrobiales,Akkermansiaceae,Oceaniferula,
M33,Barite_M33_B44,OPOFCGAF_16.region001,RiPP,RiPP-like,50.94805345,Bacteria,Pseudomonadota,Alphaproteobacteria,Micavibrionales,Micavibrionaceae,,
M33,Barite_M33_B44,OPOFCGAF_4.region001,Terpene,Terpene generic,8.901483009,Bacteria,Pseudomonadota,Alphaproteobacteria,Micavibrionales,Micavibrionaceae,,
M33,Barite_M33_B45,MEICBBJD_113.region001,RiPP,RiPP-like,1317.81677,Bacteria,Pseudomonadota,Gammaproteobacteria,GCA-001735895,GCA-001735895,,
M33,Barite_M33_B45,MEICBBJD_38.region001,RiPP,RiPP-like,923.0558202,Bacteria,Pseudomonadota,Gammaproteobacteria,GCA-001735895,GCA-001735895,,
M33,Barite_M33_B45,MEICBBJD_174.region001,RiPP,RiPP-like,819.1647809,Bacteria,Pseudomonadota,Gammaproteobacteria,GCA-001735895,GCA-001735895,,
M33,Barite_M33_B45,MEICBBJD_150.region001,RiPP,RiPP-like,232.874883,Bacteria,Pseudomonadota,Gammaproteobacteria,GCA-001735895,GCA-001735895,,
M33,Barite_M33_B46,LFFIDLNF_133.region001,RiPP,RiPP-like,4504.047226,Bacteria,Pseudomonadota,Gammaproteobacteria,Xanthomonadales,Marinicellaceae,NORP309,
M33,Barite_M33_B46,LFFIDLNF_83.region001,RiPP,RRE-containing,884.7762276,Bacteria,Pseudomonadota,Gammaproteobacteria,Xanthomonadales,Marinicellaceae,NORP309,
M33,Barite_M33_B47,FADKJNDK_61.region001,RiPP,RiPP-like,835.830235,Bacteria,Pseudomonadota,Gammaproteobacteria,SZUA-229,SZUA-229,GCA-2746365,
M33,Barite_M33_B47,FADKJNDK_20.region001,RiPP,RiPP-like,204.1853821,Bacteria,Pseudomonadota,Gammaproteobacteria,SZUA-229,SZUA-229,GCA-2746365,
M33,Barite_M33_B47,FADKJNDK_6.region001,RiPP,RiPP-like,157.4807899,Bacteria,Pseudomonadota,Gammaproteobacteria,SZUA-229,SZUA-229,GCA-2746365,
M33,Barite_M33_B47,FADKJNDK_99.region001,NRP,NRPS-like,127.6305205,Bacteria,Pseudomonadota,Gammaproteobacteria,SZUA-229,SZUA-229,GCA-2746365,
M33,Barite_M33_B47,FADKJNDK_159.region001,RiPP,redox-cofactor,108.845488,Bacteria,Pseudomonadota,Gammaproteobacteria,SZUA-229,SZUA-229,GCA-2746365,
M33,Barite_M33_B47,FADKJNDK_149.region001,RiPP,RiPP-like,68.30653032,Bacteria,Pseudomonadota,Gammaproteobacteria,SZUA-229,SZUA-229,GCA-2746365,
M33,Barite_M33_B48,AHIPEJFA_18.region001,RiPP,RiPP-like,2060.786169,Bacteria,Pseudomonadota,Gammaproteobacteria,Xanthomonadales,SZUA-36,SZUA-51,
M33,Barite_M33_B48,AHIPEJFA_117.region001,RiPP,RRE-containing,888.4763988,Bacteria,Pseudomonadota,Gammaproteobacteria,Xanthomonadales,SZUA-36,SZUA-51,
M33,Barite_M33_B48,AHIPEJFA_201.region001,Other,arylpolyene,141.0879124,Bacteria,Pseudomonadota,Gammaproteobacteria,Xanthomonadales,SZUA-36,SZUA-51,
M33,Barite_M33_B49,PHLOBIOC_276.region001,RiPP,RRE-containing,57.297187,Bacteria,Pseudomonadota,Gammaproteobacteria,Pseudomonadales,Azotimanducaceae,GCA-002726655,
M33,Barite_M33_B49,PHLOBIOC_354.region001,RiPP,RRE-containing,27.37140251,Bacteria,Pseudomonadota,Gammaproteobacteria,Pseudomonadales,Azotimanducaceae,GCA-002726655,
M33,Barite_M33_B5,OOHDNELP_196.region001,RiPP,RiPP-like,942.434382,Bacteria,Nitrospirota,Nitrospiria,Nitrospirales,UBA8639,Nitrospira_E,
M33,Barite_M33_B5,OOHDNELP_226.region001,Terpene,Terpene generic,100.3865349,Bacteria,Nitrospirota,Nitrospiria,Nitrospirales,UBA8639,Nitrospira_E,
M33,Barite_M33_B5,OOHDNELP_87.region001,RiPP,RiPP-like,86.04560138,Bacteria,Nitrospirota,Nitrospiria,Nitrospirales,UBA8639,Nitrospira_E,
M33,Barite_M33_B5,OOHDNELP_204.region001,NRP,NRPS-like,77.0437425,Bacteria,Nitrospirota,Nitrospiria,Nitrospirales,UBA8639,Nitrospira_E,
M33,Barite_M33_B5,OOHDNELP_57.region001,Terpene,Terpene generic,50.36387681,Bacteria,Nitrospirota,Nitrospiria,Nitrospirales,UBA8639,Nitrospira_E,
M33,Barite_M33_B5,OOHDNELP_149.region001,Terpene,Terpene generic,24.34132698,Bacteria,Nitrospirota,Nitrospiria,Nitrospirales,UBA8639,Nitrospira_E,
M33,Barite_M33_B50,GKNHFJHD_56.region001,RiPP,RiPP-like,62.79476419,Bacteria,Pseudomonadota,Gammaproteobacteria,Pseudomonadales,Azotimanducaceae,JAHRVQ01,
M33,Barite_M33_B51,FMNJNAMI_117.region001,RiPP,RiPP-like,264.968751,Bacteria,Desulfobacterota,Dissulfuribacteria,Dissulfuribacterales,UBA3076,UBA3076,
M33,Barite_M33_B51,FMNJNAMI_145.region001,RiPP,thiopeptide,131.5226774,Bacteria,Desulfobacterota,Dissulfuribacteria,Dissulfuribacterales,UBA3076,UBA3076,
M33,Barite_M33_B51,FMNJNAMI_154.region001,RiPP,RiPP-like,35.09154168,Bacteria,Desulfobacterota,Dissulfuribacteria,Dissulfuribacterales,UBA3076,UBA3076,
M33,Barite_M33_B52,JCAIBNCO_852.region001,Terpene,Terpene generic,277.146665,Bacteria,Planctomycetota,Planctomycetia,Planctomycetales,Planctomycetaceae,Thalassoglobus,
M33,Barite_M33_B52,JCAIBNCO_1044.region001,Terpene,Terpene generic,110.5750191,Bacteria,Planctomycetota,Planctomycetia,Planctomycetales,Planctomycetaceae,Thalassoglobus,
M33,Barite_M33_B52,JCAIBNCO_599.region001,Terpene,Terpene generic,92.88523419,Bacteria,Planctomycetota,Planctomycetia,Planctomycetales,Planctomycetaceae,Thalassoglobus,
M33,Barite_M33_B53,CPPAPOMF_362.region001,RiPP,RiPP-like,544.9911817,Bacteria,Bacteroidota,Bacteroidia,Flavobacteriales,Schleiferiaceae,JAOARK01,
M33,Barite_M33_B55,CFPHHOAB_73.region001,Other,arylpolyene,1928.682365,Bacteria,Bdellovibrionota,Bdellovibrionia,Bdellovibrionales,JAGQZY01,JAGQZY01,
M33,Barite_M33_B56,ENICKNPH_54.region001,RiPP,RiPP-like,159.4112995,Bacteria,Bacteroidota,Bacteroidia,Flavobacteriales,Flavobacteriaceae,Lutimonas,
M33,Barite_M33_B56,ENICKNPH_42.region001,Hybrid,arylpolyene:resorcinol,107.6546849,Bacteria,Bacteroidota,Bacteroidia,Flavobacteriales,Flavobacteriaceae,Lutimonas,
M33,Barite_M33_B56,ENICKNPH_148.region001,Polyketide,T3PKS,79.06307392,Bacteria,Bacteroidota,Bacteroidia,Flavobacteriales,Flavobacteriaceae,Lutimonas,
M33,Barite_M33_B57,EJJBLPMI_141.region001,Other,arylpolyene,426.4718188,Bacteria,Pseudomonadota,Gammaproteobacteria,Xanthomonadales,Marinicellaceae,NORP309,
M33,Barite_M33_B57,EJJBLPMI_255.region001,RiPP,RRE-containing,178.1276355,Bacteria,Pseudomonadota,Gammaproteobacteria,Xanthomonadales,Marinicellaceae,NORP309,
M33,Barite_M33_B58,LMIOODIL_312.region001,RiPP,RiPP-like,1193.417176,Bacteria,Myxococcota,Bradymonadia,UBA4248,,,
M33,Barite_M33_B58,LMIOODIL_110.region001,NRP,NRPS-like,930.0621456,Bacteria,Myxococcota,Bradymonadia,UBA4248,,,
M33,Barite_M33_B58,LMIOODIL_241.region001,Terpene,Terpene generic,923.8820636,Bacteria,Myxococcota,Bradymonadia,UBA4248,,,
M33,Barite_M33_B58,LMIOODIL_27.region001,Terpene,Terpene generic,488.109519,Bacteria,Myxococcota,Bradymonadia,UBA4248,,,
M33,Barite_M33_B58,LMIOODIL_215.region001,Terpene,Terpene generic,344.9693453,Bacteria,Myxococcota,Bradymonadia,UBA4248,,,
M33,Barite_M33_B58,LMIOODIL_163.region001,RiPP,lassopeptide,324.5936855,Bacteria,Myxococcota,Bradymonadia,UBA4248,,,
M33,Barite_M33_B58,LMIOODIL_162.region001,Polyketide,hglE-KS,302.1668276,Bacteria,Myxococcota,Bradymonadia,UBA4248,,,
M33,Barite_M33_B58,LMIOODIL_256.region001,NRP,NRP generic,231.4352409,Bacteria,Myxococcota,Bradymonadia,UBA4248,,,
M33,Barite_M33_B58,LMIOODIL_111.region001,Polyketide,hglE-KS,188.7843272,Bacteria,Myxococcota,Bradymonadia,UBA4248,,,
M33,Barite_M33_B58,LMIOODIL_262.region001,RiPP,RiPP-like,111.072358,Bacteria,Myxococcota,Bradymonadia,UBA4248,,,
M33,Barite_M33_B58,LMIOODIL_32.region001,Terpene,Terpene generic,84.27590525,Bacteria,Myxococcota,Bradymonadia,UBA4248,,,
M33,Barite_M33_B6,LPIDFHMF_181.region001,Other,arylpolyene,185994.4411,Bacteria,Pseudomonadota,Gammaproteobacteria,Methylococcales,Methylomonadaceae,QPIN01,
M33,Barite_M33_B6,LPIDFHMF_71.region001,RiPP,RiPP-like,1572.050007,Bacteria,Pseudomonadota,Gammaproteobacteria,Methylococcales,Methylomonadaceae,QPIN01,
M33,Barite_M33_B6,LPIDFHMF_74.region001,Hybrid,acyl_amino_acids:betalactone,994.70694,Bacteria,Pseudomonadota,Gammaproteobacteria,Methylococcales,Methylomonadaceae,QPIN01,
M33,Barite_M33_B6,LPIDFHMF_190.region001,RiPP,redox-cofactor,845.7834799,Bacteria,Pseudomonadota,Gammaproteobacteria,Methylococcales,Methylomonadaceae,QPIN01,
M33,Barite_M33_B6,LPIDFHMF_211.region001,RiPP,RiPP-like,666.1729339,Bacteria,Pseudomonadota,Gammaproteobacteria,Methylococcales,Methylomonadaceae,QPIN01,
M33,Barite_M33_B6,LPIDFHMF_151.region001,RiPP,RiPP-like,460.8141576,Bacteria,Pseudomonadota,Gammaproteobacteria,Methylococcales,Methylomonadaceae,QPIN01,
M33,Barite_M33_B6,LPIDFHMF_182.region001,NRP,NRP generic,454.7370145,Bacteria,Pseudomonadota,Gammaproteobacteria,Methylococcales,Methylomonadaceae,QPIN01,
M33,Barite_M33_B6,LPIDFHMF_27.region001,Other,hydrogen-cyanide,276.3423667,Bacteria,Pseudomonadota,Gammaproteobacteria,Methylococcales,Methylomonadaceae,QPIN01,
M33,Barite_M33_B61,CAOEPHBC_67.region001,RiPP,RRE-containing,1730.217764,Bacteria,Campylobacterota,Campylobacteria,Campylobacterales,Sulfurovaceae,Sulfurovum,
M33,Barite_M33_B61,CAOEPHBC_8.region001,Other,arylpolyene,1272.785327,Bacteria,Campylobacterota,Campylobacteria,Campylobacterales,Sulfurovaceae,Sulfurovum,
M33,Barite_M33_B61,CAOEPHBC_26.region001,Other,acyl_amino_acids,690.9381435,Bacteria,Campylobacterota,Campylobacteria,Campylobacterales,Sulfurovaceae,Sulfurovum,
M33,Barite_M33_B61,CAOEPHBC_25.region001,Other,hserlactone,320.4995987,Bacteria,Campylobacterota,Campylobacteria,Campylobacterales,Sulfurovaceae,Sulfurovum,
M33,Barite_M33_B61,CAOEPHBC_22.region001,RiPP,RiPP-like,236.7042136,Bacteria,Campylobacterota,Campylobacteria,Campylobacterales,Sulfurovaceae,Sulfurovum,
M33,Barite_M33_B62,AGFGDEPP_25.region001,Terpene,Terpene generic,746.3256829,Bacteria,Pseudomonadota,Alphaproteobacteria,Sphingomonadales,Emcibacteraceae,Paremcibacter,
M33,Barite_M33_B62,AGFGDEPP_5.region001,RiPP,ranthipeptide,664.1555948,Bacteria,Pseudomonadota,Alphaproteobacteria,Sphingomonadales,Emcibacteraceae,Paremcibacter,
M33,Barite_M33_B63,FACNCCPI_59.region001,RiPP,RiPP-like,186.9123602,Bacteria,Pseudomonadota,Alphaproteobacteria,Caulobacterales,Maricaulaceae,Robiginitomaculum_A,
M33,Barite_M33_B64,FBCGENOP_597.region001,Hybrid,lassopeptide:RRE-containing,54.89966119,Bacteria,Verrucomicrobiota,Verrucomicrobiia,Opitutales,Opitutaceae,Pelagisphaera,
M33,Barite_M33_B64,FBCGENOP_871.region001,Other,arylpolyene,16.57833485,Bacteria,Verrucomicrobiota,Verrucomicrobiia,Opitutales,Opitutaceae,Pelagisphaera,
M33,Barite_M33_B65,LLGBHINH_136.region001,Terpene,Terpene generic,234.8930336,Bacteria,Pseudomonadota,Gammaproteobacteria,Burkholderiales,Nitrosomonadaceae,Nitrosomonas,
M33,Barite_M33_B66,NGMOPKMC_310.region001,RiPP,RiPP-like,912.0992649,Bacteria,Hydrogenedentota,Hydrogenedentia,Hydrogenedentales,GCA-2746185,DTSJ01,
M33,Barite_M33_B66,NGMOPKMC_308.region001,Hybrid,hglE-KS:T1PKS,172.8113978,Bacteria,Hydrogenedentota,Hydrogenedentia,Hydrogenedentales,GCA-2746185,DTSJ01,
M33,Barite_M33_B66,NGMOPKMC_205.region001,Other,betalactone,168.6274434,Bacteria,Hydrogenedentota,Hydrogenedentia,Hydrogenedentales,GCA-2746185,DTSJ01,
M33,Barite_M33_B67,DLFDEKGP_30.region001,RiPP,RiPP-like,57.76478542,Bacteria,Pseudomonadota,Alphaproteobacteria,UBA2136,UBA2136,UBA2136,
M33,Barite_M33_B68,OLFOFOJF_101.region001,Other,resorcinol,1941.922049,Bacteria,Campylobacterota,Campylobacteria,Campylobacterales,Sulfurimonadaceae,Sulfurimonas,
M33,Barite_M33_B69,FHIEFOOH_102.region001,Hybrid,lassopeptide:RRE-containing,1576.669258,Bacteria,Pseudomonadota,Gammaproteobacteria,Arenicellales,Arenicellaceae,Arenicella,Arenicella sp016763815
M33,Barite_M33_B69,FHIEFOOH_223.region001,RiPP,RRE-containing,1504.651186,Bacteria,Pseudomonadota,Gammaproteobacteria,Arenicellales,Arenicellaceae,Arenicella,Arenicella sp016763815
M33,Barite_M33_B69,FHIEFOOH_4.region001,RiPP,RiPP-like,1236.551078,Bacteria,Pseudomonadota,Gammaproteobacteria,Arenicellales,Arenicellaceae,Arenicella,Arenicella sp016763815
M33,Barite_M33_B69,FHIEFOOH_136.region001,Other,arylpolyene,943.3754257,Bacteria,Pseudomonadota,Gammaproteobacteria,Arenicellales,Arenicellaceae,Arenicella,Arenicella sp016763815
M33,Barite_M33_B69,FHIEFOOH_149.region001,RiPP,RRE-containing,819.9353969,Bacteria,Pseudomonadota,Gammaproteobacteria,Arenicellales,Arenicellaceae,Arenicella,Arenicella sp016763815
M33,Barite_M33_B69,FHIEFOOH_192.region001,Other,arylpolyene,637.8870298,Bacteria,Pseudomonadota,Gammaproteobacteria,Arenicellales,Arenicellaceae,Arenicella,Arenicella sp016763815
M33,Barite_M33_B69,FHIEFOOH_58.region001,NRP,NRPS-like,625.2754056,Bacteria,Pseudomonadota,Gammaproteobacteria,Arenicellales,Arenicellaceae,Arenicella,Arenicella sp016763815
M33,Barite_M33_B69,FHIEFOOH_3.region001,Hybrid,NRPS:T1PKS,554.2126681,Bacteria,Pseudomonadota,Gammaproteobacteria,Arenicellales,Arenicellaceae,Arenicella,Arenicella sp016763815
M33,Barite_M33_B69,FHIEFOOH_130.region001,NRP,NRP generic,529.6849103,Bacteria,Pseudomonadota,Gammaproteobacteria,Arenicellales,Arenicellaceae,Arenicella,Arenicella sp016763815
M33,Barite_M33_B69,FHIEFOOH_150.region001,NRP,NRP generic,443.093677,Bacteria,Pseudomonadota,Gammaproteobacteria,Arenicellales,Arenicellaceae,Arenicella,Arenicella sp016763815
M33,Barite_M33_B69,FHIEFOOH_288.region001,NRP,NRPS-like,408.7946079,Bacteria,Pseudomonadota,Gammaproteobacteria,Arenicellales,Arenicellaceae,Arenicella,Arenicella sp016763815
M33,Barite_M33_B69,FHIEFOOH_280.region001,NRP,NRP generic,275.1468801,Bacteria,Pseudomonadota,Gammaproteobacteria,Arenicellales,Arenicellaceae,Arenicella,Arenicella sp016763815
M33,Barite_M33_B7,NBPEKLKD_36.region001,Other,arylpolyene,554.5304101,Bacteria,Pseudomonadota,Gammaproteobacteria,Burkholderiales,Nitrosomonadaceae,Nitrosomonas,
M33,Barite_M33_B7,NBPEKLKD_156.region001,Terpene,Terpene generic,550.3624661,Bacteria,Pseudomonadota,Gammaproteobacteria,Burkholderiales,Nitrosomonadaceae,Nitrosomonas,
M33,Barite_M33_B7,NBPEKLKD_19.region001,Other,hserlactone,246.0858469,Bacteria,Pseudomonadota,Gammaproteobacteria,Burkholderiales,Nitrosomonadaceae,Nitrosomonas,
M33,Barite_M33_B70,ODPBKMGB_113.region001,Polyketide,T3PKS,366.6998506,Bacteria,Verrucomicrobiota,Kiritimatiellia,Kiritimatiellales,Pontiellaceae,Pontiella,
M33,Barite_M33_B70,ODPBKMGB_171.region001,NRP,NRPS-like,353.0846483,Bacteria,Verrucomicrobiota,Kiritimatiellia,Kiritimatiellales,Pontiellaceae,Pontiella,
M33,Barite_M33_B71,LHGKDENN_100.region001,RiPP,RRE-containing,4675.208341,Bacteria,Pseudomonadota,Gammaproteobacteria,Xanthomonadales,Marinicellaceae,NORP309,
M33,Barite_M33_B71,LHGKDENN_244.region001,Other,arylpolyene,2402.845953,Bacteria,Pseudomonadota,Gammaproteobacteria,Xanthomonadales,Marinicellaceae,NORP309,
M33,Barite_M33_B72,MLFEBKFB_353.region001,RiPP,RiPP-like,1183.975007,Bacteria,Pseudomonadota,Alphaproteobacteria,Sphingomonadales,SMXR01,CAKZLM01,
M33,Barite_M33_B72,MLFEBKFB_177.region001,Terpene,Terpene generic,1041.792629,Bacteria,Pseudomonadota,Alphaproteobacteria,Sphingomonadales,SMXR01,CAKZLM01,
M33,Barite_M33_B72,MLFEBKFB_194.region001,Terpene,Terpene generic,568.3875926,Bacteria,Pseudomonadota,Alphaproteobacteria,Sphingomonadales,SMXR01,CAKZLM01,
M33,Barite_M33_B73,NNFODOML_26.region001,RiPP,RiPP-like,306.3625092,Bacteria,Pseudomonadota,Alphaproteobacteria,Rhizobiales,OSC116,OCS116,
M33,Barite_M33_B73,NNFODOML_37.region001,Terpene,Terpene generic,231.0055685,Bacteria,Pseudomonadota,Alphaproteobacteria,Rhizobiales,OSC116,OCS116,
M33,Barite_M33_B74,GEAAAAEN_303.region001,NRP,NRP generic,26.6929031,Bacteria,Bacteroidota,Bacteroidia,J057,JADKCL01,JBCCQH01,
M33,Barite_M33_B74,GEAAAAEN_401.region001,RiPP,LAP,15.51978858,Bacteria,Bacteroidota,Bacteroidia,J057,JADKCL01,JBCCQH01,
M33,Barite_M33_B75,CHMONGJO_4.region001,Terpene,Terpene generic,116.6819553,Bacteria,Pseudomonadota,Alphaproteobacteria,Micavibrionales,Micavibrionaceae,,
M33,Barite_M33_B75,CHMONGJO_8.region001,RiPP,RiPP-like,111.4935932,Bacteria,Pseudomonadota,Alphaproteobacteria,Micavibrionales,Micavibrionaceae,,
M33,Barite_M33_B77,EBLEIDAO_95.region001,Other,betalactone,115.6303626,Bacteria,Pseudomonadota,Alphaproteobacteria,Caulobacterales,Maricaulaceae,Robiginitomaculum_A,
M33,Barite_M33_B77,EBLEIDAO_303.region001,Other,betalactone,23.78491806,Bacteria,Pseudomonadota,Alphaproteobacteria,Caulobacterales,Maricaulaceae,Robiginitomaculum_A,
M33,Barite_M33_B78,KLHMDHIO_145.region001,Other,hserlactone,59.86204168,Bacteria,Pseudomonadota,Alphaproteobacteria,Caedimonadales,UBA9215,UBA9215,
M33,Barite_M33_B78,KLHMDHIO_59.region001,Other,arylpolyene,54.69507673,Bacteria,Pseudomonadota,Alphaproteobacteria,Caedimonadales,UBA9215,UBA9215,
M33,Barite_M33_B78,KLHMDHIO_22.region001,Polyketide,T3PKS,46.36124079,Bacteria,Pseudomonadota,Alphaproteobacteria,Caedimonadales,UBA9215,UBA9215,
M33,Barite_M33_B78,KLHMDHIO_24.region001,RiPP,RiPP-like,32.3403452,Bacteria,Pseudomonadota,Alphaproteobacteria,Caedimonadales,UBA9215,UBA9215,
M33,Barite_M33_B79,HKHFLIEO_4.region001,RiPP,RiPP-like,329.609652,Bacteria,Bdellovibrionota,Bdellovibrionia,Bdellovibrionales,JAMLIO01,JALZUR01,
M33,Barite_M33_B79,HKHFLIEO_4.region002,Polyketide,T3PKS,225.3311073,Bacteria,Bdellovibrionota,Bdellovibrionia,Bdellovibrionales,JAMLIO01,JALZUR01,
M33,Barite_M33_B79,HKHFLIEO_55.region001,Other,arylpolyene,173.1638398,Bacteria,Bdellovibrionota,Bdellovibrionia,Bdellovibrionales,JAMLIO01,JALZUR01,
M33,Barite_M33_B8,KFCJGCLI_112.region001,Terpene,Terpene generic,206.9964939,Bacteria,Pseudomonadota,Alphaproteobacteria,Micavibrionales,Micavibrionaceae,UBA1850,
M33,Barite_M33_B82,OKJDKIPL_409.region001,Other,arylpolyene,167.1096153,Bacteria,Bacteroidota,Bacteroidia,Flavobacteriales,Cryomorphaceae,Cryomorpha,
M33,Barite_M33_B82,OKJDKIPL_55.region001,Other,arylpolyene,64.57920396,Bacteria,Bacteroidota,Bacteroidia,Flavobacteriales,Cryomorphaceae,Cryomorpha,
M33,Barite_M33_B83,GMKLPHPK_204.region001,RiPP,RiPP-like,330.1188075,Archaea,Halobacteriota,Syntropharchaeia,Alkanophagales,Methanospirareceae,QMVO01,QMVO01 sp025464645
M33,Barite_M33_B83,GMKLPHPK_186.region001,RiPP,thioamitides,268.3839218,Archaea,Halobacteriota,Syntropharchaeia,Alkanophagales,Methanospirareceae,QMVO01,QMVO01 sp025464645
M33,Barite_M33_B84,NNCPGNOM_195.region001,RiPP,RiPP-like,210.3101707,Bacteria,Pseudomonadota,Gammaproteobacteria,SZUA-229,SZUA-229,GCA-2746365,
M33,Barite_M33_B85,CMOCHALP_161.region001,NRP,CDPS,20.00358105,Bacteria,Pseudomonadota,Gammaproteobacteria,Pseudomonadales,Pseudohongiellaceae,UBA9145,
M33,Barite_M33_B86,MNHPCHIE_23.region001,NRP,CDPS,233.2885419,Bacteria,Pseudomonadota,Alphaproteobacteria,Micavibrionales,UBA1664,UBA1664,
M33,Barite_M33_B87,BAIALBNB_96.region001,RiPP,RiPP-like,273.1505679,Bacteria,Pseudomonadota,Gammaproteobacteria,Xanthomonadales,SZUA-36,SZUA-36,
M33,Barite_M33_B87,BAIALBNB_118.region001,NRP,NRPS-like,44.25642938,Bacteria,Pseudomonadota,Gammaproteobacteria,Xanthomonadales,SZUA-36,SZUA-36,
M33,Barite_M33_B87,BAIALBNB_73.region001,RiPP,RiPP-like,36.1603196,Bacteria,Pseudomonadota,Gammaproteobacteria,Xanthomonadales,SZUA-36,SZUA-36,
M33,Barite_M33_B88,CDIGHOGO_61.region001,Terpene,Terpene generic,1036.127947,Bacteria,Pseudomonadota,Alphaproteobacteria,Rhodobacterales,Rhodobacteraceae,Amylibacter,
M33,Barite_M33_B88,CDIGHOGO_170.region001,Hybrid,NRPS-like:T1PKS,551.6333468,Bacteria,Pseudomonadota,Alphaproteobacteria,Rhodobacterales,Rhodobacteraceae,Amylibacter,
M33,Barite_M33_B88,CDIGHOGO_26.region001,RiPP,RiPP-like,446.9699112,Bacteria,Pseudomonadota,Alphaproteobacteria,Rhodobacterales,Rhodobacteraceae,Amylibacter,
M33,Barite_M33_B88,CDIGHOGO_114.region001,Other,hserlactone,412.8012608,Bacteria,Pseudomonadota,Alphaproteobacteria,Rhodobacterales,Rhodobacteraceae,Amylibacter,
M33,Barite_M33_B88,CDIGHOGO_160.region001,RiPP,RiPP-like,408.821463,Bacteria,Pseudomonadota,Alphaproteobacteria,Rhodobacterales,Rhodobacteraceae,Amylibacter,
M33,Barite_M33_B89,EMEEGMFL_895.region001,Polyketide,T1PKS,780.215772,Bacteria,Pseudomonadota,Gammaproteobacteria,Enterobacterales,Alteromonadaceae,JABSOG01,
M33,Barite_M33_B89,EMEEGMFL_403.region001,NRP,NRP generic,745.0247666,Bacteria,Pseudomonadota,Gammaproteobacteria,Enterobacterales,Alteromonadaceae,JABSOG01,
M33,Barite_M33_B89,EMEEGMFL_902.region001,Polyketide,PKS-like,718.5579121,Bacteria,Pseudomonadota,Gammaproteobacteria,Enterobacterales,Alteromonadaceae,JABSOG01,
M33,Barite_M33_B89,EMEEGMFL_383.region001,RiPP,RiPP-like,696.4440762,Bacteria,Pseudomonadota,Gammaproteobacteria,Enterobacterales,Alteromonadaceae,JABSOG01,
M33,Barite_M33_B89,EMEEGMFL_617.region001,RiPP,RiPP-like,688.4181148,Bacteria,Pseudomonadota,Gammaproteobacteria,Enterobacterales,Alteromonadaceae,JABSOG01,
M33,Barite_M33_B89,EMEEGMFL_375.region001,NRP,NRP generic,594.7040962,Bacteria,Pseudomonadota,Gammaproteobacteria,Enterobacterales,Alteromonadaceae,JABSOG01,
M33,Barite_M33_B89,EMEEGMFL_660.region001,NRP,NRPS-like,557.3912721,Bacteria,Pseudomonadota,Gammaproteobacteria,Enterobacterales,Alteromonadaceae,JABSOG01,
M33,Barite_M33_B89,EMEEGMFL_223.region001,RiPP,RiPP-like,513.0084673,Bacteria,Pseudomonadota,Gammaproteobacteria,Enterobacterales,Alteromonadaceae,JABSOG01,
M33,Barite_M33_B89,EMEEGMFL_33.region001,NRP,NRP generic,491.4119315,Bacteria,Pseudomonadota,Gammaproteobacteria,Enterobacterales,Alteromonadaceae,JABSOG01,
M33,Barite_M33_B89,EMEEGMFL_224.region001,NRP,NRP generic,487.7239157,Bacteria,Pseudomonadota,Gammaproteobacteria,Enterobacterales,Alteromonadaceae,JABSOG01,
M33,Barite_M33_B89,EMEEGMFL_726.region001,Polyketide,transAT-PKS-like,465.4660102,Bacteria,Pseudomonadota,Gammaproteobacteria,Enterobacterales,Alteromonadaceae,JABSOG01,
M33,Barite_M33_B89,EMEEGMFL_802.region001,NRP,NRPS-like,420.1750385,Bacteria,Pseudomonadota,Gammaproteobacteria,Enterobacterales,Alteromonadaceae,JABSOG01,
M33,Barite_M33_B89,EMEEGMFL_85.region001,NRP,NRP generic,384.7585707,Bacteria,Pseudomonadota,Gammaproteobacteria,Enterobacterales,Alteromonadaceae,JABSOG01,
M33,Barite_M33_B89,EMEEGMFL_485.region001,NRP,NRP generic,333.2370582,Bacteria,Pseudomonadota,Gammaproteobacteria,Enterobacterales,Alteromonadaceae,JABSOG01,
M33,Barite_M33_B89,EMEEGMFL_702.region001,Other,hserlactone,307.1528308,Bacteria,Pseudomonadota,Gammaproteobacteria,Enterobacterales,Alteromonadaceae,JABSOG01,
M33,Barite_M33_B89,EMEEGMFL_885.region001,NRP,NRP generic,268.3137622,Bacteria,Pseudomonadota,Gammaproteobacteria,Enterobacterales,Alteromonadaceae,JABSOG01,
M33,Barite_M33_B89,EMEEGMFL_889.region001,NRP,NRPS-like,265.2533576,Bacteria,Pseudomonadota,Gammaproteobacteria,Enterobacterales,Alteromonadaceae,JABSOG01,
M33,Barite_M33_B89,EMEEGMFL_647.region001,NRP,NRP generic,250.8813505,Bacteria,Pseudomonadota,Gammaproteobacteria,Enterobacterales,Alteromonadaceae,JABSOG01,
M33,Barite_M33_B89,EMEEGMFL_614.region001,NRP,NRP generic,221.5468385,Bacteria,Pseudomonadota,Gammaproteobacteria,Enterobacterales,Alteromonadaceae,JABSOG01,
M33,Barite_M33_B89,EMEEGMFL_547.region001,NRP,NRP generic,220.3169988,Bacteria,Pseudomonadota,Gammaproteobacteria,Enterobacterales,Alteromonadaceae,JABSOG01,
M33,Barite_M33_B89,EMEEGMFL_532.region001,NRP,NRP generic,217.6417826,Bacteria,Pseudomonadota,Gammaproteobacteria,Enterobacterales,Alteromonadaceae,JABSOG01,
M33,Barite_M33_B89,EMEEGMFL_483.region001,RiPP,RiPP-like,193.4616586,Bacteria,Pseudomonadota,Gammaproteobacteria,Enterobacterales,Alteromonadaceae,JABSOG01,
M33,Barite_M33_B89,EMEEGMFL_297.region001,NRP,NRP generic,191.7320466,Bacteria,Pseudomonadota,Gammaproteobacteria,Enterobacterales,Alteromonadaceae,JABSOG01,
M33,Barite_M33_B89,EMEEGMFL_447.region001,Other,acyl_amino_acids,184.5160962,Bacteria,Pseudomonadota,Gammaproteobacteria,Enterobacterales,Alteromonadaceae,JABSOG01,
M33,Barite_M33_B89,EMEEGMFL_215.region001,NRP,NRP generic,183.03504,Bacteria,Pseudomonadota,Gammaproteobacteria,Enterobacterales,Alteromonadaceae,JABSOG01,
M33,Barite_M33_B89,EMEEGMFL_489.region001,NRP,NRP generic,179.1724846,Bacteria,Pseudomonadota,Gammaproteobacteria,Enterobacterales,Alteromonadaceae,JABSOG01,
M33,Barite_M33_B89,EMEEGMFL_71.region001,NRP,NRPS-like,176.1977076,Bacteria,Pseudomonadota,Gammaproteobacteria,Enterobacterales,Alteromonadaceae,JABSOG01,
M33,Barite_M33_B89,EMEEGMFL_462.region001,NRP,NRP generic,169.1262646,Bacteria,Pseudomonadota,Gammaproteobacteria,Enterobacterales,Alteromonadaceae,JABSOG01,
M33,Barite_M33_B89,EMEEGMFL_269.region001,NRP,NRP generic,161.4292478,Bacteria,Pseudomonadota,Gammaproteobacteria,Enterobacterales,Alteromonadaceae,JABSOG01,
M33,Barite_M33_B89,EMEEGMFL_786.region001,NRP,NRP generic,157.0934325,Bacteria,Pseudomonadota,Gammaproteobacteria,Enterobacterales,Alteromonadaceae,JABSOG01,
M33,Barite_M33_B89,EMEEGMFL_105.region001,NRP,NRPS-like,156.8273979,Bacteria,Pseudomonadota,Gammaproteobacteria,Enterobacterales,Alteromonadaceae,JABSOG01,
M33,Barite_M33_B89,EMEEGMFL_293.region001,Polyketide,transAT-PKS-like,150.97873,Bacteria,Pseudomonadota,Gammaproteobacteria,Enterobacterales,Alteromonadaceae,JABSOG01,
M33,Barite_M33_B89,EMEEGMFL_46.region001,NRP,NRPS-like,135.2661362,Bacteria,Pseudomonadota,Gammaproteobacteria,Enterobacterales,Alteromonadaceae,JABSOG01,
M33,Barite_M33_B89,EMEEGMFL_377.region001,NRP,NRP generic,135.2579043,Bacteria,Pseudomonadota,Gammaproteobacteria,Enterobacterales,Alteromonadaceae,JABSOG01,
M33,Barite_M33_B89,EMEEGMFL_525.region001,Hybrid,hydrogen-cyanide:NRPS:transAT-PKS,133.5002665,Bacteria,Pseudomonadota,Gammaproteobacteria,Enterobacterales,Alteromonadaceae,JABSOG01,
M33,Barite_M33_B89,EMEEGMFL_118.region001,NRP,NRP generic,131.2288775,Bacteria,Pseudomonadota,Gammaproteobacteria,Enterobacterales,Alteromonadaceae,JABSOG01,
M33,Barite_M33_B89,EMEEGMFL_21.region001,NRP,NRP generic,129.8121963,Bacteria,Pseudomonadota,Gammaproteobacteria,Enterobacterales,Alteromonadaceae,JABSOG01,
M33,Barite_M33_B89,EMEEGMFL_793.region001,NRP,NRP generic,128.7319944,Bacteria,Pseudomonadota,Gammaproteobacteria,Enterobacterales,Alteromonadaceae,JABSOG01,
M33,Barite_M33_B89,EMEEGMFL_469.region001,RiPP,RiPP-like,127.4256326,Bacteria,Pseudomonadota,Gammaproteobacteria,Enterobacterales,Alteromonadaceae,JABSOG01,
M33,Barite_M33_B89,EMEEGMFL_195.region001,Polyketide,transAT-PKS-like,124.3375114,Bacteria,Pseudomonadota,Gammaproteobacteria,Enterobacterales,Alteromonadaceae,JABSOG01,
M33,Barite_M33_B89,EMEEGMFL_9.region001,Hybrid,PKS-like:T3PKS:transAT-PKS-like,123.7952424,Bacteria,Pseudomonadota,Gammaproteobacteria,Enterobacterales,Alteromonadaceae,JABSOG01,
M33,Barite_M33_B89,EMEEGMFL_763.region001,NRP,NRP generic,122.3336572,Bacteria,Pseudomonadota,Gammaproteobacteria,Enterobacterales,Alteromonadaceae,JABSOG01,
M33,Barite_M33_B89,EMEEGMFL_318.region001,NRP,NRP generic,121.61074,Bacteria,Pseudomonadota,Gammaproteobacteria,Enterobacterales,Alteromonadaceae,JABSOG01,
M33,Barite_M33_B89,EMEEGMFL_635.region001,NRP,NRP generic,120.5030299,Bacteria,Pseudomonadota,Gammaproteobacteria,Enterobacterales,Alteromonadaceae,JABSOG01,
M33,Barite_M33_B89,EMEEGMFL_142.region001,NRP,NRP generic,113.9422682,Bacteria,Pseudomonadota,Gammaproteobacteria,Enterobacterales,Alteromonadaceae,JABSOG01,
M33,Barite_M33_B89,EMEEGMFL_863.region001,Polyketide,transAT-PKS-like,112.2428397,Bacteria,Pseudomonadota,Gammaproteobacteria,Enterobacterales,Alteromonadaceae,JABSOG01,
M33,Barite_M33_B89,EMEEGMFL_748.region001,NRP,NRPS-like,108.8049094,Bacteria,Pseudomonadota,Gammaproteobacteria,Enterobacterales,Alteromonadaceae,JABSOG01,
M33,Barite_M33_B89,EMEEGMFL_27.region001,RiPP,thioamitides,108.4386165,Bacteria,Pseudomonadota,Gammaproteobacteria,Enterobacterales,Alteromonadaceae,JABSOG01,
M33,Barite_M33_B89,EMEEGMFL_73.region001,NRP,NRP generic,107.1215483,Bacteria,Pseudomonadota,Gammaproteobacteria,Enterobacterales,Alteromonadaceae,JABSOG01,
M33,Barite_M33_B89,EMEEGMFL_767.region001,NRP,NRP generic,106.2002047,Bacteria,Pseudomonadota,Gammaproteobacteria,Enterobacterales,Alteromonadaceae,JABSOG01,
M33,Barite_M33_B89,EMEEGMFL_832.region001,Polyketide,T1PKS,98.95186695,Bacteria,Pseudomonadota,Gammaproteobacteria,Enterobacterales,Alteromonadaceae,JABSOG01,
M33,Barite_M33_B89,EMEEGMFL_539.region001,NRP,NRP generic,98.46526155,Bacteria,Pseudomonadota,Gammaproteobacteria,Enterobacterales,Alteromonadaceae,JABSOG01,
M33,Barite_M33_B89,EMEEGMFL_460.region001,RiPP,RRE-containing,93.66815086,Bacteria,Pseudomonadota,Gammaproteobacteria,Enterobacterales,Alteromonadaceae,JABSOG01,
M33,Barite_M33_B89,EMEEGMFL_496.region001,Polyketide,transAT-PKS-like,92.60657849,Bacteria,Pseudomonadota,Gammaproteobacteria,Enterobacterales,Alteromonadaceae,JABSOG01,
M33,Barite_M33_B89,EMEEGMFL_503.region001,NRP,NRP generic,91.62920035,Bacteria,Pseudomonadota,Gammaproteobacteria,Enterobacterales,Alteromonadaceae,JABSOG01,
M33,Barite_M33_B89,EMEEGMFL_56.region001,NRP,NRP generic,91.62164579,Bacteria,Pseudomonadota,Gammaproteobacteria,Enterobacterales,Alteromonadaceae,JABSOG01,
M33,Barite_M33_B89,EMEEGMFL_747.region001,NRP,NRP generic,87.8464016,Bacteria,Pseudomonadota,Gammaproteobacteria,Enterobacterales,Alteromonadaceae,JABSOG01,
M33,Barite_M33_B89,EMEEGMFL_551.region001,NRP,NRP generic,86.23590128,Bacteria,Pseudomonadota,Gammaproteobacteria,Enterobacterales,Alteromonadaceae,JABSOG01,
M33,Barite_M33_B89,EMEEGMFL_372.region001,NRP,NRP generic,83.41056382,Bacteria,Pseudomonadota,Gammaproteobacteria,Enterobacterales,Alteromonadaceae,JABSOG01,
M33,Barite_M33_B89,EMEEGMFL_358.region001,Other,PUFA,80.12249261,Bacteria,Pseudomonadota,Gammaproteobacteria,Enterobacterales,Alteromonadaceae,JABSOG01,
M33,Barite_M33_B89,EMEEGMFL_880.region001,NRP,NRP generic,75.65896935,Bacteria,Pseudomonadota,Gammaproteobacteria,Enterobacterales,Alteromonadaceae,JABSOG01,
M33,Barite_M33_B89,EMEEGMFL_559.region001,NRP,NRP generic,69.3257359,Bacteria,Pseudomonadota,Gammaproteobacteria,Enterobacterales,Alteromonadaceae,JABSOG01,
M33,Barite_M33_B89,EMEEGMFL_36.region001,NRP,NRP generic,64.82136387,Bacteria,Pseudomonadota,Gammaproteobacteria,Enterobacterales,Alteromonadaceae,JABSOG01,
M33,Barite_M33_B89,EMEEGMFL_892.region001,NRP,NRP generic,64.70328628,Bacteria,Pseudomonadota,Gammaproteobacteria,Enterobacterales,Alteromonadaceae,JABSOG01,
M33,Barite_M33_B89,EMEEGMFL_557.region001,Hybrid,NRPS:T1PKS,63.88422909,Bacteria,Pseudomonadota,Gammaproteobacteria,Enterobacterales,Alteromonadaceae,JABSOG01,
M33,Barite_M33_B89,EMEEGMFL_543.region001,Hybrid,NRPS:T1PKS,62.54243161,Bacteria,Pseudomonadota,Gammaproteobacteria,Enterobacterales,Alteromonadaceae,JABSOG01,
M33,Barite_M33_B89,EMEEGMFL_209.region001,NRP,NRPS-like,61.45502587,Bacteria,Pseudomonadota,Gammaproteobacteria,Enterobacterales,Alteromonadaceae,JABSOG01,
M33,Barite_M33_B89,EMEEGMFL_634.region001,NRP,NRP generic,60.88532445,Bacteria,Pseudomonadota,Gammaproteobacteria,Enterobacterales,Alteromonadaceae,JABSOG01,
M33,Barite_M33_B89,EMEEGMFL_248.region001,NRP,NRPS-like,59.41079614,Bacteria,Pseudomonadota,Gammaproteobacteria,Enterobacterales,Alteromonadaceae,JABSOG01,
M33,Barite_M33_B89,EMEEGMFL_352.region001,NRP,NRP generic,49.82866747,Bacteria,Pseudomonadota,Gammaproteobacteria,Enterobacterales,Alteromonadaceae,JABSOG01,
M33,Barite_M33_B89,EMEEGMFL_308.region001,Polyketide,transAT-PKS-like,44.04593507,Bacteria,Pseudomonadota,Gammaproteobacteria,Enterobacterales,Alteromonadaceae,JABSOG01,
M33,Barite_M33_B89,EMEEGMFL_637.region001,NRP,NRP generic,43.78044131,Bacteria,Pseudomonadota,Gammaproteobacteria,Enterobacterales,Alteromonadaceae,JABSOG01,
M33,Barite_M33_B89,EMEEGMFL_96.region001,NRP,NRP generic,37.31879044,Bacteria,Pseudomonadota,Gammaproteobacteria,Enterobacterales,Alteromonadaceae,JABSOG01,
M33,Barite_M33_B89,EMEEGMFL_242.region001,NRP,NRP generic,29.54900398,Bacteria,Pseudomonadota,Gammaproteobacteria,Enterobacterales,Alteromonadaceae,JABSOG01,
M33,Barite_M33_B89,EMEEGMFL_888.region001,Hybrid,NRPS:NRP-metallophore,25.1323912,Bacteria,Pseudomonadota,Gammaproteobacteria,Enterobacterales,Alteromonadaceae,JABSOG01,
M33,Barite_M33_B9,PAALKJOE_33.region001,RiPP,RiPP-like,181.3148869,Bacteria,Desulfobacterota,Dissulfuribacteria,Dissulfuribacterales,UBA3076,UBA3076,
M33,Barite_M33_B9,PAALKJOE_157.region001,RiPP,thiopeptide,22.98215126,Bacteria,Desulfobacterota,Dissulfuribacteria,Dissulfuribacterales,UBA3076,UBA3076,
M33,Barite_M33_B90,MDJGNOFL_226.region001,Other,phosphonate,1570.095836,Bacteria,Bacteroidota,Bacteroidia,Cytophagales,Cyclobacteriaceae,,
M33,Barite_M33_B91,PHOFCPCN_65.region001,RiPP,thiopeptide,181.9220222,Archaea,Halobacteriota,Methanosarcinia,Methanosarcinales,Methanogasteraceae,Methanogaster_B,
M33,Barite_M33_B92,MHCCMMMN_337.region001,NRP,NRPS-like,1089.294988,Bacteria,Pseudomonadota,Gammaproteobacteria,Methylococcales,Methylomonadaceae,Methyloprofundus,
M33,Barite_M33_B92,MHCCMMMN_215.region001,Other,arylpolyene,608.4384035,Bacteria,Pseudomonadota,Gammaproteobacteria,Methylococcales,Methylomonadaceae,Methyloprofundus,
M33,Barite_M33_B92,MHCCMMMN_217.region001,Other,betalactone,559.7442622,Bacteria,Pseudomonadota,Gammaproteobacteria,Methylococcales,Methylomonadaceae,Methyloprofundus,
M33,Barite_M33_B92,MHCCMMMN_30.region001,NRP,NRPS-like,244.9706962,Bacteria,Pseudomonadota,Gammaproteobacteria,Methylococcales,Methylomonadaceae,Methyloprofundus,
M33,Barite_M33_B94,IEAPBGPM_228.region001,RiPP,RiPP-like,58.79782761,Bacteria,Pseudomonadota,Alphaproteobacteria,Caulobacterales,Maricaulaceae,Robiginitomaculum_A,
M33,Barite_M33_B95,FMFMJIIM_130.region001,RiPP,RiPP-like,370.1384285,Bacteria,Pseudomonadota,Alphaproteobacteria,Micavibrionales,Micavibrionaceae,UBA1850,
M33,Barite_M33_B95,FMFMJIIM_50.region001,Terpene,Terpene generic,345.0641024,Bacteria,Pseudomonadota,Alphaproteobacteria,Micavibrionales,Micavibrionaceae,UBA1850,
M33,Barite_M33_B97,FAPGKHBG_98.region001,NRP,NRP generic,14672.0581,Bacteria,Pseudomonadota,Gammaproteobacteria,Xanthomonadales,Marinicellaceae,NORP309,
M33,Barite_M33_B97,FAPGKHBG_206.region001,NRP,NRP generic,13994.46699,Bacteria,Pseudomonadota,Gammaproteobacteria,Xanthomonadales,Marinicellaceae,NORP309,
M33,Barite_M33_B97,FAPGKHBG_358.region001,NRP,NRPS-like,8215.099704,Bacteria,Pseudomonadota,Gammaproteobacteria,Xanthomonadales,Marinicellaceae,NORP309,
M33,Barite_M33_B97,FAPGKHBG_279.region001,RiPP,RRE-containing,7586.960346,Bacteria,Pseudomonadota,Gammaproteobacteria,Xanthomonadales,Marinicellaceae,NORP309,
M33,Barite_M33_B97,FAPGKHBG_290.region001,NRP,NRPS-like,7577.102117,Bacteria,Pseudomonadota,Gammaproteobacteria,Xanthomonadales,Marinicellaceae,NORP309,
M33,Barite_M33_B97,FAPGKHBG_6.region001,RiPP,RiPP-like,7257.074294,Bacteria,Pseudomonadota,Gammaproteobacteria,Xanthomonadales,Marinicellaceae,NORP309,
M33,Barite_M33_B97,FAPGKHBG_276.region001,NRP,NRPS-like,7066.69543,Bacteria,Pseudomonadota,Gammaproteobacteria,Xanthomonadales,Marinicellaceae,NORP309,
M33,Barite_M33_B97,FAPGKHBG_171.region001,NRP,NRP generic,6752.007019,Bacteria,Pseudomonadota,Gammaproteobacteria,Xanthomonadales,Marinicellaceae,NORP309,
M33,Barite_M33_B97,FAPGKHBG_151.region001,NRP,NRP generic,6695.274579,Bacteria,Pseudomonadota,Gammaproteobacteria,Xanthomonadales,Marinicellaceae,NORP309,
M33,Barite_M33_B97,FAPGKHBG_17.region001,NRP,NRP generic,6426.255936,Bacteria,Pseudomonadota,Gammaproteobacteria,Xanthomonadales,Marinicellaceae,NORP309,
M33,Barite_M33_B97,FAPGKHBG_56.region001,Other,arylpolyene,6421.793074,Bacteria,Pseudomonadota,Gammaproteobacteria,Xanthomonadales,Marinicellaceae,NORP309,
M33,Barite_M33_B97,FAPGKHBG_53.region001,NRP,NRP generic,5847.78775,Bacteria,Pseudomonadota,Gammaproteobacteria,Xanthomonadales,Marinicellaceae,NORP309,
M33,Barite_M33_B97,FAPGKHBG_244.region001,Hybrid,NRPS:NRPS-like,5551.567259,Bacteria,Pseudomonadota,Gammaproteobacteria,Xanthomonadales,Marinicellaceae,NORP309,
M33,Barite_M33_B97,FAPGKHBG_254.region001,NRP,NRPS-like,5475.86725,Bacteria,Pseudomonadota,Gammaproteobacteria,Xanthomonadales,Marinicellaceae,NORP309,
M33,Barite_M33_B97,FAPGKHBG_224.region001,Polyketide,transAT-PKS-like,4560.524971,Bacteria,Pseudomonadota,Gammaproteobacteria,Xanthomonadales,Marinicellaceae,NORP309,
M33,Barite_M33_B97,FAPGKHBG_142.region001,NRP,NRP generic,3801.583682,Bacteria,Pseudomonadota,Gammaproteobacteria,Xanthomonadales,Marinicellaceae,NORP309,
M33,Barite_M33_B98,MCONPLAK_150.region001,Terpene,Terpene generic,88.98061829,Bacteria,Pseudomonadota,Alphaproteobacteria,Rhizobiales,Devosiaceae,DROE01,
M33,Barite_M33_B99,HIDEMPIF_53.region001,RiPP,RiPP-like,119.1847857,Bacteria,Pseudomonadota,Gammaproteobacteria,Chromatiales,Sedimenticolaceae,,
M33,Barite_M33_B99,HIDEMPIF_156.region001,RiPP,RiPP-like,68.19335676,Bacteria,Pseudomonadota,Gammaproteobacteria,Chromatiales,Sedimenticolaceae,,
M33,Barite_M33_B99,HIDEMPIF_39.region001,NRP,NRP generic,41.31639979,Bacteria,Pseudomonadota,Gammaproteobacteria,Chromatiales,Sedimenticolaceae,,