Metagenome,MAG,BGC,class,Predicted product,Length (kb),Number of genes,Domain,Phylum,Class,Order,Family,Genus,Species
M24,Aegir_M24_B10,BPIAAOIK_41.region001,Hybrid,arylpolyene:resorcinol,35.59,32,Bacteria,Bacteroidota,Bacteroidia,Flavobacteriales,Salibacteraceae,CAJXZP01,0
M24,Aegir_M24_B10,BPIAAOIK_63.region001,Other,arylpolyene,13.81,13,Bacteria,Bacteroidota,Bacteroidia,Flavobacteriales,Salibacteraceae,CAJXZP01,0
M24,Aegir_M24_B100,MLOKDKNP_105.region001,NRP,NRPS-like,19.28,18,Bacteria,Pseudomonadota,Gammaproteobacteria,SZUA-229,SZUA-229,GCA-2746365,0
M24,Aegir_M24_B100,MLOKDKNP_145.region001,Hybrid,NRPS-like:T1PKS,12.43,6,Bacteria,Pseudomonadota,Gammaproteobacteria,SZUA-229,SZUA-229,GCA-2746365,0
M24,Aegir_M24_B101,OAGAJOKM_53.region001,RiPP,RRE-containing,20.24,17,Bacteria,Bacteroidota,Bacteroidia,Flavobacteriales,Crocinitomicaceae,UBA4466,0
M24,Aegir_M24_B102,CLDLOCKN_1.region001,RiPP,RiPP-like,11.74,7,Bacteria,Pseudomonadota,Gammaproteobacteria,GCA-001735895,GCA-001735895,JACNJF01,0
M24,Aegir_M24_B102,CLDLOCKN_59.region001,Other,betalactone,17.72,14,Bacteria,Pseudomonadota,Gammaproteobacteria,GCA-001735895,GCA-001735895,JACNJF01,0
M24,Aegir_M24_B102,CLDLOCKN_18.region001,RiPP,RiPP-like,10.85,11,Bacteria,Pseudomonadota,Gammaproteobacteria,GCA-001735895,GCA-001735895,JACNJF01,0
M24,Aegir_M24_B103,PADGKGNB_104.region001,Other,arylpolyene,2.5,2,Bacteria,Planctomycetota,UBA11346,UBA11346,UBA11346,JANQLF01,0
M24,Aegir_M24_B103,PADGKGNB_118.region001,Other,arylpolyene,6.03,4,Bacteria,Planctomycetota,UBA11346,UBA11346,UBA11346,JANQLF01,0
M24,Aegir_M24_B103,PADGKGNB_119.region001,Polyketide,hglE-KS,28.02,13,Bacteria,Planctomycetota,UBA11346,UBA11346,UBA11346,JANQLF01,0
M24,Aegir_M24_B103,PADGKGNB_202.region001,Hybrid,hglE-KS:T1PKS,10.76,4,Bacteria,Planctomycetota,UBA11346,UBA11346,UBA11346,JANQLF01,0
M24,Aegir_M24_B103,PADGKGNB_212.region001,Other,arylpolyene,5.87,6,Bacteria,Planctomycetota,UBA11346,UBA11346,UBA11346,JANQLF01,0
M24,Aegir_M24_B103,PADGKGNB_47.region001,Polyketide,T3PKS,22.89,20,Bacteria,Planctomycetota,UBA11346,UBA11346,UBA11346,JANQLF01,0
M24,Aegir_M24_B103,PADGKGNB_66.region001,RiPP,RiPP-like,6.47,7,Bacteria,Planctomycetota,UBA11346,UBA11346,UBA11346,JANQLF01,0
M24,Aegir_M24_B103,PADGKGNB_95.region001,Other,arylpolyene,24.53,16,Bacteria,Planctomycetota,UBA11346,UBA11346,UBA11346,JANQLF01,0
M24,Aegir_M24_B105,ADKELONG_17.region001,RiPP,RiPP-like,10.86,12,Bacteria,Pseudomonadota,Gammaproteobacteria,AKS1,AKS1,Sulfuriflexus,0
M24,Aegir_M24_B105,ADKELONG_27.region001,Terpene,Terpene generic,21.71,23,Bacteria,Pseudomonadota,Gammaproteobacteria,AKS1,AKS1,Sulfuriflexus,0
M24,Aegir_M24_B105,ADKELONG_33.region001,RiPP,RRE-containing,12.23,10,Bacteria,Pseudomonadota,Gammaproteobacteria,AKS1,AKS1,Sulfuriflexus,0
M24,Aegir_M24_B106,PABPKNGJ_58.region001,RiPP,thiopeptide,19.26,17,Bacteria,Pseudomonadota,Gammaproteobacteria,Xanthomonadales,Marinicellaceae,NORP309,0
M24,Aegir_M24_B106,PABPKNGJ_46.region001,RiPP,RRE-containing,14.23,14,Bacteria,Pseudomonadota,Gammaproteobacteria,Xanthomonadales,Marinicellaceae,NORP309,0
M24,Aegir_M24_B107,IGCMBEGF_69.region001,RiPP,RiPP-like,2.86,2,Bacteria,Campylobacterota,Campylobacteria,Campylobacterales,Sulfurovaceae,Sulfurovum,Sulfurovum sp030949725
M24,Aegir_M24_B107,IGCMBEGF_79.region001,RiPP,RRE-containing,12.57,17,Bacteria,Campylobacterota,Campylobacteria,Campylobacterales,Sulfurovaceae,Sulfurovum,Sulfurovum sp030949725
M24,Aegir_M24_B108,JDJMJEBK_133.region001,NRP,NRP generic,44.12,34,Bacteria,Pseudomonadota,Gammaproteobacteria,Enterobacterales,Kangiellaceae,GCA-002733465,0
M24,Aegir_M24_B108,JDJMJEBK_135.region001,NRP,NRP generic,24.75,17,Bacteria,Pseudomonadota,Gammaproteobacteria,Enterobacterales,Kangiellaceae,GCA-002733465,0
M24,Aegir_M24_B108,JDJMJEBK_66.region001,NRP,NRP generic,6.46,3,Bacteria,Pseudomonadota,Gammaproteobacteria,Enterobacterales,Kangiellaceae,GCA-002733465,0
M24,Aegir_M24_B109,EHJJEODD_130.region001,Other,hserlactone,20.62,19,Bacteria,Pseudomonadota,Alphaproteobacteria,Rhodobacterales,Rhodobacteraceae,UBA5972,0
M24,Aegir_M24_B109,EHJJEODD_143.region001,Other,hserlactone,18.76,19,Bacteria,Pseudomonadota,Alphaproteobacteria,Rhodobacterales,Rhodobacteraceae,UBA5972,0
M24,Aegir_M24_B109,EHJJEODD_77.region001,Hybrid,betalactone:hserlactone,23.04,25,Bacteria,Pseudomonadota,Alphaproteobacteria,Rhodobacterales,Rhodobacteraceae,UBA5972,0
M24,Aegir_M24_B11,CKJGPINA_108.region001,NRP,NRPS-like,2.97,4,Bacteria,Pseudomonadota,Gammaproteobacteria,CAJXQU01,CAJXQU01,CAJXQU01,CAJXQU01 sp026984275
M24,Aegir_M24_B11,CKJGPINA_158.region001,Other,betalactone,14.52,14,Bacteria,Pseudomonadota,Gammaproteobacteria,CAJXQU01,CAJXQU01,CAJXQU01,CAJXQU01 sp026984275
M24,Aegir_M24_B11,CKJGPINA_16.region001,Terpene,Terpene generic,11,6,Bacteria,Pseudomonadota,Gammaproteobacteria,CAJXQU01,CAJXQU01,CAJXQU01,CAJXQU01 sp026984275
M24,Aegir_M24_B11,CKJGPINA_176.region001,RiPP,RiPP-like,9.22,11,Bacteria,Pseudomonadota,Gammaproteobacteria,CAJXQU01,CAJXQU01,CAJXQU01,CAJXQU01 sp026984275
M24,Aegir_M24_B11,CKJGPINA_207.region001,RiPP,redox-cofactor,4.43,5,Bacteria,Pseudomonadota,Gammaproteobacteria,CAJXQU01,CAJXQU01,CAJXQU01,CAJXQU01 sp026984275
M24,Aegir_M24_B11,CKJGPINA_237.region001,Other,phosphonate,15.6,15,Bacteria,Pseudomonadota,Gammaproteobacteria,CAJXQU01,CAJXQU01,CAJXQU01,CAJXQU01 sp026984275
M24,Aegir_M24_B11,CKJGPINA_268.region001,Other,resorcinol,16.38,18,Bacteria,Pseudomonadota,Gammaproteobacteria,CAJXQU01,CAJXQU01,CAJXQU01,CAJXQU01 sp026984275
M24,Aegir_M24_B11,CKJGPINA_280.region001,RiPP,RiPP-like,3.06,4,Bacteria,Pseudomonadota,Gammaproteobacteria,CAJXQU01,CAJXQU01,CAJXQU01,CAJXQU01 sp026984275
M24,Aegir_M24_B110,NLMDFIEA_168.region001,Terpene,Terpene generic,20.98,21,Bacteria,Myxococcota,Polyangia,Haliangiales,Haliangiaceae,NORP324,0
M24,Aegir_M24_B110,NLMDFIEA_175.region001,RiPP,RiPP-like,9.18,12,Bacteria,Myxococcota,Polyangia,Haliangiales,Haliangiaceae,NORP324,0
M24,Aegir_M24_B110,NLMDFIEA_181.region001,RiPP,RiPP-like,10.74,6,Bacteria,Myxococcota,Polyangia,Haliangiales,Haliangiaceae,NORP324,0
M24,Aegir_M24_B110,NLMDFIEA_392.region001,RiPP,RiPP-like,10.83,11,Bacteria,Myxococcota,Polyangia,Haliangiales,Haliangiaceae,NORP324,0
M24,Aegir_M24_B110,NLMDFIEA_9.region001,NRP,NRPS-like,30.43,23,Bacteria,Myxococcota,Polyangia,Haliangiales,Haliangiaceae,NORP324,0
M24,Aegir_M24_B111,PIANMFAJ_110.region001,RiPP,RiPP-like,10.56,13,Bacteria,Pseudomonadota,Gammaproteobacteria,SZUA-229,SZUA-229,GCA-2746365,0
M24,Aegir_M24_B111,PIANMFAJ_48.region001,RiPP,RiPP-like,11.76,12,Bacteria,Pseudomonadota,Gammaproteobacteria,SZUA-229,SZUA-229,GCA-2746365,0
M24,Aegir_M24_B112,NCOLKFPD_107.region001,RiPP,RiPP-like,9.27,11,Bacteria,Planctomycetota,GCA-002687715,GCA-002687715,DRQF01,DRQF01,0
M24,Aegir_M24_B112,NCOLKFPD_346.region001,RiPP,RRE-containing,15.25,12,Bacteria,Planctomycetota,GCA-002687715,GCA-002687715,DRQF01,DRQF01,0
M24,Aegir_M24_B112,NCOLKFPD_378.region001,Terpene,Terpene generic,3.67,3,Bacteria,Planctomycetota,GCA-002687715,GCA-002687715,DRQF01,DRQF01,0
M24,Aegir_M24_B112,NCOLKFPD_502.region001,Terpene,Terpene generic,7.3,5,Bacteria,Planctomycetota,GCA-002687715,GCA-002687715,DRQF01,DRQF01,0
M24,Aegir_M24_B112,NCOLKFPD_716.region001,RiPP,RiPP-like,7.91,6,Bacteria,Planctomycetota,GCA-002687715,GCA-002687715,DRQF01,DRQF01,0
M24,Aegir_M24_B113,NEOEDNCB_47.region001,Hybrid,arylpolyene:resorcinol,22.28,24,Bacteria,Bacteroidota,Bacteroidia,Flavobacteriales,Flavobacteriaceae,S010-17,0
M24,Aegir_M24_B113,NEOEDNCB_12.region001,Other,arylpolyene,18.94,18,Bacteria,Bacteroidota,Bacteroidia,Flavobacteriales,Flavobacteriaceae,S010-17,0
M24,Aegir_M24_B114,GDCPMDGF_12.region001,Terpene,Terpene generic,18.41,15,Bacteria,Pseudomonadota,Alphaproteobacteria,Rhizobiales,Devosiaceae,DROE01,0
M24,Aegir_M24_B114,GDCPMDGF_34.region001,Polyketide,T3PKS,21.69,21,Bacteria,Pseudomonadota,Alphaproteobacteria,Rhizobiales,Devosiaceae,DROE01,0
M24,Aegir_M24_B115,FBCILAEC_199.region001,Other,hserlactone,8.06,11,Bacteria,Pseudomonadota,Alphaproteobacteria,Rhodobacterales,Rhodobacteraceae,Profundibacter,Profundibacter amoris
M24,Aegir_M24_B115,FBCILAEC_254.region001,RiPP,RiPP-like,6.01,8,Bacteria,Pseudomonadota,Alphaproteobacteria,Rhodobacterales,Rhodobacteraceae,Profundibacter,Profundibacter amoris
M24,Aegir_M24_B116,LFICFLKJ_140.region001,RiPP,RiPP-like,11.62,12,Bacteria,Campylobacterota,Campylobacteria,Campylobacterales,Sulfurimonadaceae,Sulfurimonas,0
M24,Aegir_M24_B116,LFICFLKJ_159.region001,RiPP,RiPP-like,7.96,8,Bacteria,Campylobacterota,Campylobacteria,Campylobacterales,Sulfurimonadaceae,Sulfurimonas,0
M24,Aegir_M24_B117,CAMPJJDL_203.region001,Other,hserlactone,8.6,9,Bacteria,Pseudomonadota,Alphaproteobacteria,Rhodobacterales,Rhodobacteraceae,JAAEUB01,0
M24,Aegir_M24_B118,FAKNGFII_126.region001,RiPP,RRE-containing,8.36,9,Bacteria,Bacteroidota,Bacteroidia,UBA10329,UBA10329,UBA10329,0
M24,Aegir_M24_B118,FAKNGFII_144.region001,Other,resorcinol,10.34,10,Bacteria,Bacteroidota,Bacteroidia,UBA10329,UBA10329,UBA10329,0
M24,Aegir_M24_B118,FAKNGFII_18.region001,Other,arylpolyene,3.19,3,Bacteria,Bacteroidota,Bacteroidia,UBA10329,UBA10329,UBA10329,0
M24,Aegir_M24_B118,FAKNGFII_201.region001,Other,arylpolyene,2.98,4,Bacteria,Bacteroidota,Bacteroidia,UBA10329,UBA10329,UBA10329,0
M24,Aegir_M24_B118,FAKNGFII_274.region001,Terpene,Terpene generic,6.47,6,Bacteria,Bacteroidota,Bacteroidia,UBA10329,UBA10329,UBA10329,0
M24,Aegir_M24_B118,FAKNGFII_392.region001,Terpene,Terpene generic,4.59,5,Bacteria,Bacteroidota,Bacteroidia,UBA10329,UBA10329,UBA10329,0
M24,Aegir_M24_B118,FAKNGFII_40.region001,Polyketide,PKS-like,19.5,23,Bacteria,Bacteroidota,Bacteroidia,UBA10329,UBA10329,UBA10329,0
M24,Aegir_M24_B119,DEJCOLOP_193.region001,Polyketide,T3PKS,9.36,11,Bacteria,Planctomycetota,Phycisphaerae,Phycisphaerales,UBA1924,UBA1924,0
M24,Aegir_M24_B12,AMEDOMHJ_171.region001,NRP,NRPS-like,12.18,15,Bacteria,Pseudomonadota,Gammaproteobacteria,SZUA-229,SZUA-229,GCA-2746365,0
M24,Aegir_M24_B12,AMEDOMHJ_253.region001,RiPP,RiPP-like,4.62,4,Bacteria,Pseudomonadota,Gammaproteobacteria,SZUA-229,SZUA-229,GCA-2746365,0
M24,Aegir_M24_B12,AMEDOMHJ_272.region001,NRP,NRP generic,4.54,1,Bacteria,Pseudomonadota,Gammaproteobacteria,SZUA-229,SZUA-229,GCA-2746365,0
M24,Aegir_M24_B12,AMEDOMHJ_30.region001,Hybrid,NRPS-like:T1PKS,11.75,3,Bacteria,Pseudomonadota,Gammaproteobacteria,SZUA-229,SZUA-229,GCA-2746365,0
M24,Aegir_M24_B12,AMEDOMHJ_19.region001,RiPP,RiPP-like,7.99,10,Bacteria,Pseudomonadota,Gammaproteobacteria,SZUA-229,SZUA-229,GCA-2746365,0
M24,Aegir_M24_B122,FDEIFABP_83.region001,RiPP,redox-cofactor,11.91,13,Bacteria,Pseudomonadota,Gammaproteobacteria,Methylococcales,Methylomonadaceae,Methyloprofundus,Methyloprofundus sp900128525
M24,Aegir_M24_B122,FDEIFABP_79.region001,RiPP,RiPP-like,10.49,11,Bacteria,Pseudomonadota,Gammaproteobacteria,Methylococcales,Methylomonadaceae,Methyloprofundus,Methyloprofundus sp900128525
M24,Aegir_M24_B122,FDEIFABP_48.region001,Terpene,Terpene generic,16.21,13,Bacteria,Pseudomonadota,Gammaproteobacteria,Methylococcales,Methylomonadaceae,Methyloprofundus,Methyloprofundus sp900128525
M24,Aegir_M24_B123,FHGAEOEJ_16.region001,Terpene,Terpene generic,18.25,16,Bacteria,Pseudomonadota,Gammaproteobacteria,CAMYNG01,CAMYNG01,JALUTW01,JALUTW01 sp027021685
M24,Aegir_M24_B123,FHGAEOEJ_67.region001,RiPP,RiPP-like,10.87,12,Bacteria,Pseudomonadota,Gammaproteobacteria,CAMYNG01,CAMYNG01,JALUTW01,JALUTW01 sp027021685
M24,Aegir_M24_B123,FHGAEOEJ_73.region001,Other,arylpolyene,38.1,35,Bacteria,Pseudomonadota,Gammaproteobacteria,CAMYNG01,CAMYNG01,JALUTW01,JALUTW01 sp027021685
M24,Aegir_M24_B124,GBGOCJJP_100.region001,Polyketide,T3PKS,41.06,30,Bacteria,Planctomycetota,UBA1135,UBA1135,GCA-002686595,JBBDIB01,0
M24,Aegir_M24_B124,GBGOCJJP_67.region001,NRP,NRP generic,29.29,21,Bacteria,Planctomycetota,UBA1135,UBA1135,GCA-002686595,JBBDIB01,0
M24,Aegir_M24_B124,GBGOCJJP_54.region001,NRP,NRP generic,40.67,30,Bacteria,Planctomycetota,UBA1135,UBA1135,GCA-002686595,JBBDIB01,0
M24,Aegir_M24_B124,GBGOCJJP_100.region002,Other,resorcinol,23.71,23,Bacteria,Planctomycetota,UBA1135,UBA1135,GCA-002686595,JBBDIB01,0
M24,Aegir_M24_B124,GBGOCJJP_112.region001,Terpene,Terpene generic,21.87,15,Bacteria,Planctomycetota,UBA1135,UBA1135,GCA-002686595,JBBDIB01,0
M24,Aegir_M24_B124,GBGOCJJP_84.region001,RiPP,RiPP-like,10.89,7,Bacteria,Planctomycetota,UBA1135,UBA1135,GCA-002686595,JBBDIB01,0
M24,Aegir_M24_B125,PPEFOLCN_228.region001,RiPP,RiPP-like,5.55,3,Bacteria,Planctomycetota,GCA-002687715,GCA-002687715,DRQF01,S139-23,0
M24,Aegir_M24_B125,PPEFOLCN_30.region001,Terpene,Terpene generic,16.7,12,Bacteria,Planctomycetota,GCA-002687715,GCA-002687715,DRQF01,S139-23,0
M24,Aegir_M24_B125,PPEFOLCN_686.region001,RiPP,RRE-containing,3.59,4,Bacteria,Planctomycetota,GCA-002687715,GCA-002687715,DRQF01,S139-23,0
M24,Aegir_M24_B125,PPEFOLCN_727.region001,RiPP,RiPP-like,9.54,9,Bacteria,Planctomycetota,GCA-002687715,GCA-002687715,DRQF01,S139-23,0
M24,Aegir_M24_B126,IGJKKHJM_13.region001,Other,hserlactone,20.64,21,Bacteria,Pseudomonadota,Alphaproteobacteria,Rhodobacterales,Rhodobacteraceae,JAJRUE01,0
M24,Aegir_M24_B126,IGJKKHJM_35.region001,Other,hserlactone,20.61,23,Bacteria,Pseudomonadota,Alphaproteobacteria,Rhodobacterales,Rhodobacteraceae,JAJRUE01,0
M24,Aegir_M24_B126,IGJKKHJM_5.region001,Other,betalactone,27.34,26,Bacteria,Pseudomonadota,Alphaproteobacteria,Rhodobacterales,Rhodobacteraceae,JAJRUE01,0
M24,Aegir_M24_B126,IGJKKHJM_10.region001,Terpene,Terpene generic,20.76,23,Bacteria,Pseudomonadota,Alphaproteobacteria,Rhodobacterales,Rhodobacteraceae,JAJRUE01,0
M24,Aegir_M24_B127,DHLFLHGA_165.region001,Other,acyl_amino_acids,6.73,7,Bacteria,Planctomycetota,GCA-2746535,GCA-2746535,GCA-2746535,GCA-2746535,0
M24,Aegir_M24_B127,DHLFLHGA_182.region001,RiPP,RRE-containing,5.62,5,Bacteria,Planctomycetota,GCA-2746535,GCA-2746535,GCA-2746535,GCA-2746535,0
M24,Aegir_M24_B127,DHLFLHGA_185.region001,Other,acyl_amino_acids,2.84,3,Bacteria,Planctomycetota,GCA-2746535,GCA-2746535,GCA-2746535,GCA-2746535,0
M24,Aegir_M24_B127,DHLFLHGA_237.region001,Polyketide,T1PKS,8.95,1,Bacteria,Planctomycetota,GCA-2746535,GCA-2746535,GCA-2746535,GCA-2746535,0
M24,Aegir_M24_B127,DHLFLHGA_309.region001,NRP,NRP generic,2.48,1,Bacteria,Planctomycetota,GCA-2746535,GCA-2746535,GCA-2746535,GCA-2746535,0
M24,Aegir_M24_B127,DHLFLHGA_372.region001,Other,arylpolyene,3.53,5,Bacteria,Planctomycetota,GCA-2746535,GCA-2746535,GCA-2746535,GCA-2746535,0
M24,Aegir_M24_B127,DHLFLHGA_497.region001,Polyketide,T3PKS,19,17,Bacteria,Planctomycetota,GCA-2746535,GCA-2746535,GCA-2746535,GCA-2746535,0
M24,Aegir_M24_B127,DHLFLHGA_532.region001,Other,acyl_amino_acids,4.5,3,Bacteria,Planctomycetota,GCA-2746535,GCA-2746535,GCA-2746535,GCA-2746535,0
M24,Aegir_M24_B127,DHLFLHGA_556.region001,NRP,NRP generic,5.38,1,Bacteria,Planctomycetota,GCA-2746535,GCA-2746535,GCA-2746535,GCA-2746535,0
M24,Aegir_M24_B127,DHLFLHGA_603.region001,RiPP,RiPP-like,2.61,3,Bacteria,Planctomycetota,GCA-2746535,GCA-2746535,GCA-2746535,GCA-2746535,0
M24,Aegir_M24_B127,DHLFLHGA_651.region001,Other,acyl_amino_acids,14.78,12,Bacteria,Planctomycetota,GCA-2746535,GCA-2746535,GCA-2746535,GCA-2746535,0
M24,Aegir_M24_B127,DHLFLHGA_661.region001,Other,acyl_amino_acids,6.22,4,Bacteria,Planctomycetota,GCA-2746535,GCA-2746535,GCA-2746535,GCA-2746535,0
M24,Aegir_M24_B127,DHLFLHGA_752.region001,Other,acyl_amino_acids,3.71,3,Bacteria,Planctomycetota,GCA-2746535,GCA-2746535,GCA-2746535,GCA-2746535,0
M24,Aegir_M24_B127,DHLFLHGA_798.region001,Other,acyl_amino_acids,4.03,5,Bacteria,Planctomycetota,GCA-2746535,GCA-2746535,GCA-2746535,GCA-2746535,0
M24,Aegir_M24_B127,DHLFLHGA_872.region001,Other,acyl_amino_acids,2.47,2,Bacteria,Planctomycetota,GCA-2746535,GCA-2746535,GCA-2746535,GCA-2746535,0
M24,Aegir_M24_B127,DHLFLHGA_94.region001,Other,acyl_amino_acids,4.57,4,Bacteria,Planctomycetota,GCA-2746535,GCA-2746535,GCA-2746535,GCA-2746535,0
M24,Aegir_M24_B127,DHLFLHGA_374.region001,Other,acyl_amino_acids,3.26,3,Bacteria,Planctomycetota,GCA-2746535,GCA-2746535,GCA-2746535,GCA-2746535,0
M24,Aegir_M24_B127,DHLFLHGA_342.region001,Other,acyl_amino_acids,2.37,1,Bacteria,Planctomycetota,GCA-2746535,GCA-2746535,GCA-2746535,GCA-2746535,0
M24,Aegir_M24_B127,DHLFLHGA_91.region001,Other,acyl_amino_acids,2.1,3,Bacteria,Planctomycetota,GCA-2746535,GCA-2746535,GCA-2746535,GCA-2746535,0
M24,Aegir_M24_B127,DHLFLHGA_910.region001,Other,acyl_amino_acids,2.33,1,Bacteria,Planctomycetota,GCA-2746535,GCA-2746535,GCA-2746535,GCA-2746535,0
M24,Aegir_M24_B127,DHLFLHGA_921.region001,Other,acyl_amino_acids,2.25,1,Bacteria,Planctomycetota,GCA-2746535,GCA-2746535,GCA-2746535,GCA-2746535,0
M24,Aegir_M24_B128,FDOIAPJH_117.region001,Polyketide,hglE-KS,36.51,26,Bacteria,Pseudomonadota,Gammaproteobacteria,Pseudomonadales,Azotimanducaceae,JAHRVQ01,0
M24,Aegir_M24_B128,FDOIAPJH_52.region001,RiPP,RiPP-like,10.87,9,Bacteria,Pseudomonadota,Gammaproteobacteria,Pseudomonadales,Azotimanducaceae,JAHRVQ01,0
M24,Aegir_M24_B129,NPEJHEFM_93.region001,Other,arylpolyene,8.96,8,Bacteria,Bacteroidota,Bacteroidia,Flavobacteriales,Vicingaceae,GCA-002793235,0
M24,Aegir_M24_B129,NPEJHEFM_91.region001,Hybrid,arylpolyene:resorcinol,28.4,34,Bacteria,Bacteroidota,Bacteroidia,Flavobacteriales,Vicingaceae,GCA-002793235,0
M24,Aegir_M24_B13,HMPFCKPD_12.region001,RiPP,RiPP-like,5.89,7,Bacteria,Pseudomonadota,Gammaproteobacteria,Beggiatoales,Beggiatoaceae,0,0
M24,Aegir_M24_B13,HMPFCKPD_81.region001,Terpene,Terpene generic,15.04,12,Bacteria,Pseudomonadota,Gammaproteobacteria,Beggiatoales,Beggiatoaceae,0,0
M24,Aegir_M24_B13,HMPFCKPD_40.region001,NRP,NRPS-like,30.48,25,Bacteria,Pseudomonadota,Gammaproteobacteria,Beggiatoales,Beggiatoaceae,0,0
M24,Aegir_M24_B130,KOFGBFOK_7.region001,Other,arylpolyene,39.35,37,Bacteria,Pseudomonadota,Gammaproteobacteria,Methylococcales,Methylomonadaceae,JALSJK01,JALSJK01 sp026989395
M24,Aegir_M24_B130,KOFGBFOK_136.region001,Other,hydrogen-cyanide,12.8,11,Bacteria,Pseudomonadota,Gammaproteobacteria,Methylococcales,Methylomonadaceae,JALSJK01,JALSJK01 sp026989395
M24,Aegir_M24_B130,KOFGBFOK_34.region001,NRP,NRPS-like,33.17,24,Bacteria,Pseudomonadota,Gammaproteobacteria,Methylococcales,Methylomonadaceae,JALSJK01,JALSJK01 sp026989395
M24,Aegir_M24_B130,KOFGBFOK_123.region001,Other,betalactone,32.33,32,Bacteria,Pseudomonadota,Gammaproteobacteria,Methylococcales,Methylomonadaceae,JALSJK01,JALSJK01 sp026989395
M24,Aegir_M24_B130,KOFGBFOK_56.region001,RiPP,redox-cofactor,22.12,17,Bacteria,Pseudomonadota,Gammaproteobacteria,Methylococcales,Methylomonadaceae,JALSJK01,JALSJK01 sp026989395
M24,Aegir_M24_B130,KOFGBFOK_139.region001,RiPP,RiPP-like,10.85,12,Bacteria,Pseudomonadota,Gammaproteobacteria,Methylococcales,Methylomonadaceae,JALSJK01,JALSJK01 sp026989395
M24,Aegir_M24_B130,KOFGBFOK_5.region001,Terpene,Terpene generic,19.99,18,Bacteria,Pseudomonadota,Gammaproteobacteria,Methylococcales,Methylomonadaceae,JALSJK01,JALSJK01 sp026989395
M24,Aegir_M24_B131,CIIHKDJI_39.region001,RiPP,redox-cofactor,10.45,11,Bacteria,Pseudomonadota,Gammaproteobacteria,Nitrosococcales,Methylophagaceae,GCA-002733105,0
M24,Aegir_M24_B131,CIIHKDJI_51.region001,RiPP,RiPP-like,10.85,10,Bacteria,Pseudomonadota,Gammaproteobacteria,Nitrosococcales,Methylophagaceae,GCA-002733105,0
M24,Aegir_M24_B131,CIIHKDJI_89.region001,Terpene,Terpene generic,3.7,3,Bacteria,Pseudomonadota,Gammaproteobacteria,Nitrosococcales,Methylophagaceae,GCA-002733105,0
M24,Aegir_M24_B132,BKNNPPBI_130.region001,Hybrid,NRPS-like:T1PKS,26.59,20,Bacteria,Planctomycetota,UBA1135,UBA1135,GCA-002686595,JARGPD01,0
M24,Aegir_M24_B132,BKNNPPBI_8.region001,Hybrid,NRPS:T1PKS,39.18,24,Bacteria,Planctomycetota,UBA1135,UBA1135,GCA-002686595,JARGPD01,0
M24,Aegir_M24_B14,ANCDLGFE_20.region001,NRP,NRP generic,44.76,35,Bacteria,Pseudomonadota,Gammaproteobacteria,Pseudomonadales,Azotimanducaceae,GCA-002726655,0
M24,Aegir_M24_B14,ANCDLGFE_6.region001,Polyketide,hglE-KS,42.41,24,Bacteria,Pseudomonadota,Gammaproteobacteria,Pseudomonadales,Azotimanducaceae,GCA-002726655,0
M24,Aegir_M24_B15,LJPEBJAM_258.region001,NRP,NRPS-like,34.24,26,Bacteria,Planctomycetota,UBA1135,UBA1135,GCA-002686595,GCA-2862085,0
M24,Aegir_M24_B15,LJPEBJAM_68.region001,RiPP,thiopeptide,18.67,16,Bacteria,Planctomycetota,UBA1135,UBA1135,GCA-002686595,GCA-2862085,0
M24,Aegir_M24_B15,LJPEBJAM_252.region001,Polyketide,T3PKS,25.69,18,Bacteria,Planctomycetota,UBA1135,UBA1135,GCA-002686595,GCA-2862085,0
M24,Aegir_M24_B16,BBEMPNNE_582.region001,Polyketide,T3PKS,2.15,3,Bacteria,Planctomycetota,Planctomycetia,Planctomycetales,Planctomycetaceae,Rubinisphaera,0
M24,Aegir_M24_B17,JECBHHKC_10.region001,RiPP,RiPP-like,10.93,11,Bacteria,Pseudomonadota,Gammaproteobacteria,Enterobacterales,Alteromonadaceae,0,0
M24,Aegir_M24_B18,BHALFHGL_116.region001,Other,hserlactone,10.74,10,Bacteria,Pseudomonadota,Gammaproteobacteria,DSM-19610,DSM-19610,Thiogranum,0
M24,Aegir_M24_B18,BHALFHGL_227.region001,Terpene,Terpene generic,12.39,12,Bacteria,Pseudomonadota,Gammaproteobacteria,DSM-19610,DSM-19610,Thiogranum,0
M24,Aegir_M24_B18,BHALFHGL_65.region001,RiPP,RiPP-like,8.62,11,Bacteria,Pseudomonadota,Gammaproteobacteria,DSM-19610,DSM-19610,Thiogranum,0
M24,Aegir_M24_B19,FPDLEAHF_158.region001,Other,acyl_amino_acids,4.55,4,Bacteria,Bdellovibrionota,Bacteriovoracia,Bacteriovoracales,Bacteriovoracaceae,0,0
M24,Aegir_M24_B19,FPDLEAHF_19.region001,Other,acyl_amino_acids,4.03,3,Bacteria,Bdellovibrionota,Bacteriovoracia,Bacteriovoracales,Bacteriovoracaceae,0,0
M24,Aegir_M24_B19,FPDLEAHF_54.region001,RiPP,RiPP-like,7.23,10,Bacteria,Bdellovibrionota,Bacteriovoracia,Bacteriovoracales,Bacteriovoracaceae,0,0
M24,Aegir_M24_B19,FPDLEAHF_55.region001,Other,acyl_amino_acids,2.52,2,Bacteria,Bdellovibrionota,Bacteriovoracia,Bacteriovoracales,Bacteriovoracaceae,0,0
M24,Aegir_M24_B2,AGHCKNLD_294.region001,NRP,NRPS-like,23.52,18,Bacteria,Myxococcota,Polyangia,Polyangiales,SG8-38,JBCCRV01,0
M24,Aegir_M24_B2,AGHCKNLD_341.region001,Other,arylpolyene,2.85,3,Bacteria,Myxococcota,Polyangia,Polyangiales,SG8-38,JBCCRV01,0
M24,Aegir_M24_B2,AGHCKNLD_356.region001,Terpene,Terpene generic,15.07,15,Bacteria,Myxococcota,Polyangia,Polyangiales,SG8-38,JBCCRV01,0
M24,Aegir_M24_B2,AGHCKNLD_385.region001,Terpene,Terpene generic,19.65,17,Bacteria,Myxococcota,Polyangia,Polyangiales,SG8-38,JBCCRV01,0
M24,Aegir_M24_B2,AGHCKNLD_390.region001,Hybrid,T3PKS:RiPP-like,10.05,11,Bacteria,Myxococcota,Polyangia,Polyangiales,SG8-38,JBCCRV01,0
M24,Aegir_M24_B2,AGHCKNLD_436.region001,Polyketide,T1PKS,13.1,8,Bacteria,Myxococcota,Polyangia,Polyangiales,SG8-38,JBCCRV01,0
M24,Aegir_M24_B2,AGHCKNLD_454.region001,Other,arylpolyene,17.19,15,Bacteria,Myxococcota,Polyangia,Polyangiales,SG8-38,JBCCRV01,0
M24,Aegir_M24_B2,AGHCKNLD_459.region001,NRP,NRPS-like,10.41,7,Bacteria,Myxococcota,Polyangia,Polyangiales,SG8-38,JBCCRV01,0
M24,Aegir_M24_B2,AGHCKNLD_664.region001,Terpene,Terpene generic,14.8,8,Bacteria,Myxococcota,Polyangia,Polyangiales,SG8-38,JBCCRV01,0
M24,Aegir_M24_B20,LNMAEBHA_185.region001,Other,arylpolyene,3.99,5,Bacteria,Bacteroidota,Bacteroidia,Flavobacteriales,Crocinitomicaceae,UBA4466,0
M24,Aegir_M24_B20,LNMAEBHA_220.region001,Terpene,Terpene generic,2.91,2,Bacteria,Bacteroidota,Bacteroidia,Flavobacteriales,Crocinitomicaceae,UBA4466,0
M24,Aegir_M24_B20,LNMAEBHA_336.region001,Other,arylpolyene,8.22,9,Bacteria,Bacteroidota,Bacteroidia,Flavobacteriales,Crocinitomicaceae,UBA4466,0
M24,Aegir_M24_B20,LNMAEBHA_188.region001,Other,arylpolyene,5.32,8,Bacteria,Bacteroidota,Bacteroidia,Flavobacteriales,Crocinitomicaceae,UBA4466,0
M24,Aegir_M24_B21,LHGLAGHD_14.region001,Polyketide,T3PKS,24.03,27,Bacteria,Pseudomonadota,Alphaproteobacteria,Rhizobiales,Rhizobiaceae,SZUA-100,0
M24,Aegir_M24_B21,LHGLAGHD_19.region001,Terpene,Terpene generic,3.56,5,Bacteria,Pseudomonadota,Alphaproteobacteria,Rhizobiales,Rhizobiaceae,SZUA-100,0
M24,Aegir_M24_B21,LHGLAGHD_27.region001,Other,hserlactone,20.62,19,Bacteria,Pseudomonadota,Alphaproteobacteria,Rhizobiales,Rhizobiaceae,SZUA-100,0
M24,Aegir_M24_B21,LHGLAGHD_31.region001,Terpene,Terpene generic,17.28,15,Bacteria,Pseudomonadota,Alphaproteobacteria,Rhizobiales,Rhizobiaceae,SZUA-100,0
M24,Aegir_M24_B21,LHGLAGHD_31.region002,RiPP,thioamitides,22.55,23,Bacteria,Pseudomonadota,Alphaproteobacteria,Rhizobiales,Rhizobiaceae,SZUA-100,0
M24,Aegir_M24_B21,LHGLAGHD_58.region001,RiPP,RiPP-like,10.9,7,Bacteria,Pseudomonadota,Alphaproteobacteria,Rhizobiales,Rhizobiaceae,SZUA-100,0
M24,Aegir_M24_B22,BBBCDLJB_1055.region001,Terpene,Terpene generic,5.15,6,Bacteria,Myxococcota,Polyangia,Haliangiales,Haliangiaceae,NORP324,0
M24,Aegir_M24_B22,BBBCDLJB_1223.region001,NRP,NRPS-like,2.71,2,Bacteria,Myxococcota,Polyangia,Haliangiales,Haliangiaceae,NORP324,0
M24,Aegir_M24_B22,BBBCDLJB_1301.region001,Terpene,Terpene generic,12.38,12,Bacteria,Myxococcota,Polyangia,Haliangiales,Haliangiaceae,NORP324,0
M24,Aegir_M24_B22,BBBCDLJB_243.region001,NRP,NRPS-like,3.72,4,Bacteria,Myxococcota,Polyangia,Haliangiales,Haliangiaceae,NORP324,0
M24,Aegir_M24_B22,BBBCDLJB_989.region001,RiPP,RiPP-like,4.01,3,Bacteria,Myxococcota,Polyangia,Haliangiales,Haliangiaceae,NORP324,0
M24,Aegir_M24_B23,EKPCADKE_145.region001,RiPP,RiPP-like,10.86,12,Bacteria,Pseudomonadota,Alphaproteobacteria,Rhodobacterales,Rhodobacteraceae,Amylibacter,Amylibacter sp024280735
M24,Aegir_M24_B23,EKPCADKE_53.region001,Hybrid,NRPS-like:T1PKS,52.12,37,Bacteria,Pseudomonadota,Alphaproteobacteria,Rhodobacterales,Rhodobacteraceae,Amylibacter,Amylibacter sp024280735
M24,Aegir_M24_B24,FPPHCGEG_1.region001,RiPP,RiPP-like,10.89,8,Bacteria,Pseudomonadota,Gammaproteobacteria,SZUA-152,SZUA-152,SZUA-152,0
M24,Aegir_M24_B24,FPPHCGEG_7.region001,RiPP,RiPP-like,10.88,10,Bacteria,Pseudomonadota,Gammaproteobacteria,SZUA-152,SZUA-152,SZUA-152,0
M24,Aegir_M24_B24,FPPHCGEG_7.region002,Terpene,Terpene generic,25.06,21,Bacteria,Pseudomonadota,Gammaproteobacteria,SZUA-152,SZUA-152,SZUA-152,0
M24,Aegir_M24_B25,GCPKHDHJ_105.region001,RiPP,RiPP-like,6.64,5,Bacteria,Pseudomonadota,Gammaproteobacteria,SZUA-152,SZUA-152,SZUA-152,0
M24,Aegir_M24_B25,GCPKHDHJ_4.region001,Terpene,Terpene generic,17.68,17,Bacteria,Pseudomonadota,Gammaproteobacteria,SZUA-152,SZUA-152,SZUA-152,0
M24,Aegir_M24_B25,GCPKHDHJ_85.region001,NRP,NRPS-like,5.81,2,Bacteria,Pseudomonadota,Gammaproteobacteria,SZUA-152,SZUA-152,SZUA-152,0
M24,Aegir_M24_B25,GCPKHDHJ_110.region001,RiPP,RiPP-like,10.13,9,Bacteria,Pseudomonadota,Gammaproteobacteria,SZUA-152,SZUA-152,SZUA-152,0
M24,Aegir_M24_B26,BLIMOGOC_29.region001,Hybrid,arylpolyene:resorcinol,38.45,37,Bacteria,Bacteroidota,Bacteroidia,Flavobacteriales,Flavobacteriaceae,GCA-002733185,0
M24,Aegir_M24_B26,BLIMOGOC_49.region001,RiPP,RRE-containing,20.25,18,Bacteria,Bacteroidota,Bacteroidia,Flavobacteriales,Flavobacteriaceae,GCA-002733185,0
M24,Aegir_M24_B27,MGMOCMNP_146.region001,Polyketide,T1PKS,7.65,3,Bacteria,Bacteroidota,Bacteroidia,Cytophagales,Bernardetiaceae,0,0
M24,Aegir_M24_B27,MGMOCMNP_205.region001,Polyketide,T1PKS,12.49,4,Bacteria,Bacteroidota,Bacteroidia,Cytophagales,Bernardetiaceae,0,0
M24,Aegir_M24_B27,MGMOCMNP_243.region001,NRP,CDPS,4.57,5,Bacteria,Bacteroidota,Bacteroidia,Cytophagales,Bernardetiaceae,0,0
M24,Aegir_M24_B28,HMICOCJM_92.region001,Terpene,Terpene generic,14.39,11,Bacteria,Pseudomonadota,Gammaproteobacteria,Methylococcales,Methylomonadaceae,Methylomarinum,0
M24,Aegir_M24_B28,HMICOCJM_34.region001,Other,hydrogen-cyanide,7.16,7,Bacteria,Pseudomonadota,Gammaproteobacteria,Methylococcales,Methylomonadaceae,Methylomarinum,0
M24,Aegir_M24_B28,HMICOCJM_151.region001,RiPP,RiPP-like,10.85,12,Bacteria,Pseudomonadota,Gammaproteobacteria,Methylococcales,Methylomonadaceae,Methylomarinum,0
M24,Aegir_M24_B28,HMICOCJM_48.region001,Other,hserlactone,20.2,24,Bacteria,Pseudomonadota,Gammaproteobacteria,Methylococcales,Methylomonadaceae,Methylomarinum,0
M24,Aegir_M24_B28,HMICOCJM_14.region001,Other,hserlactone,11.9,11,Bacteria,Pseudomonadota,Gammaproteobacteria,Methylococcales,Methylomonadaceae,Methylomarinum,0
M24,Aegir_M24_B28,HMICOCJM_39.region001,Other,arylpolyene,7.56,9,Bacteria,Pseudomonadota,Gammaproteobacteria,Methylococcales,Methylomonadaceae,Methylomarinum,0
M24,Aegir_M24_B28,HMICOCJM_86.region001,RiPP,redox-cofactor,17.38,21,Bacteria,Pseudomonadota,Gammaproteobacteria,Methylococcales,Methylomonadaceae,Methylomarinum,0
M24,Aegir_M24_B29,IMEAMOFF_101.region001,RiPP,RiPP-like,10.93,10,Bacteria,Pseudomonadota,Gammaproteobacteria,Enterobacterales,GCA-002770795,DRNA01,0
M24,Aegir_M24_B29,IMEAMOFF_58.region001,RiPP,RiPP-like,11.74,8,Bacteria,Pseudomonadota,Gammaproteobacteria,Enterobacterales,GCA-002770795,DRNA01,0
M24,Aegir_M24_B29,IMEAMOFF_76.region001,Terpene,Terpene generic,20.9,21,Bacteria,Pseudomonadota,Gammaproteobacteria,Enterobacterales,GCA-002770795,DRNA01,0
M24,Aegir_M24_B3,CKOFCMJB_197.region001,RiPP,RRE-containing,5.88,8,Bacteria,Myxococcota,UBA9042,PHBI01,CALCNF01,0,0
M24,Aegir_M24_B3,CKOFCMJB_220.region001,Terpene,Terpene generic,18.64,14,Bacteria,Myxococcota,UBA9042,PHBI01,CALCNF01,0,0
M24,Aegir_M24_B3,CKOFCMJB_305.region001,Polyketide,T1PKS,4.5,1,Bacteria,Myxococcota,UBA9042,PHBI01,CALCNF01,0,0
M24,Aegir_M24_B3,CKOFCMJB_441.region001,Other,arylpolyene,16.11,16,Bacteria,Myxococcota,UBA9042,PHBI01,CALCNF01,0,0
M24,Aegir_M24_B3,CKOFCMJB_781.region001,RiPP,RiPP-like,2.83,3,Bacteria,Myxococcota,UBA9042,PHBI01,CALCNF01,0,0
M24,Aegir_M24_B3,CKOFCMJB_840.region001,Other,phosphonate,7.65,5,Bacteria,Myxococcota,UBA9042,PHBI01,CALCNF01,0,0
M24,Aegir_M24_B31,LKIEJCHL_188.region001,NRP,NRP generic,6.63,2,Bacteria,Pseudomonadota,Gammaproteobacteria,Enterobacterales,Kangiellaceae,GCA-002733465,0
M24,Aegir_M24_B31,LKIEJCHL_352.region001,NRP,NRPS-like,18.97,16,Bacteria,Pseudomonadota,Gammaproteobacteria,Enterobacterales,Kangiellaceae,GCA-002733465,0
M24,Aegir_M24_B31,LKIEJCHL_469.region001,NRP,NRPS-like,4.87,3,Bacteria,Pseudomonadota,Gammaproteobacteria,Enterobacterales,Kangiellaceae,GCA-002733465,0
M24,Aegir_M24_B31,LKIEJCHL_511.region001,Other,arylpolyene,11.2,10,Bacteria,Pseudomonadota,Gammaproteobacteria,Enterobacterales,Kangiellaceae,GCA-002733465,0
M24,Aegir_M24_B31,LKIEJCHL_180.region001,Other,resorcinol,4.83,4,Bacteria,Pseudomonadota,Gammaproteobacteria,Enterobacterales,Kangiellaceae,GCA-002733465,0
M24,Aegir_M24_B31,LKIEJCHL_517.region001,NRP,NRP generic,34.6,26,Bacteria,Pseudomonadota,Gammaproteobacteria,Enterobacterales,Kangiellaceae,GCA-002733465,0
M24,Aegir_M24_B32,CGGEEMNC_101.region001,RiPP,RRE-containing,19.9,15,Bacteria,Chloroflexota,Anaerolineae,Promineifilales,Promineifilaceae,JAJRTP01,0
M24,Aegir_M24_B32,CGGEEMNC_595.region001,Terpene,Terpene generic,10.92,9,Bacteria,Chloroflexota,Anaerolineae,Promineifilales,Promineifilaceae,JAJRTP01,0
M24,Aegir_M24_B32,CGGEEMNC_285.region001,RiPP,sactipeptide,16.77,13,Bacteria,Chloroflexota,Anaerolineae,Promineifilales,Promineifilaceae,JAJRTP01,0
M24,Aegir_M24_B34,OINKMAKN_30.region001,Terpene,Terpene generic,20.84,21,Bacteria,Pseudomonadota,Alphaproteobacteria,Rhizobiales,Devosiaceae,DROE01,0
M24,Aegir_M24_B35,OAFPEDIB_21.region001,RiPP,RiPP-like,6.85,9,Bacteria,Pseudomonadota,Gammaproteobacteria,UWMA-0217,UWMA-0217,JALSHZ01,0
M24,Aegir_M24_B35,OAFPEDIB_67.region001,RiPP,RiPP-like,10.85,11,Bacteria,Pseudomonadota,Gammaproteobacteria,UWMA-0217,UWMA-0217,JALSHZ01,0
M24,Aegir_M24_B36,CFEKOEEO_18.region001,RiPP,RiPP-like,10.86,6,Bacteria,Planctomycetota,UBA11346,UBA11346,UBA11346,JANQLF01,0
M24,Aegir_M24_B36,CFEKOEEO_200.region001,Other,betalactone,18.38,16,Bacteria,Planctomycetota,UBA11346,UBA11346,UBA11346,JANQLF01,0
M24,Aegir_M24_B36,CFEKOEEO_225.region001,Polyketide,T3PKS,11.11,9,Bacteria,Planctomycetota,UBA11346,UBA11346,UBA11346,JANQLF01,0
M24,Aegir_M24_B36,CFEKOEEO_299.region001,Hybrid,hglE-KS:T1PKS,21.46,10,Bacteria,Planctomycetota,UBA11346,UBA11346,UBA11346,JANQLF01,0
M24,Aegir_M24_B36,CFEKOEEO_38.region001,Other,arylpolyene,34.53,33,Bacteria,Planctomycetota,UBA11346,UBA11346,UBA11346,JANQLF01,0
M24,Aegir_M24_B36,CFEKOEEO_49.region001,Other,arylpolyene,15.5,8,Bacteria,Planctomycetota,UBA11346,UBA11346,UBA11346,JANQLF01,0
M24,Aegir_M24_B36,CFEKOEEO_84.region001,Other,acyl_amino_acids,28.55,12,Bacteria,Planctomycetota,UBA11346,UBA11346,UBA11346,JANQLF01,0
M24,Aegir_M24_B37,FGBPHCAI_36.region001,RiPP,RRE-containing,15.67,10,Bacteria,Bacteroidota,Bacteroidia,Chitinophagales,Saprospiraceae,UBA6168,0
M24,Aegir_M24_B37,FGBPHCAI_85.region001,Hybrid,NRPS:T1PKS,38.16,17,Bacteria,Bacteroidota,Bacteroidia,Chitinophagales,Saprospiraceae,UBA6168,0
M24,Aegir_M24_B38,BMKALGPG_1284.region001,RiPP,ranthipeptide,8.63,8,Bacteria,Planctomycetota,UBA1135,UBA2386,UBA2386,0,0
M24,Aegir_M24_B38,BMKALGPG_263.region001,Other,arylpolyene,2.04,3,Bacteria,Planctomycetota,UBA1135,UBA2386,UBA2386,0,0
M24,Aegir_M24_B38,BMKALGPG_376.region001,RiPP,RiPP-like,4.15,5,Bacteria,Planctomycetota,UBA1135,UBA2386,UBA2386,0,0
M24,Aegir_M24_B38,BMKALGPG_386.region001,Terpene,Terpene generic,2.69,3,Bacteria,Planctomycetota,UBA1135,UBA2386,UBA2386,0,0
M24,Aegir_M24_B38,BMKALGPG_966.region001,Other,arylpolyene,2.47,4,Bacteria,Planctomycetota,UBA1135,UBA2386,UBA2386,0,0
M24,Aegir_M24_B39,PINHJFLC_1053.region001,Other,acyl_amino_acids,3.18,2,Bacteria,Verrucomicrobiota,Kiritimatiellia,UBA8416,0,0,0
M24,Aegir_M24_B39,PINHJFLC_1183.region001,Other,hserlactone,3.93,3,Bacteria,Verrucomicrobiota,Kiritimatiellia,UBA8416,0,0,0
M24,Aegir_M24_B39,PINHJFLC_264.region001,Other,arylpolyene,3.6,4,Bacteria,Verrucomicrobiota,Kiritimatiellia,UBA8416,0,0,0
M24,Aegir_M24_B39,PINHJFLC_32.region001,Other,acyl_amino_acids,2.88,2,Bacteria,Verrucomicrobiota,Kiritimatiellia,UBA8416,0,0,0
M24,Aegir_M24_B39,PINHJFLC_725.region001,Other,acyl_amino_acids,3.17,4,Bacteria,Verrucomicrobiota,Kiritimatiellia,UBA8416,0,0,0
M24,Aegir_M24_B39,PINHJFLC_738.region001,Polyketide,T1PKS,10.84,3,Bacteria,Verrucomicrobiota,Kiritimatiellia,UBA8416,0,0,0
M24,Aegir_M24_B39,PINHJFLC_821.region001,Other,arylpolyene,5.07,6,Bacteria,Verrucomicrobiota,Kiritimatiellia,UBA8416,0,0,0
M24,Aegir_M24_B39,PINHJFLC_128.region001,Other,acyl_amino_acids,2.01,2,Bacteria,Verrucomicrobiota,Kiritimatiellia,UBA8416,0,0,0
M24,Aegir_M24_B4,EAPIMLMG_20.region001,RiPP,RRE-containing,10.49,19,Bacteria,Campylobacterota,Campylobacteria,Campylobacterales,Sulfurovaceae,Sulfurovum,Sulfurovum sp030949325
M24,Aegir_M24_B4,EAPIMLMG_60.region001,RiPP,RiPP-like,5.7,7,Bacteria,Campylobacterota,Campylobacteria,Campylobacterales,Sulfurovaceae,Sulfurovum,Sulfurovum sp030949325
M24,Aegir_M24_B40,ADFKEOCB_5.region001,Other,arylpolyene,4.35,6,Bacteria,Bacteroidota,Bacteroidia,Cytophagales,JAHDFW01,JAHDFW01,0
M24,Aegir_M24_B41,AOLGDHFD_58.region001,RiPP,RRE-containing,6.23,6,Bacteria,Bacteroidota,Bacteroidia,Flavobacteriales,Flavobacteriaceae,S010-17,0
M24,Aegir_M24_B42,BCGFPKJE_21.region001,Polyketide,T1PKS,47.55,34,Bacteria,Pseudomonadota,Alphaproteobacteria,Rhodobacterales,Rhodobacteraceae,Oceanicella,0
M24,Aegir_M24_B42,BCGFPKJE_30.region001,NRP,NRP generic,44.78,30,Bacteria,Pseudomonadota,Alphaproteobacteria,Rhodobacterales,Rhodobacteraceae,Oceanicella,0
M24,Aegir_M24_B42,BCGFPKJE_33.region001,Hybrid,hserlactone:RiPP-redox-cofactor,42.22,33,Bacteria,Pseudomonadota,Alphaproteobacteria,Rhodobacterales,Rhodobacteraceae,Oceanicella,0
M24,Aegir_M24_B42,BCGFPKJE_42.region001,Terpene,Terpene generic,20.82,16,Bacteria,Pseudomonadota,Alphaproteobacteria,Rhodobacterales,Rhodobacteraceae,Oceanicella,0
M24,Aegir_M24_B42,BCGFPKJE_44.region001,RiPP,lassopeptide,19.44,16,Bacteria,Pseudomonadota,Alphaproteobacteria,Rhodobacterales,Rhodobacteraceae,Oceanicella,0
M24,Aegir_M24_B42,BCGFPKJE_47.region001,Other,hydrogen-cyanide,17.65,16,Bacteria,Pseudomonadota,Alphaproteobacteria,Rhodobacterales,Rhodobacteraceae,Oceanicella,0
M24,Aegir_M24_B43,NJFLMENO_160.region001,NRP,NRPS-like,5.48,4,Bacteria,Pseudomonadota,Gammaproteobacteria,S144-34,S144-34,S144-34,S144-34 sp026989495
M24,Aegir_M24_B43,NJFLMENO_88.region001,RiPP,RiPP-like,6.48,8,Bacteria,Pseudomonadota,Gammaproteobacteria,S144-34,S144-34,S144-34,S144-34 sp026989495
M24,Aegir_M24_B44,LIEFECIJ_14.region001,RiPP,RiPP-like,10.85,11,Bacteria,Pseudomonadota,Gammaproteobacteria,Methylococcales,Methylomonadaceae,QPIN01,0
M24,Aegir_M24_B44,LIEFECIJ_31.region001,NRP,NRP generic,43.83,36,Bacteria,Pseudomonadota,Gammaproteobacteria,Methylococcales,Methylomonadaceae,QPIN01,0
M24,Aegir_M24_B44,LIEFECIJ_5.region001,Other,ectoine,10.39,8,Bacteria,Pseudomonadota,Gammaproteobacteria,Methylococcales,Methylomonadaceae,QPIN01,0
M24,Aegir_M24_B44,LIEFECIJ_66.region001,Other,arylpolyene,37.27,35,Bacteria,Pseudomonadota,Gammaproteobacteria,Methylococcales,Methylomonadaceae,QPIN01,0
M24,Aegir_M24_B44,LIEFECIJ_32.region001,RiPP,redox-cofactor,22.12,24,Bacteria,Pseudomonadota,Gammaproteobacteria,Methylococcales,Methylomonadaceae,QPIN01,0
M24,Aegir_M24_B44,LIEFECIJ_65.region001,Terpene,Terpene generic,16.67,12,Bacteria,Pseudomonadota,Gammaproteobacteria,Methylococcales,Methylomonadaceae,QPIN01,0
M24,Aegir_M24_B45,DPHDEEHI_103.region001,Polyketide,hglE-KS,34.87,23,Bacteria,Myxococcota,Bradymonadia,Bradymonadales,Bradymonadaceae,CALJNB01,0
M24,Aegir_M24_B45,DPHDEEHI_146.region001,Other,arylpolyene,44.2,39,Bacteria,Myxococcota,Bradymonadia,Bradymonadales,Bradymonadaceae,CALJNB01,0
M24,Aegir_M24_B45,DPHDEEHI_174.region001,RiPP,RRE-containing,14.81,12,Bacteria,Myxococcota,Bradymonadia,Bradymonadales,Bradymonadaceae,CALJNB01,0
M24,Aegir_M24_B45,DPHDEEHI_191.region001,NRP,NRPS-like,36.11,27,Bacteria,Myxococcota,Bradymonadia,Bradymonadales,Bradymonadaceae,CALJNB01,0
M24,Aegir_M24_B45,DPHDEEHI_35.region001,NRP,NRPS-like,29.03,20,Bacteria,Myxococcota,Bradymonadia,Bradymonadales,Bradymonadaceae,CALJNB01,0
M24,Aegir_M24_B45,DPHDEEHI_44.region001,Hybrid,NRPS-like:hglE-KS,33.41,26,Bacteria,Myxococcota,Bradymonadia,Bradymonadales,Bradymonadaceae,CALJNB01,0
M24,Aegir_M24_B45,DPHDEEHI_70.region001,Polyketide,hglE-KS,34.19,20,Bacteria,Myxococcota,Bradymonadia,Bradymonadales,Bradymonadaceae,CALJNB01,0
M24,Aegir_M24_B45,DPHDEEHI_71.region001,RiPP,RiPP-like,10.67,11,Bacteria,Myxococcota,Bradymonadia,Bradymonadales,Bradymonadaceae,CALJNB01,0
M24,Aegir_M24_B45,DPHDEEHI_74.region001,Polyketide,hglE-KS,18.03,5,Bacteria,Myxococcota,Bradymonadia,Bradymonadales,Bradymonadaceae,CALJNB01,0
M24,Aegir_M24_B45,DPHDEEHI_89.region001,RiPP,RiPP-like,10.71,10,Bacteria,Myxococcota,Bradymonadia,Bradymonadales,Bradymonadaceae,CALJNB01,0
M24,Aegir_M24_B45,DPHDEEHI_9.region001,Polyketide,T1PKS,22.88,14,Bacteria,Myxococcota,Bradymonadia,Bradymonadales,Bradymonadaceae,CALJNB01,0
M24,Aegir_M24_B46,GPNBCOBB_313.region001,Terpene,Terpene generic,4.47,2,Bacteria,Bacteroidota_A,Kapaibacteriia,Kapaibacteriales,UBA2268,0,0
M24,Aegir_M24_B49,MHNLAKHI_127.region001,RiPP,RiPP-like,6.81,6,Bacteria,Pseudomonadota,Gammaproteobacteria,SZUA-152,SZUA-152,SZUA-152,0
M24,Aegir_M24_B49,MHNLAKHI_132.region001,RiPP,RiPP-like,7.99,11,Bacteria,Pseudomonadota,Gammaproteobacteria,SZUA-152,SZUA-152,SZUA-152,0
M24,Aegir_M24_B49,MHNLAKHI_243.region001,NRP,NRP generic,4.46,2,Bacteria,Pseudomonadota,Gammaproteobacteria,SZUA-152,SZUA-152,SZUA-152,0
M24,Aegir_M24_B49,MHNLAKHI_259.region001,Terpene,Terpene generic,14.83,15,Bacteria,Pseudomonadota,Gammaproteobacteria,SZUA-152,SZUA-152,SZUA-152,0
M24,Aegir_M24_B49,MHNLAKHI_266.region001,RiPP,RiPP-like,5.26,6,Bacteria,Pseudomonadota,Gammaproteobacteria,SZUA-152,SZUA-152,SZUA-152,0
M24,Aegir_M24_B5,HPFIMPEI_97.region001,RiPP,RiPP-like,10.85,9,Bacteria,Pseudomonadota,Gammaproteobacteria,Methylococcales,Methylomonadaceae,QPIN01,0
M24,Aegir_M24_B5,HPFIMPEI_152.region001,RiPP,redox-cofactor,22.13,22,Bacteria,Pseudomonadota,Gammaproteobacteria,Methylococcales,Methylomonadaceae,QPIN01,0
M24,Aegir_M24_B5,HPFIMPEI_24.region001,Other,hydrogen-cyanide,12.8,12,Bacteria,Pseudomonadota,Gammaproteobacteria,Methylococcales,Methylomonadaceae,QPIN01,0
M24,Aegir_M24_B5,HPFIMPEI_13.region001,RiPP,RiPP-like,6.71,8,Bacteria,Pseudomonadota,Gammaproteobacteria,Methylococcales,Methylomonadaceae,QPIN01,0
M24,Aegir_M24_B5,HPFIMPEI_6.region001,Terpene,Terpene generic,17.45,14,Bacteria,Pseudomonadota,Gammaproteobacteria,Methylococcales,Methylomonadaceae,QPIN01,0
M24,Aegir_M24_B5,HPFIMPEI_63.region001,NRP,NRP generic,36.45,23,Bacteria,Pseudomonadota,Gammaproteobacteria,Methylococcales,Methylomonadaceae,QPIN01,0
M24,Aegir_M24_B5,HPFIMPEI_130.region001,Other,arylpolyene,29.76,26,Bacteria,Pseudomonadota,Gammaproteobacteria,Methylococcales,Methylomonadaceae,QPIN01,0
M24,Aegir_M24_B5,HPFIMPEI_152.region002,RiPP,RiPP-like,11.61,12,Bacteria,Pseudomonadota,Gammaproteobacteria,Methylococcales,Methylomonadaceae,QPIN01,0
M24,Aegir_M24_B50,ICBNPDEL_21.region001,Other,acyl_amino_acids,4.18,4,Bacteria,Pseudomonadota,Gammaproteobacteria,GCA-001735895,GCA-001735895,0,0
M24,Aegir_M24_B50,ICBNPDEL_84.region001,RiPP,RiPP-like,2.73,3,Bacteria,Pseudomonadota,Gammaproteobacteria,GCA-001735895,GCA-001735895,0,0
M24,Aegir_M24_B51,CLBBIEOL_10.region001,Other,acyl_amino_acids,20.12,18,Bacteria,Bacteroidota,Bacteroidia,Cytophagales,Cyclobacteriaceae,0,0
M24,Aegir_M24_B51,CLBBIEOL_167.region001,Polyketide,T1PKS,31.94,17,Bacteria,Bacteroidota,Bacteroidia,Cytophagales,Cyclobacteriaceae,0,0
M24,Aegir_M24_B51,CLBBIEOL_78.region001,RiPP,RiPP-like,4.81,5,Bacteria,Bacteroidota,Bacteroidia,Cytophagales,Cyclobacteriaceae,0,0
M24,Aegir_M24_B52,JLMBNEBE_3.region001,Other,PUFA,9.64,3,Bacteria,Pseudomonadota,Gammaproteobacteria,Enterobacterales,Alteromonadaceae,Colwellia,0
M24,Aegir_M24_B52,JLMBNEBE_91.region001,Other,hserlactone,18.69,16,Bacteria,Pseudomonadota,Gammaproteobacteria,Enterobacterales,Alteromonadaceae,Colwellia,0
M24,Aegir_M24_B52,JLMBNEBE_99.region001,RiPP,RiPP-like,11.73,12,Bacteria,Pseudomonadota,Gammaproteobacteria,Enterobacterales,Alteromonadaceae,Colwellia,0
M24,Aegir_M24_B53,GFACKNHO_178.region001,RiPP,RRE-containing,13.96,10,Bacteria,Bacteroidota_A,Ignavibacteria,Ignavibacteriales,Melioribacteraceae,GCA-2746605,0
M24,Aegir_M24_B53,GFACKNHO_114.region001,NRP,NRPS-like,8.26,4,Bacteria,Bacteroidota_A,Ignavibacteria,Ignavibacteriales,Melioribacteraceae,GCA-2746605,0
M24,Aegir_M24_B53,GFACKNHO_126.region001,Hybrid,NRPS:NRPS-like,67.98,19,Bacteria,Bacteroidota_A,Ignavibacteria,Ignavibacteriales,Melioribacteraceae,GCA-2746605,0
M24,Aegir_M24_B53,GFACKNHO_13.region001,Terpene,Terpene generic,21.7,12,Bacteria,Bacteroidota_A,Ignavibacteria,Ignavibacteriales,Melioribacteraceae,GCA-2746605,0
M24,Aegir_M24_B53,GFACKNHO_163.region001,Hybrid,NRPS:T1PKS,14.91,3,Bacteria,Bacteroidota_A,Ignavibacteria,Ignavibacteriales,Melioribacteraceae,GCA-2746605,0
M24,Aegir_M24_B54,DONGBMFP_1052.region001,RiPP,microviridin,11.54,7,Bacteria,Myxococcota,UBA727,UBA727,0,0,0
M24,Aegir_M24_B54,DONGBMFP_1148.region001,Polyketide,T3PKS,4.75,5,Bacteria,Myxococcota,UBA727,UBA727,0,0,0
M24,Aegir_M24_B54,DONGBMFP_1227.region001,NRP,NRPS-like,3.34,3,Bacteria,Myxococcota,UBA727,UBA727,0,0,0
M24,Aegir_M24_B54,DONGBMFP_1254.region001,NRP,NRPS-like,2.85,1,Bacteria,Myxococcota,UBA727,UBA727,0,0,0
M24,Aegir_M24_B54,DONGBMFP_230.region001,RiPP,RRE-containing,2.66,4,Bacteria,Myxococcota,UBA727,UBA727,0,0,0
M24,Aegir_M24_B54,DONGBMFP_330.region001,RiPP,RiPP-like,5.85,7,Bacteria,Myxococcota,UBA727,UBA727,0,0,0
M24,Aegir_M24_B54,DONGBMFP_433.region001,RiPP,RiPP-like,2.2,3,Bacteria,Myxococcota,UBA727,UBA727,0,0,0
M24,Aegir_M24_B54,DONGBMFP_906.region001,RiPP,RiPP-like,3.13,5,Bacteria,Myxococcota,UBA727,UBA727,0,0,0
M24,Aegir_M24_B54,DONGBMFP_925.region001,RiPP,RiPP-like,5.65,5,Bacteria,Myxococcota,UBA727,UBA727,0,0,0
M24,Aegir_M24_B55,BKMJBOJD_153.region001,Other,hserlactone,17.8,17,Bacteria,Pseudomonadota,Alphaproteobacteria,Rhodobacterales,Rhodobacteraceae,NORP23,0
M24,Aegir_M24_B55,BKMJBOJD_20.region001,Terpene,Terpene generic,15.21,15,Bacteria,Pseudomonadota,Alphaproteobacteria,Rhodobacterales,Rhodobacteraceae,NORP23,0
M24,Aegir_M24_B55,BKMJBOJD_29.region001,Other,hserlactone,5.45,5,Bacteria,Pseudomonadota,Alphaproteobacteria,Rhodobacterales,Rhodobacteraceae,NORP23,0
M24,Aegir_M24_B56,DBCHONDG_311.region001,RiPP,RRE-containing,2.79,2,Bacteria,Bacteroidota,Bacteroidia,Cytophagales,Cyclobacteriaceae,S012-113,0
M24,Aegir_M24_B57,APDGDMMD_266.region001,RiPP,RiPP-like,8.34,8,Bacteria,Verrucomicrobiota,Verrucomicrobiia,Verrucomicrobiales,DEV007,Arctic95D-9,0
M24,Aegir_M24_B57,APDGDMMD_277.region001,NRP,NRPS-like,4.74,3,Bacteria,Verrucomicrobiota,Verrucomicrobiia,Verrucomicrobiales,DEV007,Arctic95D-9,0
M24,Aegir_M24_B57,APDGDMMD_326.region001,Terpene,Terpene generic,11.84,8,Bacteria,Verrucomicrobiota,Verrucomicrobiia,Verrucomicrobiales,DEV007,Arctic95D-9,0
M24,Aegir_M24_B57,APDGDMMD_66.region001,Polyketide,T3PKS,18.74,20,Bacteria,Verrucomicrobiota,Verrucomicrobiia,Verrucomicrobiales,DEV007,Arctic95D-9,0
M24,Aegir_M24_B57,APDGDMMD_93.region001,Terpene,Terpene generic,12.66,9,Bacteria,Verrucomicrobiota,Verrucomicrobiia,Verrucomicrobiales,DEV007,Arctic95D-9,0
M24,Aegir_M24_B58,GNKANFNI_62.region001,RiPP,RiPP-like,10.85,11,Bacteria,Pseudomonadota,Gammaproteobacteria,Methylococcales,Methylomonadaceae,WTBX01,WTBX01 sp030949405
M24,Aegir_M24_B58,GNKANFNI_27.region001,NRP,NRP generic,35.01,26,Bacteria,Pseudomonadota,Gammaproteobacteria,Methylococcales,Methylomonadaceae,WTBX01,WTBX01 sp030949405
M24,Aegir_M24_B58,GNKANFNI_31.region001,RiPP,ranthipeptide,21.38,20,Bacteria,Pseudomonadota,Gammaproteobacteria,Methylococcales,Methylomonadaceae,WTBX01,WTBX01 sp030949405
M24,Aegir_M24_B58,GNKANFNI_21.region001,Terpene,Terpene generic,23.07,19,Bacteria,Pseudomonadota,Gammaproteobacteria,Methylococcales,Methylomonadaceae,WTBX01,WTBX01 sp030949405
M24,Aegir_M24_B58,GNKANFNI_29.region001,Hybrid,NRPS:T1PKS,49.4,40,Bacteria,Pseudomonadota,Gammaproteobacteria,Methylococcales,Methylomonadaceae,WTBX01,WTBX01 sp030949405
M24,Aegir_M24_B58,GNKANFNI_74.region001,Terpene,Terpene generic,22.35,16,Bacteria,Pseudomonadota,Gammaproteobacteria,Methylococcales,Methylomonadaceae,WTBX01,WTBX01 sp030949405
M24,Aegir_M24_B59,ECACJCPL_169.region001,NRP,NRP generic,21.02,10,Bacteria,Calditrichota,Calditrichia,Calditrichales,J004,JABFGF01,0
M24,Aegir_M24_B59,ECACJCPL_19.region001,Terpene,Terpene generic,13.8,8,Bacteria,Calditrichota,Calditrichia,Calditrichales,J004,JABFGF01,0
M24,Aegir_M24_B59,ECACJCPL_224.region001,Hybrid,NRPS:NRPS-like:T1PKS,68.09,25,Bacteria,Calditrichota,Calditrichia,Calditrichales,J004,JABFGF01,0
M24,Aegir_M24_B59,ECACJCPL_81.region001,Polyketide,hglE-KS,46.83,30,Bacteria,Calditrichota,Calditrichia,Calditrichales,J004,JABFGF01,0
M24,Aegir_M24_B6,KKNDCODD_112.region001,Polyketide,hglE-KS,13.2,4,Bacteria,Bacteroidota,Bacteroidia,Chitinophagales,Saprospiraceae,CAJQQY01,0
M24,Aegir_M24_B6,KKNDCODD_368.region001,NRP,NRP generic,25.57,10,Bacteria,Bacteroidota,Bacteroidia,Chitinophagales,Saprospiraceae,CAJQQY01,0
M24,Aegir_M24_B60,NNEBPJHD_12.region001,Other,hserlactone,20.61,25,Bacteria,Pseudomonadota,Alphaproteobacteria,Rhodobacterales,Rhodobacteraceae,NVTR01,0
M24,Aegir_M24_B60,NNEBPJHD_30.region001,Hybrid,NRPS-like:T1PKS,31.95,17,Bacteria,Pseudomonadota,Alphaproteobacteria,Rhodobacterales,Rhodobacteraceae,NVTR01,0
M24,Aegir_M24_B60,NNEBPJHD_31.region001,Other,hserlactone,20.64,19,Bacteria,Pseudomonadota,Alphaproteobacteria,Rhodobacterales,Rhodobacteraceae,NVTR01,0
M24,Aegir_M24_B60,NNEBPJHD_42.region001,Other,hserlactone,20.59,25,Bacteria,Pseudomonadota,Alphaproteobacteria,Rhodobacterales,Rhodobacteraceae,NVTR01,0
M24,Aegir_M24_B60,NNEBPJHD_76.region001,Terpene,Terpene generic,8.18,8,Bacteria,Pseudomonadota,Alphaproteobacteria,Rhodobacterales,Rhodobacteraceae,NVTR01,0
M24,Aegir_M24_B61,JFGKALPH_198.region001,Polyketide,T1PKS,3.65,1,Bacteria,Bacteroidota,Bacteroidia,Cytophagales,Bernardetiaceae,0,0
M24,Aegir_M24_B61,JFGKALPH_60.region001,NRP,CDPS,10.77,13,Bacteria,Bacteroidota,Bacteroidia,Cytophagales,Bernardetiaceae,0,0
M24,Aegir_M24_B61,JFGKALPH_8.region001,Polyketide,T1PKS,9.61,4,Bacteria,Bacteroidota,Bacteroidia,Cytophagales,Bernardetiaceae,0,0
M24,Aegir_M24_B62,OOCMFLME_168.region001,Hybrid,NRPS:T1PKS,26.75,15,Bacteria,Pseudomonadota,Gammaproteobacteria,Methylococcales,Methylomonadaceae,QPIN01,QPIN01 sp026988195
M24,Aegir_M24_B62,OOCMFLME_373.region001,NRP,NRPS-like,4.4,2,Bacteria,Pseudomonadota,Gammaproteobacteria,Methylococcales,Methylomonadaceae,QPIN01,QPIN01 sp026988195
M24,Aegir_M24_B62,OOCMFLME_400.region001,Other,hserlactone,3.65,4,Bacteria,Pseudomonadota,Gammaproteobacteria,Methylococcales,Methylomonadaceae,QPIN01,QPIN01 sp026988195
M24,Aegir_M24_B62,OOCMFLME_185.region001,RiPP,RiPP-like,7.8,7,Bacteria,Pseudomonadota,Gammaproteobacteria,Methylococcales,Methylomonadaceae,QPIN01,QPIN01 sp026988195
M24,Aegir_M24_B62,OOCMFLME_19.region001,Polyketide,T1PKS,24.06,17,Bacteria,Pseudomonadota,Gammaproteobacteria,Methylococcales,Methylomonadaceae,QPIN01,QPIN01 sp026988195
M24,Aegir_M24_B62,OOCMFLME_120.region001,Other,arylpolyene,22.33,20,Bacteria,Pseudomonadota,Gammaproteobacteria,Methylococcales,Methylomonadaceae,QPIN01,QPIN01 sp026988195
M24,Aegir_M24_B62,OOCMFLME_47.region001,RiPP,redox-cofactor,19.71,20,Bacteria,Pseudomonadota,Gammaproteobacteria,Methylococcales,Methylomonadaceae,QPIN01,QPIN01 sp026988195
M24,Aegir_M24_B62,OOCMFLME_363.region001,Terpene,Terpene generic,12.43,9,Bacteria,Pseudomonadota,Gammaproteobacteria,Methylococcales,Methylomonadaceae,QPIN01,QPIN01 sp026988195
M24,Aegir_M24_B63,EMAKPJIN_125.region001,NRP,NRPS-like,24.43,19,Bacteria,Pseudomonadota,Gammaproteobacteria,UBA6429,Thiohalophilaceae,JALSSV01,0
M24,Aegir_M24_B63,EMAKPJIN_200.region001,NRP,NRPS-like,2.79,2,Bacteria,Pseudomonadota,Gammaproteobacteria,UBA6429,Thiohalophilaceae,JALSSV01,0
M24,Aegir_M24_B63,EMAKPJIN_65.region001,Terpene,Terpene generic,12.44,12,Bacteria,Pseudomonadota,Gammaproteobacteria,UBA6429,Thiohalophilaceae,JALSSV01,0
M24,Aegir_M24_B64,LAELCMDN_357.region001,RiPP,RiPP-like,7.83,6,Bacteria,Planctomycetota,UBA1135,UBA1135,GCA-002686595,JABACD01,0
M24,Aegir_M24_B64,LAELCMDN_4.region001,Polyketide,T3PKS,19.88,15,Bacteria,Planctomycetota,UBA1135,UBA1135,GCA-002686595,JABACD01,0
M24,Aegir_M24_B65,HEPNEEPN_401.region001,Polyketide,T3PKS,2.23,2,Bacteria,Planctomycetota,Phycisphaerae,Phycisphaerales,UBA1924,JAUIES01,0
M24,Aegir_M24_B66,ABLFJFHB_285.region001,Polyketide,T3PKS,41.18,32,Bacteria,Bdellovibrionota_B,Oligoflexia,Oligoflexales,JAWKNZ01,JAWKNZ01,0
M24,Aegir_M24_B66,ABLFJFHB_319.region001,RiPP,RiPP-like,6.76,7,Bacteria,Bdellovibrionota_B,Oligoflexia,Oligoflexales,JAWKNZ01,JAWKNZ01,0
M24,Aegir_M24_B66,ABLFJFHB_53.region001,RiPP,RiPP-like,11.46,7,Bacteria,Bdellovibrionota_B,Oligoflexia,Oligoflexales,JAWKNZ01,JAWKNZ01,0
M24,Aegir_M24_B66,ABLFJFHB_55.region001,Other,resorcinol,32.45,29,Bacteria,Bdellovibrionota_B,Oligoflexia,Oligoflexales,JAWKNZ01,JAWKNZ01,0
M24,Aegir_M24_B66,ABLFJFHB_66.region001,Polyketide,hglE-KS,23.17,7,Bacteria,Bdellovibrionota_B,Oligoflexia,Oligoflexales,JAWKNZ01,JAWKNZ01,0
M24,Aegir_M24_B67,DHIBOGDD_112.region001,RiPP,RiPP-like,6.04,5,Bacteria,Myxococcota_A,UBA9160,UBA9160,UBA4427,UBA4427,0
M24,Aegir_M24_B67,DHIBOGDD_126.region001,Polyketide,T1PKS,12.22,7,Bacteria,Myxococcota_A,UBA9160,UBA9160,UBA4427,UBA4427,0
M24,Aegir_M24_B67,DHIBOGDD_328.region001,RiPP,ranthipeptide,11.5,8,Bacteria,Myxococcota_A,UBA9160,UBA9160,UBA4427,UBA4427,0
M24,Aegir_M24_B67,DHIBOGDD_48.region001,Hybrid,NRPS-like:T1PKS,23.5,12,Bacteria,Myxococcota_A,UBA9160,UBA9160,UBA4427,UBA4427,0
M24,Aegir_M24_B67,DHIBOGDD_85.region001,Other,arylpolyene,17.84,17,Bacteria,Myxococcota_A,UBA9160,UBA9160,UBA4427,UBA4427,0
M24,Aegir_M24_B68,BPKPMAHG_11.region001,RiPP,RRE-containing,6.37,9,Bacteria,Campylobacterota,Campylobacteria,Campylobacterales,Sulfurovaceae,Sulfurovum,0
M24,Aegir_M24_B68,BPKPMAHG_91.region001,RiPP,RiPP-like,4.73,3,Bacteria,Campylobacterota,Campylobacteria,Campylobacterales,Sulfurovaceae,Sulfurovum,0
M24,Aegir_M24_B7,LKKEPBNP_44.region001,RiPP,microviridin,15.57,18,Bacteria,Bacteroidota,Bacteroidia,Flavobacteriales,Crocinitomicaceae,Crocinitomix,0
M24,Aegir_M24_B7,LKKEPBNP_92.region001,RiPP,lanthipeptide,14.87,12,Bacteria,Bacteroidota,Bacteroidia,Flavobacteriales,Crocinitomicaceae,Crocinitomix,0
M24,Aegir_M24_B70,KKGMONJA_202.region001,NRP,NRP generic,5.24,1,Bacteria,Campylobacterota,Campylobacteria,Campylobacterales,Sulfurimonadaceae,GCA-2733885,0
M24,Aegir_M24_B70,KKGMONJA_205.region001,Other,arylpolyene,13.56,15,Bacteria,Campylobacterota,Campylobacteria,Campylobacterales,Sulfurimonadaceae,GCA-2733885,0
M24,Aegir_M24_B70,KKGMONJA_90.region001,RiPP,RiPP-like,3.4,3,Bacteria,Campylobacterota,Campylobacteria,Campylobacterales,Sulfurimonadaceae,GCA-2733885,0
M24,Aegir_M24_B71,GIIHCCLI_264.region001,Terpene,Terpene generic,17.79,15,Bacteria,Planctomycetota,Planctomycetia,Planctomycetales,Planctomycetaceae,Thalassoglobus,0
M24,Aegir_M24_B71,GIIHCCLI_314.region001,Terpene,Terpene generic,4.29,4,Bacteria,Planctomycetota,Planctomycetia,Planctomycetales,Planctomycetaceae,Thalassoglobus,0
M24,Aegir_M24_B71,GIIHCCLI_385.region001,RiPP,RiPP-like,2.5,4,Bacteria,Planctomycetota,Planctomycetia,Planctomycetales,Planctomycetaceae,Thalassoglobus,0
M24,Aegir_M24_B71,GIIHCCLI_458.region001,Terpene,Terpene generic,16.91,10,Bacteria,Planctomycetota,Planctomycetia,Planctomycetales,Planctomycetaceae,Thalassoglobus,0
M24,Aegir_M24_B71,GIIHCCLI_615.region001,Terpene,Terpene generic,7.66,7,Bacteria,Planctomycetota,Planctomycetia,Planctomycetales,Planctomycetaceae,Thalassoglobus,0
M24,Aegir_M24_B72,AMCEHCFD_106.region001,RiPP,lanthipeptide,16.7,11,Bacteria,Bacteroidota,Bacteroidia,Flavobacteriales,Crocinitomicaceae,Crocinitomix,0
M24,Aegir_M24_B72,AMCEHCFD_117.region001,Polyketide,T1PKS,20.35,10,Bacteria,Bacteroidota,Bacteroidia,Flavobacteriales,Crocinitomicaceae,Crocinitomix,0
M24,Aegir_M24_B72,AMCEHCFD_131.region001,RiPP,lanthipeptide,24.3,18,Bacteria,Bacteroidota,Bacteroidia,Flavobacteriales,Crocinitomicaceae,Crocinitomix,0
M24,Aegir_M24_B72,AMCEHCFD_148.region001,RiPP,microviridin,12.82,10,Bacteria,Bacteroidota,Bacteroidia,Flavobacteriales,Crocinitomicaceae,Crocinitomix,0
M24,Aegir_M24_B72,AMCEHCFD_164.region001,NRP,NRP generic,30.91,18,Bacteria,Bacteroidota,Bacteroidia,Flavobacteriales,Crocinitomicaceae,Crocinitomix,0
M24,Aegir_M24_B72,AMCEHCFD_170.region001,Other,arylpolyene,30.31,26,Bacteria,Bacteroidota,Bacteroidia,Flavobacteriales,Crocinitomicaceae,Crocinitomix,0
M24,Aegir_M24_B72,AMCEHCFD_175.region001,Other,resorcinol,41.84,34,Bacteria,Bacteroidota,Bacteroidia,Flavobacteriales,Crocinitomicaceae,Crocinitomix,0
M24,Aegir_M24_B72,AMCEHCFD_175.region002,Terpene,Terpene generic,14.96,14,Bacteria,Bacteroidota,Bacteroidia,Flavobacteriales,Crocinitomicaceae,Crocinitomix,0
M24,Aegir_M24_B72,AMCEHCFD_185.region001,Hybrid,NRPS:T1PKS,105.77,20,Bacteria,Bacteroidota,Bacteroidia,Flavobacteriales,Crocinitomicaceae,Crocinitomix,0
M24,Aegir_M24_B72,AMCEHCFD_61.region001,RiPP,RiPP-like,11.14,9,Bacteria,Bacteroidota,Bacteroidia,Flavobacteriales,Crocinitomicaceae,Crocinitomix,0
M24,Aegir_M24_B72,AMCEHCFD_70.region001,Hybrid,arylpolyene:resorcinol,39.07,40,Bacteria,Bacteroidota,Bacteroidia,Flavobacteriales,Crocinitomicaceae,Crocinitomix,0
M24,Aegir_M24_B72,AMCEHCFD_80.region001,RiPP,RiPP-like,6.13,6,Bacteria,Bacteroidota,Bacteroidia,Flavobacteriales,Crocinitomicaceae,Crocinitomix,0
M24,Aegir_M24_B72,AMCEHCFD_85.region001,Polyketide,T3PKS,34.66,32,Bacteria,Bacteroidota,Bacteroidia,Flavobacteriales,Crocinitomicaceae,Crocinitomix,0
M24,Aegir_M24_B72,AMCEHCFD_9.region001,Hybrid,NRPS:T3PKS,41.88,32,Bacteria,Bacteroidota,Bacteroidia,Flavobacteriales,Crocinitomicaceae,Crocinitomix,0
M24,Aegir_M24_B73,CBMKINBK_102.region001,RiPP,RiPP-like,9.31,9,Bacteria,Pseudomonadota,Gammaproteobacteria,Thiotrichales,Thiotrichaceae,HyVt-477,0
M24,Aegir_M24_B73,CBMKINBK_13.region001,RiPP,RiPP-like,9.11,8,Bacteria,Pseudomonadota,Gammaproteobacteria,Thiotrichales,Thiotrichaceae,HyVt-477,0
M24,Aegir_M24_B73,CBMKINBK_66.region001,Hybrid,thioamide:arylpolyene,53.02,51,Bacteria,Pseudomonadota,Gammaproteobacteria,Thiotrichales,Thiotrichaceae,HyVt-477,0
M24,Aegir_M24_B73,CBMKINBK_92.region001,Polyketide,T1PKS,16.63,7,Bacteria,Pseudomonadota,Gammaproteobacteria,Thiotrichales,Thiotrichaceae,HyVt-477,0
M24,Aegir_M24_B75,NCJJNLBN_17.region001,NRP,NRP generic,29.69,22,Bacteria,Pseudomonadota,Gammaproteobacteria,Methylococcales,Methylomonadaceae,WTBX01,0
M24,Aegir_M24_B75,NCJJNLBN_30.region001,Other,arylpolyene,21.73,23,Bacteria,Pseudomonadota,Gammaproteobacteria,Methylococcales,Methylomonadaceae,WTBX01,0
M24,Aegir_M24_B75,NCJJNLBN_36.region001,Other,arylpolyene,22.2,18,Bacteria,Pseudomonadota,Gammaproteobacteria,Methylococcales,Methylomonadaceae,WTBX01,0
M24,Aegir_M24_B75,NCJJNLBN_41.region001,RiPP,RiPP-like,9.85,9,Bacteria,Pseudomonadota,Gammaproteobacteria,Methylococcales,Methylomonadaceae,WTBX01,0
M24,Aegir_M24_B75,NCJJNLBN_5.region001,Other,hserlactone,14.17,14,Bacteria,Pseudomonadota,Gammaproteobacteria,Methylococcales,Methylomonadaceae,WTBX01,0
M24,Aegir_M24_B75,NCJJNLBN_60.region001,Terpene,Terpene generic,18.74,15,Bacteria,Pseudomonadota,Gammaproteobacteria,Methylococcales,Methylomonadaceae,WTBX01,0
M24,Aegir_M24_B75,NCJJNLBN_70.region001,NRP,NRP generic,8.79,4,Bacteria,Pseudomonadota,Gammaproteobacteria,Methylococcales,Methylomonadaceae,WTBX01,0
M24,Aegir_M24_B76,HJAPGIAM_128.region001,Terpene,Terpene generic,12.38,15,Bacteria,Pseudomonadota,Alphaproteobacteria,Rhodobacterales,Rhodobacteraceae,Profundibacter,0
M24,Aegir_M24_B76,HJAPGIAM_132.region001,Other,hserlactone,20.59,18,Bacteria,Pseudomonadota,Alphaproteobacteria,Rhodobacterales,Rhodobacteraceae,Profundibacter,0
M24,Aegir_M24_B76,HJAPGIAM_37.region001,RiPP,RiPP-like,10.86,15,Bacteria,Pseudomonadota,Alphaproteobacteria,Rhodobacterales,Rhodobacteraceae,Profundibacter,0
M24,Aegir_M24_B77,OLKFNNDA_23.region001,NRP,NRPS-like,31.6,29,Bacteria,Campylobacterota,Campylobacteria,Campylobacterales,Sulfurovaceae,SZUA-451,0
M24,Aegir_M24_B77,OLKFNNDA_53.region001,RiPP,RRE-containing,17,19,Bacteria,Campylobacterota,Campylobacteria,Campylobacterales,Sulfurovaceae,SZUA-451,0
M24,Aegir_M24_B78,PPLLNGHE_136.region001,RiPP,RiPP-like,4.12,5,Bacteria,Pseudomonadota,Gammaproteobacteria,Pseudomonadales,Halieaceae,JBALVT01,0
M24,Aegir_M24_B78,PPLLNGHE_239.region001,Other,arylpolyene,7.63,8,Bacteria,Pseudomonadota,Gammaproteobacteria,Pseudomonadales,Halieaceae,JBALVT01,0
M24,Aegir_M24_B78,PPLLNGHE_407.region001,Other,hserlactone,4.88,4,Bacteria,Pseudomonadota,Gammaproteobacteria,Pseudomonadales,Halieaceae,JBALVT01,0
M24,Aegir_M24_B78,PPLLNGHE_578.region001,RiPP,RRE-containing,5.17,6,Bacteria,Pseudomonadota,Gammaproteobacteria,Pseudomonadales,Halieaceae,JBALVT01,0
M24,Aegir_M24_B78,PPLLNGHE_644.region001,RiPP,ranthipeptide,5.62,5,Bacteria,Pseudomonadota,Gammaproteobacteria,Pseudomonadales,Halieaceae,JBALVT01,0
M24,Aegir_M24_B8,ONKHKEEE_135.region001,Other,arylpolyene,10.51,10,Bacteria,Campylobacterota,Campylobacteria,Campylobacterales,Sulfurovaceae,UBA1140,0
M24,Aegir_M24_B8,ONKHKEEE_33.region001,Other,resorcinol,5.55,8,Bacteria,Campylobacterota,Campylobacteria,Campylobacterales,Sulfurovaceae,UBA1140,0
M24,Aegir_M24_B8,ONKHKEEE_51.region001,Other,arylpolyene,10.44,12,Bacteria,Campylobacterota,Campylobacteria,Campylobacterales,Sulfurovaceae,UBA1140,0
M24,Aegir_M24_B8,ONKHKEEE_248.region001,Other,arylpolyene,3.4,4,Bacteria,Campylobacterota,Campylobacteria,Campylobacterales,Sulfurovaceae,UBA1140,0
M24,Aegir_M24_B80,BELJCDKK_13.region001,Other,betalactone,22.22,20,Bacteria,Actinomycetota,Acidimicrobiia,Acidimicrobiales,Poriferisodalaceae,DRKF01,0
M24,Aegir_M24_B80,BELJCDKK_27.region001,Other,betalactone,28.81,23,Bacteria,Actinomycetota,Acidimicrobiia,Acidimicrobiales,Poriferisodalaceae,DRKF01,0
M24,Aegir_M24_B80,BELJCDKK_32.region001,RiPP,thioamitides,22.05,19,Bacteria,Actinomycetota,Acidimicrobiia,Acidimicrobiales,Poriferisodalaceae,DRKF01,0
M24,Aegir_M24_B80,BELJCDKK_3.region001,RiPP,RiPP-like,11.93,8,Bacteria,Actinomycetota,Acidimicrobiia,Acidimicrobiales,Poriferisodalaceae,DRKF01,0
M24,Aegir_M24_B84,NEHKBEFE_18.region001,RiPP,redox-cofactor,21.07,23,Bacteria,Pseudomonadota,Gammaproteobacteria,Nitrosococcales,Methylophagaceae,GCA-002733105,0
M24,Aegir_M24_B84,NEHKBEFE_104.region001,RiPP,RiPP-like,8.53,10,Bacteria,Pseudomonadota,Gammaproteobacteria,Nitrosococcales,Methylophagaceae,GCA-002733105,0
M24,Aegir_M24_B84,NEHKBEFE_37.region001,RiPP,RiPP-like,11.74,9,Bacteria,Pseudomonadota,Gammaproteobacteria,Nitrosococcales,Methylophagaceae,GCA-002733105,0
M24,Aegir_M24_B84,NEHKBEFE_102.region001,RiPP,RiPP-like,10.19,12,Bacteria,Pseudomonadota,Gammaproteobacteria,Nitrosococcales,Methylophagaceae,GCA-002733105,0
M24,Aegir_M24_B84,NEHKBEFE_120.region001,Terpene,Terpene generic,12.6,13,Bacteria,Pseudomonadota,Gammaproteobacteria,Nitrosococcales,Methylophagaceae,GCA-002733105,0
M24,Aegir_M24_B85,NDABMHGF_639.region001,Polyketide,T1PKS,10.6,4,Bacteria,Chloroflexota,Anaerolineae,Caldilineales,Caldilineaceae,JAJRVT01,0
M24,Aegir_M24_B85,NDABMHGF_124.region001,RiPP,RRE-containing,9.32,7,Bacteria,Chloroflexota,Anaerolineae,Caldilineales,Caldilineaceae,JAJRVT01,0
M24,Aegir_M24_B86,FFEJCLNM_180.region001,NRP,NRPS-like,2.34,1,Bacteria,Planctomycetota,JADGBV01,JADGBV01,JADGBV01,0,0
M24,Aegir_M24_B86,FFEJCLNM_20.region001,NRP,NRPS-like,2.54,1,Bacteria,Planctomycetota,JADGBV01,JADGBV01,JADGBV01,0,0
M24,Aegir_M24_B86,FFEJCLNM_237.region001,Other,acyl_amino_acids,10.96,8,Bacteria,Planctomycetota,JADGBV01,JADGBV01,JADGBV01,0,0
M24,Aegir_M24_B86,FFEJCLNM_296.region001,Other,acyl_amino_acids,2.51,3,Bacteria,Planctomycetota,JADGBV01,JADGBV01,JADGBV01,0,0
M24,Aegir_M24_B86,FFEJCLNM_2.region001,RiPP,RRE-containing,4.02,3,Bacteria,Planctomycetota,JADGBV01,JADGBV01,JADGBV01,0,0
M24,Aegir_M24_B86,FFEJCLNM_332.region001,Other,acyl_amino_acids,10.37,7,Bacteria,Planctomycetota,JADGBV01,JADGBV01,JADGBV01,0,0
M24,Aegir_M24_B86,FFEJCLNM_419.region001,Other,acyl_amino_acids,4.26,5,Bacteria,Planctomycetota,JADGBV01,JADGBV01,JADGBV01,0,0
M24,Aegir_M24_B86,FFEJCLNM_44.region001,RiPP,RRE-containing,5.32,9,Bacteria,Planctomycetota,JADGBV01,JADGBV01,JADGBV01,0,0
M24,Aegir_M24_B86,FFEJCLNM_493.region001,Other,acyl_amino_acids,3.56,2,Bacteria,Planctomycetota,JADGBV01,JADGBV01,JADGBV01,0,0
M24,Aegir_M24_B86,FFEJCLNM_526.region001,Other,acyl_amino_acids,5.08,3,Bacteria,Planctomycetota,JADGBV01,JADGBV01,JADGBV01,0,0
M24,Aegir_M24_B86,FFEJCLNM_56.region001,Polyketide,T3PKS,2.67,2,Bacteria,Planctomycetota,JADGBV01,JADGBV01,JADGBV01,0,0
M24,Aegir_M24_B86,FFEJCLNM_571.region001,NRP,NRPS-like,6.24,3,Bacteria,Planctomycetota,JADGBV01,JADGBV01,JADGBV01,0,0
M24,Aegir_M24_B86,FFEJCLNM_179.region001,Other,acyl_amino_acids,2.01,1,Bacteria,Planctomycetota,JADGBV01,JADGBV01,JADGBV01,0,0
M24,Aegir_M24_B86,FFEJCLNM_518.region001,Other,acyl_amino_acids,2.19,2,Bacteria,Planctomycetota,JADGBV01,JADGBV01,JADGBV01,0,0
M24,Aegir_M24_B86,FFEJCLNM_334.region001,Other,acyl_amino_acids,2.5,2,Bacteria,Planctomycetota,JADGBV01,JADGBV01,JADGBV01,0,0
M24,Aegir_M24_B87,NNENBOCK_130.region001,RiPP,RRE-containing,14.29,12,Bacteria,Bacteroidota,Bacteroidia,Flavobacteriales,Flavobacteriaceae,Lutimonas,0
M24,Aegir_M24_B87,NNENBOCK_153.region001,Hybrid,arylpolyene:resorcinol,9.27,12,Bacteria,Bacteroidota,Bacteroidia,Flavobacteriales,Flavobacteriaceae,Lutimonas,0
M24,Aegir_M24_B88,OBCMDBHP_2.region001,RiPP,RRE-containing,15.23,11,Bacteria,Bacteroidota,Bacteroidia,Flavobacteriales,Flavobacteriaceae,Lutimonas,0
M24,Aegir_M24_B88,OBCMDBHP_62.region001,Hybrid,arylpolyene:resorcinol,16.09,20,Bacteria,Bacteroidota,Bacteroidia,Flavobacteriales,Flavobacteriaceae,Lutimonas,0
M24,Aegir_M24_B88,OBCMDBHP_27.region001,Other,arylpolyene,13.8,14,Bacteria,Bacteroidota,Bacteroidia,Flavobacteriales,Flavobacteriaceae,Lutimonas,0
M24,Aegir_M24_B89,HNEPLFDD_177.region001,Other,hydrogen-cyanide,8.57,7,Bacteria,Pseudomonadota,Gammaproteobacteria,Chromatiales,Sedimenticolaceae,Thiolapillus,0
M24,Aegir_M24_B89,HNEPLFDD_308.region001,RiPP,RRE-containing,2.71,4,Bacteria,Pseudomonadota,Gammaproteobacteria,Chromatiales,Sedimenticolaceae,Thiolapillus,0
M24,Aegir_M24_B89,HNEPLFDD_357.region001,RiPP,RiPP-like,8.06,8,Bacteria,Pseudomonadota,Gammaproteobacteria,Chromatiales,Sedimenticolaceae,Thiolapillus,0
M24,Aegir_M24_B9,OIHBEECM_88.region001,Polyketide,T3PKS,21.18,21,Bacteria,Pseudomonadota,Gammaproteobacteria,Thiomicrospirales,Thiomicrospiraceae,Thiomicrorhabdus,0
M24,Aegir_M24_B9,OIHBEECM_23.region001,RiPP,RiPP-like,9.71,10,Bacteria,Pseudomonadota,Gammaproteobacteria,Thiomicrospirales,Thiomicrospiraceae,Thiomicrorhabdus,0
M24,Aegir_M24_B9,OIHBEECM_68.region001,Other,betalactone,19.23,14,Bacteria,Pseudomonadota,Gammaproteobacteria,Thiomicrospirales,Thiomicrospiraceae,Thiomicrorhabdus,0
M24,Aegir_M24_B90,PPCPAABK_16.region001,RiPP,RRE-containing,20.25,21,Bacteria,Pseudomonadota,Gammaproteobacteria,UBA6429,Thiohalophilaceae,SZUA-37,0
M24,Aegir_M24_B90,PPCPAABK_24.region001,RiPP,RiPP-like,10.9,12,Bacteria,Pseudomonadota,Gammaproteobacteria,UBA6429,Thiohalophilaceae,SZUA-37,0
M24,Aegir_M24_B90,PPCPAABK_30.region001,NRP,NRPS-like,23.4,23,Bacteria,Pseudomonadota,Gammaproteobacteria,UBA6429,Thiohalophilaceae,SZUA-37,0
M24,Aegir_M24_B90,PPCPAABK_38.region001,Other,arylpolyene,30.36,34,Bacteria,Pseudomonadota,Gammaproteobacteria,UBA6429,Thiohalophilaceae,SZUA-37,0
M24,Aegir_M24_B90,PPCPAABK_55.region001,Terpene,Terpene generic,12.12,13,Bacteria,Pseudomonadota,Gammaproteobacteria,UBA6429,Thiohalophilaceae,SZUA-37,0
M24,Aegir_M24_B90,PPCPAABK_5.region001,RiPP,RiPP-like,6.86,8,Bacteria,Pseudomonadota,Gammaproteobacteria,UBA6429,Thiohalophilaceae,SZUA-37,0
M24,Aegir_M24_B91,BKBAFHKC_13.region001,RiPP,RiPP-like,10.85,12,Bacteria,Pseudomonadota,Gammaproteobacteria,Beggiatoales,Beggiatoaceae,BB2,0
M24,Aegir_M24_B91,BKBAFHKC_15.region001,RiPP,RiPP-like,10.84,6,Bacteria,Pseudomonadota,Gammaproteobacteria,Beggiatoales,Beggiatoaceae,BB2,0
M24,Aegir_M24_B91,BKBAFHKC_20.region001,Terpene,Terpene generic,11.4,10,Bacteria,Pseudomonadota,Gammaproteobacteria,Beggiatoales,Beggiatoaceae,BB2,0
M24,Aegir_M24_B92,NJPCPLPI_182.region001,Other,arylpolyene,20.84,21,Bacteria,Bacteroidota,Bacteroidia,Flavobacteriales,PHOS-HE28,0,0
M24,Aegir_M24_B92,NJPCPLPI_338.region001,Hybrid,arylpolyene:resorcinol,17.09,19,Bacteria,Bacteroidota,Bacteroidia,Flavobacteriales,PHOS-HE28,0,0
M24,Aegir_M24_B92,NJPCPLPI_86.region001,Hybrid,NRPS:T1PKS,18.73,5,Bacteria,Bacteroidota,Bacteroidia,Flavobacteriales,PHOS-HE28,0,0
M24,Aegir_M24_B93,BHGFJBKP_40.region001,RiPP,RiPP-like,10.84,10,Bacteria,Pseudomonadota,Gammaproteobacteria,SZUA-229,SZUA-229,S010-25,0
M24,Aegir_M24_B93,BHGFJBKP_77.region001,RiPP,RiPP-like,8.63,10,Bacteria,Pseudomonadota,Gammaproteobacteria,SZUA-229,SZUA-229,S010-25,0
M24,Aegir_M24_B93,BHGFJBKP_123.region001,NRP,NRPS-like,27.32,25,Bacteria,Pseudomonadota,Gammaproteobacteria,SZUA-229,SZUA-229,S010-25,0
M24,Aegir_M24_B94,FBDIKMAG_101.region001,Polyketide,hglE-KS,54.39,36,Bacteria,Pseudomonadota,Gammaproteobacteria,Pseudomonadales,Azotimanducaceae,JAHRVQ01,0
M24,Aegir_M24_B94,FBDIKMAG_31.region001,RiPP,RiPP-like,6,6,Bacteria,Pseudomonadota,Gammaproteobacteria,Pseudomonadales,Azotimanducaceae,JAHRVQ01,0
M24,Aegir_M24_B95,CEPJKJNM_37.region001,Other,arylpolyene,14.87,14,Bacteria,Campylobacterota,Campylobacteria,Campylobacterales,Sulfurovaceae,Sulfurovum,0
M24,Aegir_M24_B95,CEPJKJNM_69.region001,RiPP,RiPP-like,7.12,6,Bacteria,Campylobacterota,Campylobacteria,Campylobacterales,Sulfurovaceae,Sulfurovum,0
M24,Aegir_M24_B95,CEPJKJNM_7.region001,RiPP,RRE-containing,5.65,9,Bacteria,Campylobacterota,Campylobacteria,Campylobacterales,Sulfurovaceae,Sulfurovum,0
M24,Aegir_M24_B96,BGMMDEHE_185.region001,Polyketide,T1PKS,14.13,9,Bacteria,Pseudomonadota,Gammaproteobacteria,Thiotrichales,Thiotrichaceae,JAGLBW01,0
M24,Aegir_M24_B96,BGMMDEHE_259.region001,RiPP,RiPP-like,10.86,8,Bacteria,Pseudomonadota,Gammaproteobacteria,Thiotrichales,Thiotrichaceae,JAGLBW01,0
M24,Aegir_M24_B96,BGMMDEHE_302.region001,Other,acyl_amino_acids,10.78,9,Bacteria,Pseudomonadota,Gammaproteobacteria,Thiotrichales,Thiotrichaceae,JAGLBW01,0
M24,Aegir_M24_B96,BGMMDEHE_41.region001,Other,acyl_amino_acids,10.52,10,Bacteria,Pseudomonadota,Gammaproteobacteria,Thiotrichales,Thiotrichaceae,JAGLBW01,0
M24,Aegir_M24_B96,BGMMDEHE_42.region001,RiPP,RiPP-like,6.73,5,Bacteria,Pseudomonadota,Gammaproteobacteria,Thiotrichales,Thiotrichaceae,JAGLBW01,0
M24,Aegir_M24_B97,FINALPNG_12.region001,RiPP,RRE-containing,20.63,24,Bacteria,Pseudomonadota,Alphaproteobacteria,Rhodobacterales,Rhodobacteraceae,UBA3077,0
M24,Aegir_M24_B97,FINALPNG_1.region001,Terpene,Terpene generic,20.73,19,Bacteria,Pseudomonadota,Alphaproteobacteria,Rhodobacterales,Rhodobacteraceae,UBA3077,0
M24,Aegir_M24_B97,FINALPNG_23.region001,RiPP,RiPP-like,10.85,14,Bacteria,Pseudomonadota,Alphaproteobacteria,Rhodobacterales,Rhodobacteraceae,UBA3077,0
M24,Aegir_M24_B97,FINALPNG_30.region001,Other,hserlactone,20.65,19,Bacteria,Pseudomonadota,Alphaproteobacteria,Rhodobacterales,Rhodobacteraceae,UBA3077,0
M24,Aegir_M24_B97,FINALPNG_6.region001,Polyketide,T1PKS,44.64,44,Bacteria,Pseudomonadota,Alphaproteobacteria,Rhodobacterales,Rhodobacteraceae,UBA3077,0
M24,Aegir_M24_B98,PCFAOBBO_181.region001,NRP,NRPS-like,6.58,3,Bacteria,Pseudomonadota,Alphaproteobacteria,Rhodobacterales,Rhodobacteraceae,JAAEUB01,0
M24,Aegir_M24_B98,PCFAOBBO_341.region001,Other,hserlactone,6.56,8,Bacteria,Pseudomonadota,Alphaproteobacteria,Rhodobacterales,Rhodobacteraceae,JAAEUB01,0
M24,Aegir_M24_B98,PCFAOBBO_430.region001,Other,hserlactone,3.77,3,Bacteria,Pseudomonadota,Alphaproteobacteria,Rhodobacterales,Rhodobacteraceae,JAAEUB01,0
M24,Aegir_M24_B98,PCFAOBBO_92.region001,RiPP,RiPP-like,7.92,12,Bacteria,Pseudomonadota,Alphaproteobacteria,Rhodobacterales,Rhodobacteraceae,JAAEUB01,0
M24,Aegir_M24_B99,FNLHKMGP_101.region001,RiPP,redox-cofactor,22.14,24,Bacteria,Pseudomonadota,Alphaproteobacteria,Rhodobacterales,Rhodobacteraceae,NVQY01,0
M24,Aegir_M24_B99,FNLHKMGP_102.region001,Other,hserlactone,6.85,6,Bacteria,Pseudomonadota,Alphaproteobacteria,Rhodobacterales,Rhodobacteraceae,NVQY01,0
M24,Aegir_M24_B99,FNLHKMGP_129.region001,Other,hserlactone,20.71,17,Bacteria,Pseudomonadota,Alphaproteobacteria,Rhodobacterales,Rhodobacteraceae,NVQY01,0
M24,Aegir_M24_B99,FNLHKMGP_242.region001,RiPP,RiPP-like,8.3,9,Bacteria,Pseudomonadota,Alphaproteobacteria,Rhodobacterales,Rhodobacteraceae,NVQY01,0
M24,Aegir_M24_B99,FNLHKMGP_250.region001,NRP,NRPS-like,10.37,3,Bacteria,Pseudomonadota,Alphaproteobacteria,Rhodobacterales,Rhodobacteraceae,NVQY01,0
M25,Aegir_M25_B1,GJBGJFNG_177.region001,RiPP,RiPP-like,6.83,9,Bacteria,Pseudomonadota,Alphaproteobacteria,JAGPBS01,0,0,0
M25,Aegir_M25_B1,GJBGJFNG_85.region001,Terpene,Terpene generic,11.6,11,Bacteria,Pseudomonadota,Alphaproteobacteria,JAGPBS01,0,0,0
M25,Aegir_M25_B10,DBCOEKGD_3.region001,RiPP,RRE-containing,21.29,21,Bacteria,Pseudomonadota,Alphaproteobacteria,Rhodobacterales,Rhodobacteraceae,NORP23,0
M25,Aegir_M25_B10,DBCOEKGD_6.region002,Hybrid,betalactone:Terpene,28.05,30,Bacteria,Pseudomonadota,Alphaproteobacteria,Rhodobacterales,Rhodobacteraceae,NORP23,0
M25,Aegir_M25_B10,DBCOEKGD_6.region001,Other,hserlactone,20.59,21,Bacteria,Pseudomonadota,Alphaproteobacteria,Rhodobacterales,Rhodobacteraceae,NORP23,0
M25,Aegir_M25_B10,DBCOEKGD_28.region001,Other,hserlactone,20.64,21,Bacteria,Pseudomonadota,Alphaproteobacteria,Rhodobacterales,Rhodobacteraceae,NORP23,0
M25,Aegir_M25_B100,HECEMDOC_14.region001,RiPP,RRE-containing,18.68,19,Bacteria,Aquificota,Aquificia,Aquificales,Hydrogenothermaceae,QNZC01,0
M25,Aegir_M25_B101,DOCLLKKD_14.region001,RiPP,lanthipeptide,13.07,8,Bacteria,WOR-3,Hydrothermia,B15-G9,WFZT01,WFZT01,0
M25,Aegir_M25_B102,KDFDCCFH_32.region001,RiPP,redox-cofactor,13.9,13,Bacteria,Pseudomonadota,Gammaproteobacteria,Methylococcales,Methylomonadaceae,JALSJK01,JALSJK01 sp026989395
M25,Aegir_M25_B102,KDFDCCFH_185.region001,Other,arylpolyene,15.55,16,Bacteria,Pseudomonadota,Gammaproteobacteria,Methylococcales,Methylomonadaceae,JALSJK01,JALSJK01 sp026989395
M25,Aegir_M25_B102,KDFDCCFH_180.region001,RiPP,RiPP-like,10.85,12,Bacteria,Pseudomonadota,Gammaproteobacteria,Methylococcales,Methylomonadaceae,JALSJK01,JALSJK01 sp026989395
M25,Aegir_M25_B102,KDFDCCFH_161.region001,NRP,NRPS-like,19.3,13,Bacteria,Pseudomonadota,Gammaproteobacteria,Methylococcales,Methylomonadaceae,JALSJK01,JALSJK01 sp026989395
M25,Aegir_M25_B102,KDFDCCFH_144.region001,Terpene,Terpene generic,13.01,9,Bacteria,Pseudomonadota,Gammaproteobacteria,Methylococcales,Methylomonadaceae,JALSJK01,JALSJK01 sp026989395
M25,Aegir_M25_B102,KDFDCCFH_46.region001,Other,betalactone,19.18,21,Bacteria,Pseudomonadota,Gammaproteobacteria,Methylococcales,Methylomonadaceae,JALSJK01,JALSJK01 sp026989395
M25,Aegir_M25_B103,ICIFODNN_180.region001,RiPP,RiPP-like,5.33,8,Bacteria,Pseudomonadota,Alphaproteobacteria,Rhodobacterales,Rhodobacteraceae,JAAEUB01,0
M25,Aegir_M25_B103,ICIFODNN_92.region001,Other,hserlactone,13.13,14,Bacteria,Pseudomonadota,Alphaproteobacteria,Rhodobacterales,Rhodobacteraceae,JAAEUB01,0
M25,Aegir_M25_B103,ICIFODNN_104.region001,Terpene,Terpene generic,20.77,21,Bacteria,Pseudomonadota,Alphaproteobacteria,Rhodobacterales,Rhodobacteraceae,JAAEUB01,0
M25,Aegir_M25_B103,ICIFODNN_175.region001,Hybrid,NRPS-like:T1PKS,36.56,24,Bacteria,Pseudomonadota,Alphaproteobacteria,Rhodobacterales,Rhodobacteraceae,JAAEUB01,0
M25,Aegir_M25_B104,NDACLIJG_151.region001,Other,hydrogen-cyanide,7.57,5,Bacteria,WOR-3,Hydrothermia,UBA1063,CAJXJZ01,CAJXJZ01,0
M25,Aegir_M25_B105,LFOILLGL_230.region001,Other,other,4.47,4,Bacteria,Chloroflexota,Anaerolineae,Aggregatilineales,Aggregatilineaceae,JALSSH01,0
M25,Aegir_M25_B105,LFOILLGL_300.region001,RiPP,RiPP-like,7.71,5,Bacteria,Chloroflexota,Anaerolineae,Aggregatilineales,Aggregatilineaceae,JALSSH01,0
M25,Aegir_M25_B106,HFKNKOGN_92.region001,RiPP,RiPP-like,7.09,4,Bacteria,Pseudomonadota,Gammaproteobacteria,Nitrosococcales,Methylophagaceae,GCA-002733105,0
M25,Aegir_M25_B106,HFKNKOGN_136.region001,Terpene,Terpene generic,15.57,16,Bacteria,Pseudomonadota,Gammaproteobacteria,Nitrosococcales,Methylophagaceae,GCA-002733105,0
M25,Aegir_M25_B106,HFKNKOGN_19.region001,RiPP,RiPP-like,8.23,10,Bacteria,Pseudomonadota,Gammaproteobacteria,Nitrosococcales,Methylophagaceae,GCA-002733105,0
M25,Aegir_M25_B106,HFKNKOGN_78.region001,Terpene,Terpene generic,19.28,18,Bacteria,Pseudomonadota,Gammaproteobacteria,Nitrosococcales,Methylophagaceae,GCA-002733105,0
M25,Aegir_M25_B106,HFKNKOGN_118.region001,RiPP,redox-cofactor,21.12,23,Bacteria,Pseudomonadota,Gammaproteobacteria,Nitrosococcales,Methylophagaceae,GCA-002733105,0
M25,Aegir_M25_B106,HFKNKOGN_171.region001,RiPP,RiPP-like,8.69,8,Bacteria,Pseudomonadota,Gammaproteobacteria,Nitrosococcales,Methylophagaceae,GCA-002733105,0
M25,Aegir_M25_B106,HFKNKOGN_90.region001,Other,resorcinol,22.48,17,Bacteria,Pseudomonadota,Gammaproteobacteria,Nitrosococcales,Methylophagaceae,GCA-002733105,0
M25,Aegir_M25_B108,GHKNAMPO_82.region001,RiPP,RiPP-like,7.57,7,Bacteria,Pseudomonadota,Gammaproteobacteria,J113,J113,J113,0
M25,Aegir_M25_B108,GHKNAMPO_76.region001,RiPP,redox-cofactor,15.69,13,Bacteria,Pseudomonadota,Gammaproteobacteria,J113,J113,J113,0
M25,Aegir_M25_B108,GHKNAMPO_42.region001,RiPP,RiPP-like,7.3,9,Bacteria,Pseudomonadota,Gammaproteobacteria,J113,J113,J113,0
M25,Aegir_M25_B108,GHKNAMPO_61.region001,Other,phosphonate,11.36,12,Bacteria,Pseudomonadota,Gammaproteobacteria,J113,J113,J113,0
M25,Aegir_M25_B108,GHKNAMPO_140.region001,Terpene,Terpene generic,20.65,19,Bacteria,Pseudomonadota,Gammaproteobacteria,J113,J113,J113,0
M25,Aegir_M25_B109,PGHPAOFP_62.region001,RiPP,RiPP-like,5.24,8,Archaea,Thermoproteota,Thermoprotei_A,Sulfolobales,Desulfurococcaceae,JALVIT01,0
M25,Aegir_M25_B11,EIJMIFHJ_250.region001,RiPP,thioamitides,18.55,19,Bacteria,Actinomycetota,Acidimicrobiia,Acidimicrobiales,Poriferisodalaceae,DRKF01,0
M25,Aegir_M25_B11,EIJMIFHJ_67.region001,RiPP,RiPP-like,6.48,4,Bacteria,Actinomycetota,Acidimicrobiia,Acidimicrobiales,Poriferisodalaceae,DRKF01,0
M25,Aegir_M25_B110,AEFEIJIB_19.region001,Other,betalactone,3.5,3,Bacteria,Pseudomonadota,Gammaproteobacteria,Legionellales,Legionellaceae,Legionella_A,0
M25,Aegir_M25_B110,AEFEIJIB_50.region001,RiPP,RiPP-like,3.81,4,Bacteria,Pseudomonadota,Gammaproteobacteria,Legionellales,Legionellaceae,Legionella_A,0
M25,Aegir_M25_B113,OGJEHJAD_24.region001,RiPP,RiPP-like,7.94,8,Bacteria,Aquificota,Aquificia,Aquificales,Aquificaceae,Hydrogenivirga,0
M25,Aegir_M25_B113,OGJEHJAD_255.region001,RiPP,RiPP-like,2.69,6,Bacteria,Aquificota,Aquificia,Aquificales,Aquificaceae,Hydrogenivirga,0
M25,Aegir_M25_B115,ADCJAJAL_17.region001,RiPP,ranthipeptide,20.46,21,Bacteria,Acidobacteriota,Holophagae,Thermotomaculales,Thermotomaculaceae,Thermotomaculum,0
M25,Aegir_M25_B12,ODBLGFJF_200.region001,Polyketide,T3PKS,35.25,32,Bacteria,Myxococcota,UBA796,UBA796,UBA2385,S143-5,0
M25,Aegir_M25_B12,ODBLGFJF_77.region001,Terpene,Terpene generic,11.87,8,Bacteria,Myxococcota,UBA796,UBA796,UBA2385,S143-5,0
M25,Aegir_M25_B121,MGAKDEPC_197.region001,RiPP,RiPP-like,4.83,5,Bacteria,Desulfobacterota,Dissulfuribacteria,Dissulfuribacterales,S140-46,S140-46,0
M25,Aegir_M25_B121,MGAKDEPC_75.region001,RiPP,RiPP-like,4.87,4,Bacteria,Desulfobacterota,Dissulfuribacteria,Dissulfuribacterales,S140-46,S140-46,0
M25,Aegir_M25_B122,OPOHHODP_75.region001,Other,arylpolyene,17.22,18,Bacteria,Pseudomonadota,Gammaproteobacteria,Methylococcales,Methylothermaceae,Methylohalobius,0
M25,Aegir_M25_B122,OPOHHODP_78.region001,Other,betalactone,16.12,17,Bacteria,Pseudomonadota,Gammaproteobacteria,Methylococcales,Methylothermaceae,Methylohalobius,0
M25,Aegir_M25_B122,OPOHHODP_59.region001,Other,arylpolyene,24.46,30,Bacteria,Pseudomonadota,Gammaproteobacteria,Methylococcales,Methylothermaceae,Methylohalobius,0
M25,Aegir_M25_B122,OPOHHODP_15.region001,Other,hserlactone,11.41,9,Bacteria,Pseudomonadota,Gammaproteobacteria,Methylococcales,Methylothermaceae,Methylohalobius,0
M25,Aegir_M25_B122,OPOHHODP_51.region001,Hybrid,NRPS-like:betalactone,13.97,9,Bacteria,Pseudomonadota,Gammaproteobacteria,Methylococcales,Methylothermaceae,Methylohalobius,0
M25,Aegir_M25_B122,OPOHHODP_22.region001,Terpene,Terpene generic,23.09,19,Bacteria,Pseudomonadota,Gammaproteobacteria,Methylococcales,Methylothermaceae,Methylohalobius,0
M25,Aegir_M25_B122,OPOHHODP_6.region001,Hybrid,RiPP-redox-cofactor:RiPP-like,24.68,27,Bacteria,Pseudomonadota,Gammaproteobacteria,Methylococcales,Methylothermaceae,Methylohalobius,0
M25,Aegir_M25_B123,BJKOHNHC_26.region001,RiPP,RRE-containing,11.92,10,Archaea,Thermoproteota,Thermoprotei_A,Sulfolobales,Desulfurococcaceae,WAON01,0
M25,Aegir_M25_B124,MNFECHNJ_15.region001,RiPP,RRE-containing,20.29,13,Bacteria,Chloroflexota,Anaerolineae,J102,J102,M2005,0
M25,Aegir_M25_B124,MNFECHNJ_169.region001,NRP,NRP generic,49.07,11,Bacteria,Chloroflexota,Anaerolineae,J102,J102,M2005,0
M25,Aegir_M25_B124,MNFECHNJ_54.region001,Hybrid,NRPS:T1PKS,42.17,18,Bacteria,Chloroflexota,Anaerolineae,J102,J102,M2005,0
M25,Aegir_M25_B125,EBNFPCOF_137.region001,Hybrid,NRPS:betalactone,28.7,22,Bacteria,Chloroflexota,Anaerolineae,4572-78,J111,J111,0
M25,Aegir_M25_B125,EBNFPCOF_143.region001,Polyketide,T3PKS,41.05,35,Bacteria,Chloroflexota,Anaerolineae,4572-78,J111,J111,0
M25,Aegir_M25_B125,EBNFPCOF_168.region001,NRP,NRP generic,30.08,20,Bacteria,Chloroflexota,Anaerolineae,4572-78,J111,J111,0
M25,Aegir_M25_B125,EBNFPCOF_200.region001,Other,hydrogen-cyanide,12.87,7,Bacteria,Chloroflexota,Anaerolineae,4572-78,J111,J111,0
M25,Aegir_M25_B125,EBNFPCOF_49.region001,Terpene,Terpene generic,20.48,19,Bacteria,Chloroflexota,Anaerolineae,4572-78,J111,J111,0
M25,Aegir_M25_B125,EBNFPCOF_5.region001,Hybrid,lassopeptide:RRE-containing,22.63,16,Bacteria,Chloroflexota,Anaerolineae,4572-78,J111,J111,0
M25,Aegir_M25_B127,JONFJCLF_38.region001,Other,betalactone,18.28,15,Bacteria,Pseudomonadota,Gammaproteobacteria,Burkholderiales,Burkholderiaceae,Ralstonia,Ralstonia sp913056305
M25,Aegir_M25_B127,JONFJCLF_6.region001,Other,siderophore,29.91,26,Bacteria,Pseudomonadota,Gammaproteobacteria,Burkholderiales,Burkholderiaceae,Ralstonia,Ralstonia sp913056305
M25,Aegir_M25_B127,JONFJCLF_7.region002,Terpene,Terpene generic,20.89,14,Bacteria,Pseudomonadota,Gammaproteobacteria,Burkholderiales,Burkholderiaceae,Ralstonia,Ralstonia sp913056305
M25,Aegir_M25_B127,JONFJCLF_3.region001,RiPP,RiPP-like,10.89,13,Bacteria,Pseudomonadota,Gammaproteobacteria,Burkholderiales,Burkholderiaceae,Ralstonia,Ralstonia sp913056305
M25,Aegir_M25_B127,JONFJCLF_6.region002,Other,hydrogen-cyanide,12.95,13,Bacteria,Pseudomonadota,Gammaproteobacteria,Burkholderiales,Burkholderiaceae,Ralstonia,Ralstonia sp913056305
M25,Aegir_M25_B127,JONFJCLF_14.region001,Polyketide,T1PKS,39.47,26,Bacteria,Pseudomonadota,Gammaproteobacteria,Burkholderiales,Burkholderiaceae,Ralstonia,Ralstonia sp913056305
M25,Aegir_M25_B127,JONFJCLF_7.region001,Other,arylpolyene,41.25,43,Bacteria,Pseudomonadota,Gammaproteobacteria,Burkholderiales,Burkholderiaceae,Ralstonia,Ralstonia sp913056305
M25,Aegir_M25_B127,JONFJCLF_31.region001,RiPP,redox-cofactor,22.4,14,Bacteria,Pseudomonadota,Gammaproteobacteria,Burkholderiales,Burkholderiaceae,Ralstonia,Ralstonia sp913056305
M25,Aegir_M25_B128,JGLHPPGP_14.region001,Other,hydrogen-cyanide,12.66,11,Bacteria,Thermotogota,Thermotogae,Thermotogales,Thermotogaceae,0,0
M25,Aegir_M25_B129,HDMFDFEC_17.region001,RiPP,RiPP-like,6.07,8,Bacteria,Aquificota,Aquificia,Aquificales,Hydrogenothermaceae,Hydrogenothermus,0
M25,Aegir_M25_B13,IMNOPJAD_11.region001,Hybrid,arylpolyene:T1PKS,73.7,50,Bacteria,Myxococcota,UBA796,UBA796,0,0,0
M25,Aegir_M25_B13,IMNOPJAD_18.region001,NRP,NRPS-like,44.64,37,Bacteria,Myxococcota,UBA796,UBA796,0,0,0
M25,Aegir_M25_B13,IMNOPJAD_19.region001,Hybrid,hglE-KS:T1PKS,37.35,25,Bacteria,Myxococcota,UBA796,UBA796,0,0,0
M25,Aegir_M25_B13,IMNOPJAD_1.region001,Polyketide,T3PKS,41.07,31,Bacteria,Myxococcota,UBA796,UBA796,0,0,0
M25,Aegir_M25_B13,IMNOPJAD_32.region001,Other,nucleoside,20.93,12,Bacteria,Myxococcota,UBA796,UBA796,0,0,0
M25,Aegir_M25_B13,IMNOPJAD_45.region001,Terpene,Terpene generic,21.05,18,Bacteria,Myxococcota,UBA796,UBA796,0,0,0
M25,Aegir_M25_B13,IMNOPJAD_6.region001,RiPP,RiPP-like,11.64,11,Bacteria,Myxococcota,UBA796,UBA796,0,0,0
M25,Aegir_M25_B130,EMAHDGMJ_94.region001,RiPP,lanthipeptide,12.04,14,Bacteria,Bacteroidota,Bacteroidia,Flavobacteriales,Salibacteraceae,CAJXZP01,0
M25,Aegir_M25_B130,EMAHDGMJ_79.region001,Hybrid,arylpolyene:resorcinol,44.5,42,Bacteria,Bacteroidota,Bacteroidia,Flavobacteriales,Salibacteraceae,CAJXZP01,0
M25,Aegir_M25_B131,LMAEHAIC_52.region001,RiPP,RRE-containing,20.24,21,Bacteria,Aquificota,Aquificia,Aquificales,Hydrogenothermaceae,Hydrogenothermus,0
M25,Aegir_M25_B131,LMAEHAIC_71.region001,RiPP,RiPP-like,9.63,9,Bacteria,Aquificota,Aquificia,Aquificales,Hydrogenothermaceae,Hydrogenothermus,0
M25,Aegir_M25_B131,LMAEHAIC_7.region001,NRP,NRPS-like,27.81,18,Bacteria,Aquificota,Aquificia,Aquificales,Hydrogenothermaceae,Hydrogenothermus,0
M25,Aegir_M25_B131,LMAEHAIC_44.region001,RiPP,RiPP-like,10.84,9,Bacteria,Aquificota,Aquificia,Aquificales,Hydrogenothermaceae,Hydrogenothermus,0
M25,Aegir_M25_B132,PAAOCNBG_31.region001,RiPP,RiPP-like,8.94,8,Archaea,Thermoproteota,Thermoprotei_A,Sulfolobales,NBVN01,WAOK01,0
M25,Aegir_M25_B133,HGNBCPJM_141.region001,Terpene,Terpene generic,10.96,11,Bacteria,Bacteroidota,Bacteroidia,Flavobacteriales,CAJJDF01,CAJJDF01,0
M25,Aegir_M25_B134,FMDDOPJB_19.region001,RiPP,RRE-containing,6.78,6,Bacteria,Campylobacterota,Campylobacteria,Campylobacterales,0,0,0
M25,Aegir_M25_B134,FMDDOPJB_47.region001,RiPP,RiPP-like,10,10,Bacteria,Campylobacterota,Campylobacteria,Campylobacterales,0,0,0
M25,Aegir_M25_B134,FMDDOPJB_82.region001,Other,phosphonate,8.39,9,Bacteria,Campylobacterota,Campylobacteria,Campylobacterales,0,0,0
M25,Aegir_M25_B136,CDPKENHP_13.region001,RiPP,redox-cofactor,22.2,22,Bacteria,Pseudomonadota,Alphaproteobacteria,Geminicoccales,Geminicoccaceae,HRBIN39,0
M25,Aegir_M25_B137,COMGHIBO_144.region001,RiPP,ranthipeptide,11.25,11,Bacteria,DRYD01,DRYD01,0,0,0,0
M25,Aegir_M25_B138,FLOJAPCK_15.region001,Terpene,Terpene generic,20.87,22,Bacteria,Pseudomonadota,Gammaproteobacteria,S140-43,S140-43,S140-43,0
M25,Aegir_M25_B138,FLOJAPCK_2.region001,Terpene,Terpene generic,20.87,17,Bacteria,Pseudomonadota,Gammaproteobacteria,S140-43,S140-43,S140-43,0
M25,Aegir_M25_B138,FLOJAPCK_8.region001,Other,acyl_amino_acids,60.66,58,Bacteria,Pseudomonadota,Gammaproteobacteria,S140-43,S140-43,S140-43,0
M25,Aegir_M25_B139,ANKKBANP_9.region001,Terpene,Terpene generic,21.79,20,Bacteria,Pseudomonadota,Gammaproteobacteria,J048,J048,0,0
M25,Aegir_M25_B139,ANKKBANP_20.region001,RiPP,RiPP-like,10.86,11,Bacteria,Pseudomonadota,Gammaproteobacteria,J048,J048,0,0
M25,Aegir_M25_B14,ENDLLHIJ_101.region001,Terpene,Terpene generic,16.25,13,Bacteria,Pseudomonadota,Gammaproteobacteria,Beggiatoales,Beggiatoaceae,JAUXCJ01,0
M25,Aegir_M25_B14,ENDLLHIJ_137.region001,NRP,NRPS-like,4.08,1,Bacteria,Pseudomonadota,Gammaproteobacteria,Beggiatoales,Beggiatoaceae,JAUXCJ01,0
M25,Aegir_M25_B14,ENDLLHIJ_181.region001,Polyketide,T1PKS,8.09,2,Bacteria,Pseudomonadota,Gammaproteobacteria,Beggiatoales,Beggiatoaceae,JAUXCJ01,0
M25,Aegir_M25_B14,ENDLLHIJ_41.region001,Terpene,Terpene generic,7.21,11,Bacteria,Pseudomonadota,Gammaproteobacteria,Beggiatoales,Beggiatoaceae,JAUXCJ01,0
M25,Aegir_M25_B14,ENDLLHIJ_194.region001,Hybrid,NRPS:T1PKS,17.3,5,Bacteria,Pseudomonadota,Gammaproteobacteria,Beggiatoales,Beggiatoaceae,JAUXCJ01,0
M25,Aegir_M25_B14,ENDLLHIJ_92.region001,RiPP,RRE-containing,12.27,12,Bacteria,Pseudomonadota,Gammaproteobacteria,Beggiatoales,Beggiatoaceae,JAUXCJ01,0
M25,Aegir_M25_B140,FALJKOND_184.region001,RiPP,RiPP-like,9.95,9,Bacteria,Campylobacterota,Campylobacteria,Campylobacterales,Sulfurimonadaceae,BB10,0
M25,Aegir_M25_B142,ACGGOOMM_52.region001,NRP,NRP generic,39.86,26,Bacteria,Chloroflexota,Anaerolineae,4572-78,4572-78,JANTHQ01,0
M25,Aegir_M25_B144,BIHIBKCH_113.region001,Polyketide,T1PKS,43.68,37,Bacteria,Pseudomonadota,Gammaproteobacteria,Thiotrichales,Thiotrichaceae,Cocleimonas,0
M25,Aegir_M25_B144,BIHIBKCH_191.region001,RiPP,RiPP-like,10.86,14,Bacteria,Pseudomonadota,Gammaproteobacteria,Thiotrichales,Thiotrichaceae,Cocleimonas,0
M25,Aegir_M25_B144,BIHIBKCH_38.region001,RiPP,thiopeptide,30.98,22,Bacteria,Pseudomonadota,Gammaproteobacteria,Thiotrichales,Thiotrichaceae,Cocleimonas,0
M25,Aegir_M25_B144,BIHIBKCH_81.region001,RiPP,RiPP-like,8.93,15,Bacteria,Pseudomonadota,Gammaproteobacteria,Thiotrichales,Thiotrichaceae,Cocleimonas,0
M25,Aegir_M25_B146,ELPKCMEI_16.region001,RiPP,RiPP-like,6.46,8,Archaea,Nanobdellota,Nanobdellia,Nanobdellales,0,0,0
M25,Aegir_M25_B147,PAILNCCF_20.region001,RiPP,RRE-containing,20.64,29,Archaea,Korarchaeota,Korarchaeia,Korarchaeales,Korarchaeaceae,DRBY01,DRBY01 sp027491415
M25,Aegir_M25_B147,PAILNCCF_62.region001,RiPP,RRE-containing,9.95,12,Archaea,Korarchaeota,Korarchaeia,Korarchaeales,Korarchaeaceae,DRBY01,DRBY01 sp027491415
M25,Aegir_M25_B15,FKABDIKP_108.region001,Polyketide,T3PKS,14.54,14,Bacteria,Myxococcota,Polyangia,Nannocystales,Nannocystaceae,0,0
M25,Aegir_M25_B15,FKABDIKP_117.region001,RiPP,RiPP-like,7.33,11,Bacteria,Myxococcota,Polyangia,Nannocystales,Nannocystaceae,0,0
M25,Aegir_M25_B15,FKABDIKP_171.region001,Other,arylpolyene,28.87,28,Bacteria,Myxococcota,Polyangia,Nannocystales,Nannocystaceae,0,0
M25,Aegir_M25_B15,FKABDIKP_255.region001,Terpene,Terpene generic,8.5,8,Bacteria,Myxococcota,Polyangia,Nannocystales,Nannocystaceae,0,0
M25,Aegir_M25_B15,FKABDIKP_276.region001,Other,arylpolyene,31.89,28,Bacteria,Myxococcota,Polyangia,Nannocystales,Nannocystaceae,0,0
M25,Aegir_M25_B15,FKABDIKP_31.region001,RiPP,RiPP-like,4.42,5,Bacteria,Myxococcota,Polyangia,Nannocystales,Nannocystaceae,0,0
M25,Aegir_M25_B15,FKABDIKP_338.region001,RiPP,RiPP-like,9.16,5,Bacteria,Myxococcota,Polyangia,Nannocystales,Nannocystaceae,0,0
M25,Aegir_M25_B15,FKABDIKP_64.region001,Terpene,Terpene generic,15.44,13,Bacteria,Myxococcota,Polyangia,Nannocystales,Nannocystaceae,0,0
M25,Aegir_M25_B153,EMKEAJEM_1158.region001,RiPP,RiPP-like,4.97,7,Bacteria,Myxococcota,UBA796,UBA796,GCA-2862545,0,0
M25,Aegir_M25_B153,EMKEAJEM_258.region001,Terpene,Terpene generic,3.55,4,Bacteria,Myxococcota,UBA796,UBA796,GCA-2862545,0,0
M25,Aegir_M25_B153,EMKEAJEM_454.region001,Polyketide,T1PKS,14.54,9,Bacteria,Myxococcota,UBA796,UBA796,GCA-2862545,0,0
M25,Aegir_M25_B153,EMKEAJEM_816.region001,RiPP,RiPP-like,9.14,8,Bacteria,Myxococcota,UBA796,UBA796,GCA-2862545,0,0
M25,Aegir_M25_B153,EMKEAJEM_832.region001,RiPP,RiPP-like,5.58,7,Bacteria,Myxococcota,UBA796,UBA796,GCA-2862545,0,0
M25,Aegir_M25_B153,EMKEAJEM_880.region001,NRP,NRPS-like,2.07,1,Bacteria,Myxococcota,UBA796,UBA796,GCA-2862545,0,0
M25,Aegir_M25_B154,OEEGLEHL_114.region001,RiPP,RiPP-like,10.83,11,Bacteria,Bacteroidota_A,Kapaibacteriia,Kapaibacteriales,UBA2268,ChocPot-Mid,0
M25,Aegir_M25_B154,OEEGLEHL_66.region001,Terpene,Terpene generic,17.66,18,Bacteria,Bacteroidota_A,Kapaibacteriia,Kapaibacteriales,UBA2268,ChocPot-Mid,0
M25,Aegir_M25_B154,OEEGLEHL_80.region001,RiPP,RRE-containing,20.37,17,Bacteria,Bacteroidota_A,Kapaibacteriia,Kapaibacteriales,UBA2268,ChocPot-Mid,0
M25,Aegir_M25_B155,FNFNEMEO_153.region001,RiPP,RRE-containing,5.74,5,Bacteria,WOR-3,Hydrothermia,JBDRYB01,JBDRYB01,0,0
M25,Aegir_M25_B155,FNFNEMEO_18.region001,RiPP,RRE-containing,20.24,24,Bacteria,WOR-3,Hydrothermia,JBDRYB01,JBDRYB01,0,0
M25,Aegir_M25_B157,DBICPAKL_73.region001,Hybrid,NRPS-like:RiPP-like,24.78,30,Bacteria,Desulfobacterota_I,Desulfovibrionia,Desulfovibrionales,Desulfothermaceae,0,0
M25,Aegir_M25_B157,DBICPAKL_85.region001,Other,hserlactone,18.62,19,Bacteria,Desulfobacterota_I,Desulfovibrionia,Desulfovibrionales,Desulfothermaceae,0,0
M25,Aegir_M25_B16,EOJPKJHJ_143.region001,RiPP,RRE-containing,20.24,21,Bacteria,Bacteroidota,Bacteroidia,Bacteroidales,JALTDM01,JALTDM01,0
M25,Aegir_M25_B163,CFIADAMF_9.region001,RiPP,RiPP-like,8.27,8,Bacteria,Aquificota,Aquificia,Aquificales,Hydrogenothermaceae,Hydrogenothermus,0
M25,Aegir_M25_B164,KPHMFJIM_11.region001,Other,hserlactone,20.27,20,Bacteria,Campylobacterota,Campylobacteria,Campylobacterales,Nitratiruptoraceae,Nitrosophilus_A,0
M25,Aegir_M25_B165,BMLCGDAE_197.region001,NRP,NRP generic,2.55,1,Bacteria,Bacteroidota_A,Ignavibacteria,Ignavibacteriales,Melioribacteraceae,GCA-2746605,0
M25,Aegir_M25_B165,BMLCGDAE_25.region001,NRP,NRPS-like,3.96,1,Bacteria,Bacteroidota_A,Ignavibacteria,Ignavibacteriales,Melioribacteraceae,GCA-2746605,0
M25,Aegir_M25_B165,BMLCGDAE_349.region001,NRP,NRPS-like,2.24,1,Bacteria,Bacteroidota_A,Ignavibacteria,Ignavibacteriales,Melioribacteraceae,GCA-2746605,0
M25,Aegir_M25_B165,BMLCGDAE_402.region001,NRP,NRPS-like,3.31,1,Bacteria,Bacteroidota_A,Ignavibacteria,Ignavibacteriales,Melioribacteraceae,GCA-2746605,0
M25,Aegir_M25_B165,BMLCGDAE_439.region001,RiPP,RRE-containing,6.18,4,Bacteria,Bacteroidota_A,Ignavibacteria,Ignavibacteriales,Melioribacteraceae,GCA-2746605,0
M25,Aegir_M25_B169,CCHPNDJG_140.region001,RiPP,RiPP-like,5.35,9,Bacteria,Pseudomonadota,Gammaproteobacteria,Xanthomonadales,SZUA-36,SZUA-51,0
M25,Aegir_M25_B17,EFPKCKDP_32.region001,Terpene,Terpene generic,7.62,6,Bacteria,Desulfobacterota,DSM-4660,Desulfatiglandales,JALVZP01,0,0
M25,Aegir_M25_B17,EFPKCKDP_15.region001,RiPP,RiPP-like,10.97,12,Bacteria,Desulfobacterota,DSM-4660,Desulfatiglandales,JALVZP01,0,0
M25,Aegir_M25_B170,ELAIDHFC_130.region001,RiPP,RiPP-like,11.56,11,Bacteria,Bacteroidota,Bacteroidia,Flavobacteriales,Flavobacteriaceae,S010-17,0
M25,Aegir_M25_B170,ELAIDHFC_25.region001,Other,arylpolyene,23.33,20,Bacteria,Bacteroidota,Bacteroidia,Flavobacteriales,Flavobacteriaceae,S010-17,0
M25,Aegir_M25_B170,ELAIDHFC_80.region001,Hybrid,arylpolyene:resorcinol,22.89,25,Bacteria,Bacteroidota,Bacteroidia,Flavobacteriales,Flavobacteriaceae,S010-17,0
M25,Aegir_M25_B171,JBCKNOCK_1.region001,Terpene,Terpene generic,20.25,15,Bacteria,Pseudomonadota,Gammaproteobacteria,Methylococcales,Methylomonadaceae,Methyloprofundus,Methyloprofundus sp900128525
M25,Aegir_M25_B171,JBCKNOCK_234.region001,RiPP,redox-cofactor,10.03,12,Bacteria,Pseudomonadota,Gammaproteobacteria,Methylococcales,Methylomonadaceae,Methyloprofundus,Methyloprofundus sp900128525
M25,Aegir_M25_B172,CCGMBFFG_587.region001,RiPP,RRE-containing,4.03,5,Bacteria,Bacteroidota,Bacteroidia,Bacteroidales,NBLH01,NBLH01,0
M25,Aegir_M25_B174,JJBMJCOG_3.region001,Terpene,Terpene generic,2.72,2,Bacteria,Myxococcota,SURF-8,0,0,0,0
M25,Aegir_M25_B174,JJBMJCOG_70.region001,RiPP,RRE-containing,4.77,2,Bacteria,Myxococcota,SURF-8,0,0,0,0
M25,Aegir_M25_B178,CKBFPJAI_1.region001,RiPP,RiPP-like,11.09,9,Archaea,Thermoproteota,Thermoprotei_A,Sulfolobales,WAQK01,JALWQH01,0
M25,Aegir_M25_B178,CKBFPJAI_8.region001,RiPP,RRE-containing,20.3,24,Archaea,Thermoproteota,Thermoprotei_A,Sulfolobales,WAQK01,JALWQH01,0
M25,Aegir_M25_B18,HGPHKBJF_38.region001,RiPP,RiPP-like,7.43,7,Archaea,Thermoproteota,Thermoprotei_A,Sulfolobales,NBVN01,EX4484-204,0
M25,Aegir_M25_B184,ECIDCPJL_15.region001,RiPP,RRE-containing,20.27,19,Archaea,Thermoproteota,Thermoprotei_A,Sulfolobales,Fervidicoccaceae,0,0
M25,Aegir_M25_B187,JGCCPAEM_7.region001,RiPP,RiPP-like,10.88,10,Bacteria,Acidobacteriota,Thermoanaerobaculia,Thermoanaerobaculales,Sulfomarinibacteraceae,JAMOVQ01,0
M25,Aegir_M25_B187,JGCCPAEM_109.region001,RiPP,RRE-containing,11.04,11,Bacteria,Acidobacteriota,Thermoanaerobaculia,Thermoanaerobaculales,Sulfomarinibacteraceae,JAMOVQ01,0
M25,Aegir_M25_B187,JGCCPAEM_70.region001,RiPP,RRE-containing,11.92,10,Bacteria,Acidobacteriota,Thermoanaerobaculia,Thermoanaerobaculales,Sulfomarinibacteraceae,JAMOVQ01,0
M25,Aegir_M25_B187,JGCCPAEM_77.region001,RiPP,RRE-containing,20.37,12,Bacteria,Acidobacteriota,Thermoanaerobaculia,Thermoanaerobaculales,Sulfomarinibacteraceae,JAMOVQ01,0
M25,Aegir_M25_B188,DCCNGCIG_108.region001,NRP,NRP generic,11.98,6,Bacteria,Zhuqueibacterota,Zhuqueibacteria,Oleimicrobiales,Geothermoviventaceae,Geothermovivens,0
M25,Aegir_M25_B188,DCCNGCIG_19.region001,NRP,NRP generic,29.11,14,Bacteria,Zhuqueibacterota,Zhuqueibacteria,Oleimicrobiales,Geothermoviventaceae,Geothermovivens,0
M25,Aegir_M25_B188,DCCNGCIG_25.region001,Hybrid,NRPS:T1PKS,28.92,15,Bacteria,Zhuqueibacterota,Zhuqueibacteria,Oleimicrobiales,Geothermoviventaceae,Geothermovivens,0
M25,Aegir_M25_B188,DCCNGCIG_264.region001,NRP,NRP generic,11.49,3,Bacteria,Zhuqueibacterota,Zhuqueibacteria,Oleimicrobiales,Geothermoviventaceae,Geothermovivens,0
M25,Aegir_M25_B188,DCCNGCIG_272.region001,Polyketide,T3PKS,30.46,19,Bacteria,Zhuqueibacterota,Zhuqueibacteria,Oleimicrobiales,Geothermoviventaceae,Geothermovivens,0
M25,Aegir_M25_B188,DCCNGCIG_256.region001,NRP,NRP generic,15.01,7,Bacteria,Zhuqueibacterota,Zhuqueibacteria,Oleimicrobiales,Geothermoviventaceae,Geothermovivens,0
M25,Aegir_M25_B189,LIIILLNF_352.region001,RiPP,RiPP-like,6.99,7,Bacteria,Cyanobacteriota,Sericytochromatia,UBA7694,UBA7694,CAXRDE01,0
M25,Aegir_M25_B189,LIIILLNF_411.region001,Polyketide,T3PKS,4.05,4,Bacteria,Cyanobacteriota,Sericytochromatia,UBA7694,UBA7694,CAXRDE01,0
M25,Aegir_M25_B190,PPGIJDNA_82.region001,RiPP,RiPP-like,10.38,15,Bacteria,Pseudomonadota,Alphaproteobacteria,Rhodobacterales,Rhodobacteraceae,Profundibacter,0
M25,Aegir_M25_B190,PPGIJDNA_67.region001,Other,hserlactone,20.59,18,Bacteria,Pseudomonadota,Alphaproteobacteria,Rhodobacterales,Rhodobacteraceae,Profundibacter,0
M25,Aegir_M25_B190,PPGIJDNA_144.region001,Terpene,Terpene generic,11.18,14,Bacteria,Pseudomonadota,Alphaproteobacteria,Rhodobacterales,Rhodobacteraceae,Profundibacter,0
M25,Aegir_M25_B191,DOFINDKD_97.region001,Other,arylpolyene,14.11,13,Bacteria,Pseudomonadota,Gammaproteobacteria,Methylococcales,Methylomonadaceae,Methylomarinum,0
M25,Aegir_M25_B191,DOFINDKD_55.region001,RiPP,redox-cofactor,8.58,9,Bacteria,Pseudomonadota,Gammaproteobacteria,Methylococcales,Methylomonadaceae,Methylomarinum,0
M25,Aegir_M25_B191,DOFINDKD_24.region001,Terpene,Terpene generic,19.97,17,Bacteria,Pseudomonadota,Gammaproteobacteria,Methylococcales,Methylomonadaceae,Methylomarinum,0
M25,Aegir_M25_B191,DOFINDKD_26.region001,Other,hserlactone,9.3,12,Bacteria,Pseudomonadota,Gammaproteobacteria,Methylococcales,Methylomonadaceae,Methylomarinum,0
M25,Aegir_M25_B191,DOFINDKD_161.region001,RiPP,RiPP-like,5.82,7,Bacteria,Pseudomonadota,Gammaproteobacteria,Methylococcales,Methylomonadaceae,Methylomarinum,0
M25,Aegir_M25_B193,OKNDCDBL_273.region001,Terpene,Terpene generic,3.42,3,Bacteria,Pseudomonadota,Alphaproteobacteria,Rhodobacterales,Rhodobacteraceae,Profundibacter,Profundibacter amoris
M25,Aegir_M25_B193,OKNDCDBL_127.region001,RiPP,RiPP-like,10.86,14,Bacteria,Pseudomonadota,Alphaproteobacteria,Rhodobacterales,Rhodobacteraceae,Profundibacter,Profundibacter amoris
M25,Aegir_M25_B193,OKNDCDBL_379.region001,Other,hserlactone,8.88,11,Bacteria,Pseudomonadota,Alphaproteobacteria,Rhodobacterales,Rhodobacteraceae,Profundibacter,Profundibacter amoris
M25,Aegir_M25_B194,EFPMGGGC_145.region001,RiPP,RRE-containing,3.8,5,Bacteria,WOR-3,Hydrothermia,WGAB01,0,0,0
M25,Aegir_M25_B195,EJAAFDIG_104.region001,RiPP,RiPP-like,10.86,11,Archaea,Thermoproteota,Thermoprotei_A,Sulfolobales,Pyrodictiaceae,QNYQ01,0
M25,Aegir_M25_B196,DNAEBAJA_236.region001,RiPP,RiPP-like,2.22,1,Bacteria,Campylobacterota,Campylobacteria,Campylobacterales,Sulfurimonadaceae,Sulfurimonas,0
M25,Aegir_M25_B197,LAIPNIDF_293.region001,Other,arylpolyene,2.23,2,Bacteria,Campylobacterota,Campylobacteria,Campylobacterales,Sulfurimonadaceae,S145-25,0
M25,Aegir_M25_B198,AFNHJEFG_24.region001,RiPP,RiPP-like,10.83,11,Bacteria,Aquificota,Aquificia,Aquificales,Hydrogenothermaceae,JAADDV01,0
M25,Aegir_M25_B198,AFNHJEFG_35.region001,Hybrid,NRPS-like:RRE-containing,31.1,29,Bacteria,Aquificota,Aquificia,Aquificales,Hydrogenothermaceae,JAADDV01,0
M25,Aegir_M25_B199,BNINIGFF_141.region001,Other,betalactone,21.05,14,Bacteria,Bacteroidota,Bacteroidia,Bacteroidales,F082,Sulfidibacterium,0
M25,Aegir_M25_B199,BNINIGFF_83.region001,RiPP,RRE-containing,20.28,18,Bacteria,Bacteroidota,Bacteroidia,Bacteroidales,F082,Sulfidibacterium,0
M25,Aegir_M25_B200,AAFKEBIM_2.region001,Hybrid,lassopeptide:RRE-containing,14.64,8,Bacteria,Bacteroidota_A,Ignavibacteria,Ignavibacteriales,Melioribacteraceae,WGAL01,0
M25,Aegir_M25_B200,AAFKEBIM_35.region001,RiPP,RRE-containing,15.57,10,Bacteria,Bacteroidota_A,Ignavibacteria,Ignavibacteriales,Melioribacteraceae,WGAL01,0
M25,Aegir_M25_B200,AAFKEBIM_50.region001,Terpene,Terpene generic,21.67,20,Bacteria,Bacteroidota_A,Ignavibacteria,Ignavibacteriales,Melioribacteraceae,WGAL01,0
M25,Aegir_M25_B205,OJDELFPK_259.region001,RiPP,RiPP-like,2.04,3,Bacteria,Pseudomonadota,Gammaproteobacteria,Nitrosococcales,Methylophagaceae,GCA-002733105,0
M25,Aegir_M25_B205,OJDELFPK_120.region001,Terpene,Terpene generic,8.55,8,Bacteria,Pseudomonadota,Gammaproteobacteria,Nitrosococcales,Methylophagaceae,GCA-002733105,0
M25,Aegir_M25_B205,OJDELFPK_184.region001,RiPP,RiPP-like,7.23,5,Bacteria,Pseudomonadota,Gammaproteobacteria,Nitrosococcales,Methylophagaceae,GCA-002733105,0
M25,Aegir_M25_B205,OJDELFPK_32.region001,RiPP,ranthipeptide,4.41,6,Bacteria,Pseudomonadota,Gammaproteobacteria,Nitrosococcales,Methylophagaceae,GCA-002733105,0
M25,Aegir_M25_B209,HOJMOMBC_312.region001,NRP,NRPS-like,23.22,23,Bacteria,Pseudomonadota,Gammaproteobacteria,Chromatiales,Sedimenticolaceae,Thiolapillus,0
M25,Aegir_M25_B209,HOJMOMBC_58.region001,RiPP,RiPP-like,6.56,8,Bacteria,Pseudomonadota,Gammaproteobacteria,Chromatiales,Sedimenticolaceae,Thiolapillus,0
M25,Aegir_M25_B209,HOJMOMBC_3.region001,RiPP,RRE-containing,2.16,4,Bacteria,Pseudomonadota,Gammaproteobacteria,Chromatiales,Sedimenticolaceae,Thiolapillus,0
M25,Aegir_M25_B21,MCNDNIFN_143.region001,RiPP,RRE-containing,13.88,13,Archaea,Methanobacteriota_B,Thermococci,Thermococcales,Thermococcaceae,Thermococcus,0
M25,Aegir_M25_B21,MCNDNIFN_87.region001,RiPP,RRE-containing,3.18,4,Archaea,Methanobacteriota_B,Thermococci,Thermococcales,Thermococcaceae,Thermococcus,0
M25,Aegir_M25_B212,BEDLJFEI_42.region001,RiPP,RiPP-like,6.8,9,Bacteria,Campylobacterota,Campylobacteria,Campylobacterales,Hydrogenimonadaceae,Hydrogenimonas,0
M25,Aegir_M25_B212,BEDLJFEI_51.region001,Other,hserlactone,13.15,11,Bacteria,Campylobacterota,Campylobacteria,Campylobacterales,Hydrogenimonadaceae,Hydrogenimonas,0
M25,Aegir_M25_B213,IPAOHKCN_127.region001,Other,arylpolyene,40.15,38,Bacteria,Pseudomonadota,Gammaproteobacteria,UBA6429,Thiohalophilaceae,JALSSV01,0
M25,Aegir_M25_B213,IPAOHKCN_108.region001,NRP,NRPS-like,19.08,17,Bacteria,Pseudomonadota,Gammaproteobacteria,UBA6429,Thiohalophilaceae,JALSSV01,0
M25,Aegir_M25_B213,IPAOHKCN_53.region001,Terpene,Terpene generic,7.07,7,Bacteria,Pseudomonadota,Gammaproteobacteria,UBA6429,Thiohalophilaceae,JALSSV01,0
M25,Aegir_M25_B213,IPAOHKCN_122.region001,NRP,NRPS-like,9.38,9,Bacteria,Pseudomonadota,Gammaproteobacteria,UBA6429,Thiohalophilaceae,JALSSV01,0
M25,Aegir_M25_B214,MAFDNHBJ_199.region001,Other,arylpolyene,6.59,5,Bacteria,Pseudomonadota,Gammaproteobacteria,Thiotrichales,Thiotrichaceae,HyVt-477,0
M25,Aegir_M25_B214,MAFDNHBJ_205.region001,RiPP,RiPP-like,3.83,4,Bacteria,Pseudomonadota,Gammaproteobacteria,Thiotrichales,Thiotrichaceae,HyVt-477,0
M25,Aegir_M25_B215,DBLJEKIA_31.region001,Terpene,Terpene generic,10.48,9,Bacteria,Chloroflexota,Anaerolineae,Promineifilales,Promineifilaceae,JAJRTP01,0
M25,Aegir_M25_B215,DBLJEKIA_114.region001,RiPP,sactipeptide,14.74,12,Bacteria,Chloroflexota,Anaerolineae,Promineifilales,Promineifilaceae,JAJRTP01,0
M25,Aegir_M25_B215,DBLJEKIA_312.region001,RiPP,RRE-containing,7.64,9,Bacteria,Chloroflexota,Anaerolineae,Promineifilales,Promineifilaceae,JAJRTP01,0
M25,Aegir_M25_B216,NDPGLPLK_23.region001,RiPP,RRE-containing,20.26,22,Bacteria,Pseudomonadota,Gammaproteobacteria,Methylococcales,Methylothermaceae,0,0
M25,Aegir_M25_B216,NDPGLPLK_30.region001,Other,betalactone,32.55,25,Bacteria,Pseudomonadota,Gammaproteobacteria,Methylococcales,Methylothermaceae,0,0
M25,Aegir_M25_B216,NDPGLPLK_31.region001,RiPP,RRE-containing,20.33,18,Bacteria,Pseudomonadota,Gammaproteobacteria,Methylococcales,Methylothermaceae,0,0
M25,Aegir_M25_B216,NDPGLPLK_10.region001,Terpene,Terpene generic,23,23,Bacteria,Pseudomonadota,Gammaproteobacteria,Methylococcales,Methylothermaceae,0,0
M25,Aegir_M25_B216,NDPGLPLK_29.region001,RiPP,redox-cofactor,22.09,22,Bacteria,Pseudomonadota,Gammaproteobacteria,Methylococcales,Methylothermaceae,0,0
M25,Aegir_M25_B218,OFOBCBEG_11.region001,RiPP,RiPP-like,11.07,13,Archaea,Thermoproteota,Thermoprotei_A,Sulfolobales,Pyrodictiaceae,JBEVCE01,0
M25,Aegir_M25_B221,HDNFIEHE_2.region001,RiPP,RiPP-like,8.1,6,Bacteria,Desulfobacterota,DSM-4660,Desulfatiglandales,JALVZP01,0,0
M25,Aegir_M25_B221,HDNFIEHE_42.region001,RiPP,RiPP-like,11.72,10,Bacteria,Desulfobacterota,DSM-4660,Desulfatiglandales,JALVZP01,0,0
M25,Aegir_M25_B222,IJDCOELN_61.region001,RiPP,RRE-containing,3.64,5,Archaea,Thermoproteota,Thermoprotei_A,Sulfolobales,Desulfurococcaceae,WAML01,0
M25,Aegir_M25_B222,IJDCOELN_81.region001,RiPP,RiPP-like,8.47,11,Archaea,Thermoproteota,Thermoprotei_A,Sulfolobales,Desulfurococcaceae,WAML01,0
M25,Aegir_M25_B224,GOPPLFKP_39.region001,RiPP,RiPP-like,11.75,8,Bacteria,Desulfobacterota,Dissulfuribacteria,Dissulfuribacterales,Dissulfuribacteraceae,Dissulfuribacter,0
M25,Aegir_M25_B224,GOPPLFKP_69.region001,RiPP,RiPP-like,11.76,9,Bacteria,Desulfobacterota,Dissulfuribacteria,Dissulfuribacterales,Dissulfuribacteraceae,Dissulfuribacter,0
M25,Aegir_M25_B224,GOPPLFKP_72.region001,Other,acyl_amino_acids,4.63,2,Bacteria,Desulfobacterota,Dissulfuribacteria,Dissulfuribacterales,Dissulfuribacteraceae,Dissulfuribacter,0
M25,Aegir_M25_B225,IPPMKPGL_94.region001,Other,betalactone,20.34,21,Bacteria,Pseudomonadota,Gammaproteobacteria,Nitrosococcales,Methylophagaceae,0,0
M25,Aegir_M25_B225,IPPMKPGL_19.region001,RiPP,redox-cofactor,8.88,10,Bacteria,Pseudomonadota,Gammaproteobacteria,Nitrosococcales,Methylophagaceae,0,0
M25,Aegir_M25_B225,IPPMKPGL_60.region001,Terpene,Terpene generic,7.29,9,Bacteria,Pseudomonadota,Gammaproteobacteria,Nitrosococcales,Methylophagaceae,0,0
M25,Aegir_M25_B225,IPPMKPGL_80.region001,Terpene,Terpene generic,12.26,14,Bacteria,Pseudomonadota,Gammaproteobacteria,Nitrosococcales,Methylophagaceae,0,0
M25,Aegir_M25_B225,IPPMKPGL_24.region001,RiPP,RiPP-like,10.34,11,Bacteria,Pseudomonadota,Gammaproteobacteria,Nitrosococcales,Methylophagaceae,0,0
M25,Aegir_M25_B226,CMOMDCKF_28.region001,Terpene,Terpene generic,19.78,15,Bacteria,Planctomycetota,UBA1135,UBA1135,UBA1135,JALUVI01,0
M25,Aegir_M25_B228,MMMPPMMI_72.region001,RiPP,RiPP-like,2.1,3,Archaea,Thermoproteota,Thermoprotei_A,Sulfolobales,Acidilobaceae,Calypsonella,0
M25,Aegir_M25_B229,NDFDGGDH_119.region001,RiPP,RiPP-like,10.43,9,Bacteria,Calditrichota,Calditrichia,Calditrichales,Calditrichaceae,Caldithrix,0
M25,Aegir_M25_B229,NDFDGGDH_7.region001,Hybrid,NRPS:T1PKS,103.45,36,Bacteria,Calditrichota,Calditrichia,Calditrichales,Calditrichaceae,Caldithrix,0
M25,Aegir_M25_B229,NDFDGGDH_61.region001,Terpene,Terpene generic,16.74,10,Bacteria,Calditrichota,Calditrichia,Calditrichales,Calditrichaceae,Caldithrix,0
M25,Aegir_M25_B230,KCIFPCKP_76.region001,Other,hydrogen-cyanide,10.09,9,Bacteria,Thermotogota,Thermotogae,Thermotogales,Thermotogaceae,0,0
M25,Aegir_M25_B231,GCMBIIMM_62.region001,RiPP,RiPP-like,11.79,10,Bacteria,Desulfobacterota,Thermodesulfobacteria,Thermodesulfobacteriales,Thermodesulfatatoraceae,Thermodesulfatator_A,0
M25,Aegir_M25_B231,GCMBIIMM_7.region001,Other,acyl_amino_acids,33.76,33,Bacteria,Desulfobacterota,Thermodesulfobacteria,Thermodesulfobacteriales,Thermodesulfatatoraceae,Thermodesulfatator_A,0
M25,Aegir_M25_B231,GCMBIIMM_9.region001,RiPP,RiPP-like,7.04,7,Bacteria,Desulfobacterota,Thermodesulfobacteria,Thermodesulfobacteriales,Thermodesulfatatoraceae,Thermodesulfatator_A,0
M25,Aegir_M25_B232,BDOMIJBA_148.region001,RiPP,RRE-containing,7.51,8,Bacteria,Calditrichota,Calditrichia,Calditrichales,Calditrichaceae,Caldithrix,0
M25,Aegir_M25_B232,BDOMIJBA_152.region001,RiPP,RiPP-like,10.87,9,Bacteria,Calditrichota,Calditrichia,Calditrichales,Calditrichaceae,Caldithrix,0
M25,Aegir_M25_B232,BDOMIJBA_171.region001,Terpene,Terpene generic,16.38,14,Bacteria,Calditrichota,Calditrichia,Calditrichales,Calditrichaceae,Caldithrix,0
M25,Aegir_M25_B237,KDPMIDBH_120.region001,Other,hydrogen-cyanide,6.2,8,Bacteria,Pseudomonadota,Gammaproteobacteria,SZUA-229,SZUA-229,GCA-2746365,0
M25,Aegir_M25_B237,KDPMIDBH_245.region001,RiPP,RiPP-like,7.88,8,Bacteria,Pseudomonadota,Gammaproteobacteria,SZUA-229,SZUA-229,GCA-2746365,0
M25,Aegir_M25_B238,LGMPKPMI_11.region001,RiPP,RiPP-like,10.85,11,Bacteria,Pseudomonadota,Gammaproteobacteria,UWMA-0217,UWMA-0217,JALSHZ01,0
M25,Aegir_M25_B238,LGMPKPMI_3.region001,RiPP,RiPP-like,10.95,12,Bacteria,Pseudomonadota,Gammaproteobacteria,UWMA-0217,UWMA-0217,JALSHZ01,0
M25,Aegir_M25_B239,IEDIOMHP_114.region001,NRP,NRPS-like,27.72,21,Bacteria,Myxococcota,UBA796,UBA796,UBA2385,J125,0
M25,Aegir_M25_B239,IEDIOMHP_43.region001,Polyketide,T3PKS,31.18,28,Bacteria,Myxococcota,UBA796,UBA796,UBA2385,J125,0
M25,Aegir_M25_B239,IEDIOMHP_46.region001,Polyketide,T1PKS,23.04,14,Bacteria,Myxococcota,UBA796,UBA796,UBA2385,J125,0
M25,Aegir_M25_B239,IEDIOMHP_55.region001,Polyketide,T1PKS,46.4,29,Bacteria,Myxococcota,UBA796,UBA796,UBA2385,J125,0
M25,Aegir_M25_B239,IEDIOMHP_5.region001,Polyketide,T1PKS,50.99,36,Bacteria,Myxococcota,UBA796,UBA796,UBA2385,J125,0
M25,Aegir_M25_B239,IEDIOMHP_8.region001,Polyketide,hglE-KS,30.29,14,Bacteria,Myxococcota,UBA796,UBA796,UBA2385,J125,0
M25,Aegir_M25_B239,IEDIOMHP_9.region001,Other,betalactone,33.08,24,Bacteria,Myxococcota,UBA796,UBA796,UBA2385,J125,0
M25,Aegir_M25_B24,NNPGLMIM_126.region001,RiPP,RiPP-like,6.63,8,Bacteria,Pseudomonadota,Gammaproteobacteria,Methylococcales,Methylomonadaceae,QPIN01,0
M25,Aegir_M25_B24,NNPGLMIM_112.region001,Terpene,Terpene generic,5.32,4,Bacteria,Pseudomonadota,Gammaproteobacteria,Methylococcales,Methylomonadaceae,QPIN01,0
M25,Aegir_M25_B24,NNPGLMIM_123.region001,Terpene,Terpene generic,11.15,8,Bacteria,Pseudomonadota,Gammaproteobacteria,Methylococcales,Methylomonadaceae,QPIN01,0
M25,Aegir_M25_B24,NNPGLMIM_36.region001,Other,hydrogen-cyanide,12.8,12,Bacteria,Pseudomonadota,Gammaproteobacteria,Methylococcales,Methylomonadaceae,QPIN01,0
M25,Aegir_M25_B24,NNPGLMIM_23.region001,NRP,NRP generic,43.82,26,Bacteria,Pseudomonadota,Gammaproteobacteria,Methylococcales,Methylomonadaceae,QPIN01,0
M25,Aegir_M25_B24,NNPGLMIM_56.region001,RiPP,RiPP-like,10.85,9,Bacteria,Pseudomonadota,Gammaproteobacteria,Methylococcales,Methylomonadaceae,QPIN01,0
M25,Aegir_M25_B24,NNPGLMIM_169.region001,RiPP,RiPP-like,11.61,10,Bacteria,Pseudomonadota,Gammaproteobacteria,Methylococcales,Methylomonadaceae,QPIN01,0
M25,Aegir_M25_B24,NNPGLMIM_96.region001,Other,arylpolyene,14.72,13,Bacteria,Pseudomonadota,Gammaproteobacteria,Methylococcales,Methylomonadaceae,QPIN01,0
M25,Aegir_M25_B24,NNPGLMIM_30.region001,RiPP,redox-cofactor,18.73,18,Bacteria,Pseudomonadota,Gammaproteobacteria,Methylococcales,Methylomonadaceae,QPIN01,0
M25,Aegir_M25_B241,IDKIGBJD_193.region001,Hybrid,arylpolyene:resorcinol,14.37,16,Bacteria,Bacteroidota,Bacteroidia,Flavobacteriales,Flavobacteriaceae,Lutimonas,0
M25,Aegir_M25_B241,IDKIGBJD_98.region001,RiPP,RRE-containing,16.08,15,Bacteria,Bacteroidota,Bacteroidia,Flavobacteriales,Flavobacteriaceae,Lutimonas,0
M25,Aegir_M25_B241,IDKIGBJD_169.region001,Other,arylpolyene,2.66,3,Bacteria,Bacteroidota,Bacteroidia,Flavobacteriales,Flavobacteriaceae,Lutimonas,0
M25,Aegir_M25_B242,MNNKNLIN_111.region001,RiPP,RRE-containing,20.24,15,Bacteria,Bacteroidota,Bacteroidia,Flavobacteriales,Flavobacteriaceae,S010-17,0
M25,Aegir_M25_B245,MJIPPEME_8.region001,NRP,NRPS-like,29.85,29,Bacteria,Aquificota,Aquificia,Aquificales,Hydrogenothermaceae,JALSSE01,0
M25,Aegir_M25_B245,MJIPPEME_47.region001,RiPP,RiPP-like,10.66,14,Bacteria,Aquificota,Aquificia,Aquificales,Hydrogenothermaceae,JALSSE01,0
M25,Aegir_M25_B245,MJIPPEME_19.region001,RiPP,RiPP-like,10.84,11,Bacteria,Aquificota,Aquificia,Aquificales,Hydrogenothermaceae,JALSSE01,0
M25,Aegir_M25_B247,HDGJHJCB_152.region001,Other,arylpolyene,17.61,20,Bacteria,Desulfobacterota,Dissulfuribacteria,Dissulfuribacterales,QOAL01,0,0
M25,Aegir_M25_B247,HDGJHJCB_184.region001,Other,arylpolyene,9.06,8,Bacteria,Desulfobacterota,Dissulfuribacteria,Dissulfuribacterales,QOAL01,0,0
M25,Aegir_M25_B247,HDGJHJCB_186.region001,RiPP,RiPP-like,11.72,7,Bacteria,Desulfobacterota,Dissulfuribacteria,Dissulfuribacterales,QOAL01,0,0
M25,Aegir_M25_B247,HDGJHJCB_187.region001,RiPP,RiPP-like,7.68,5,Bacteria,Desulfobacterota,Dissulfuribacteria,Dissulfuribacterales,QOAL01,0,0
M25,Aegir_M25_B247,HDGJHJCB_198.region001,Polyketide,T1PKS,2.62,1,Bacteria,Desulfobacterota,Dissulfuribacteria,Dissulfuribacterales,QOAL01,0,0
M25,Aegir_M25_B247,HDGJHJCB_27.region001,Other,arylpolyene,5.83,5,Bacteria,Desulfobacterota,Dissulfuribacteria,Dissulfuribacterales,QOAL01,0,0
M25,Aegir_M25_B247,HDGJHJCB_53.region001,Terpene,Terpene generic,7.75,7,Bacteria,Desulfobacterota,Dissulfuribacteria,Dissulfuribacterales,QOAL01,0,0
M25,Aegir_M25_B247,HDGJHJCB_87.region001,Other,arylpolyene,4.05,6,Bacteria,Desulfobacterota,Dissulfuribacteria,Dissulfuribacterales,QOAL01,0,0
M25,Aegir_M25_B249,APPKEMID_55.region001,Terpene,Terpene generic,20.84,23,Bacteria,Bacteroidota,Bacteroidia,Flavobacteriales,Crocinitomicaceae,UBA4466,UBA4466 sp013373595
M25,Aegir_M25_B25,DLIGJPKI_19.region001,RiPP,RRE-containing,20.28,23,Bacteria,Campylobacterota,Campylobacteria,Campylobacterales,Sulfurimonadaceae,JACXUG01,0
M25,Aegir_M25_B25,DLIGJPKI_32.region001,RiPP,lassopeptide,20.18,19,Bacteria,Campylobacterota,Campylobacteria,Campylobacterales,Sulfurimonadaceae,JACXUG01,0
M25,Aegir_M25_B251,MJNBCPKI_63.region001,RiPP,RiPP-like,4.46,4,Archaea,Thermoproteota,Thermoprotei_A,Sulfolobales,Pyrodictiaceae,WAQM01,0
M25,Aegir_M25_B252,KLFLDMCD_174.region001,Hybrid,lassopeptide:RRE-containing,11.64,12,Bacteria,Pseudomonadota,Gammaproteobacteria,Chromatiales,Chromatiaceae,Achromatium,0
M25,Aegir_M25_B252,KLFLDMCD_176.region001,RiPP,RiPP-like,6.87,8,Bacteria,Pseudomonadota,Gammaproteobacteria,Chromatiales,Chromatiaceae,Achromatium,0
M25,Aegir_M25_B252,KLFLDMCD_203.region001,Other,betalactone,2.83,2,Bacteria,Pseudomonadota,Gammaproteobacteria,Chromatiales,Chromatiaceae,Achromatium,0
M25,Aegir_M25_B254,DFDIHNMG_349.region001,Polyketide,hglE-KS,5.75,3,Bacteria,Chloroflexota,Anaerolineae,Caldilineales,Caldilineaceae,JAJRVT01,0
M25,Aegir_M25_B254,DFDIHNMG_372.region001,Hybrid,lassopeptide:RRE-containing,11.01,10,Bacteria,Chloroflexota,Anaerolineae,Caldilineales,Caldilineaceae,JAJRVT01,0
M25,Aegir_M25_B254,DFDIHNMG_541.region001,RiPP,RRE-containing,9.02,7,Bacteria,Chloroflexota,Anaerolineae,Caldilineales,Caldilineaceae,JAJRVT01,0
M25,Aegir_M25_B255,GLPOFOGI_13.region001,Polyketide,T1PKS,49.61,29,Bacteria,Myxococcota,UBA796,UBA796,CAJQPC01,CAJQPC01,0
M25,Aegir_M25_B255,GLPOFOGI_25.region001,RiPP,RiPP-like,10.87,12,Bacteria,Myxococcota,UBA796,UBA796,CAJQPC01,CAJQPC01,0
M25,Aegir_M25_B255,GLPOFOGI_41.region001,Polyketide,hglE-KS,54.1,41,Bacteria,Myxococcota,UBA796,UBA796,CAJQPC01,CAJQPC01,0
M25,Aegir_M25_B255,GLPOFOGI_69.region001,Polyketide,T3PKS,36.38,30,Bacteria,Myxococcota,UBA796,UBA796,CAJQPC01,CAJQPC01,0
M25,Aegir_M25_B255,GLPOFOGI_83.region001,RiPP,RiPP-like,11.19,14,Bacteria,Myxococcota,UBA796,UBA796,CAJQPC01,CAJQPC01,0
M25,Aegir_M25_B255,GLPOFOGI_65.region001,Polyketide,T3PKS,18.11,14,Bacteria,Myxococcota,UBA796,UBA796,CAJQPC01,CAJQPC01,0
M25,Aegir_M25_B255,GLPOFOGI_105.region001,Other,betalactone,32.99,32,Bacteria,Myxococcota,UBA796,UBA796,CAJQPC01,CAJQPC01,0
M25,Aegir_M25_B255,GLPOFOGI_25.region002,NRP,NRPS-like,35.95,28,Bacteria,Myxococcota,UBA796,UBA796,CAJQPC01,CAJQPC01,0
M25,Aegir_M25_B26,MENBPKOE_56.region001,RiPP,RiPP-like,9.2,11,Bacteria,Chloroflexota,Anaerolineae,Anaerolineales,UBA11858,UBA11858,0
M25,Aegir_M25_B26,MENBPKOE_68.region001,RiPP,RRE-containing,17.02,13,Bacteria,Chloroflexota,Anaerolineae,Anaerolineales,UBA11858,UBA11858,0
M25,Aegir_M25_B27,CEDJFLIO_171.region001,RiPP,ranthipeptide,8.61,12,Bacteria,JALSQH01,JALSQH01,JALSQH01,JALSQH01,JALSQH01,0
M25,Aegir_M25_B29,LCLGOFJB_213.region001,RiPP,RRE-containing,10.82,10,Bacteria,Spirochaetota,Leptospiria,Leptospirales,Leptonemataceae,JAGRNA01,0
M25,Aegir_M25_B32,EPFHNGPE_33.region001,Other,arylpolyene,41.15,35,Bacteria,Bacteroidota,Bacteroidia,Flavobacteriales,Crocinitomicaceae,Putridiphycobacter,0
M25,Aegir_M25_B33,GMCODDEA_19.region001,RiPP,RRE-containing,20.4,13,Archaea,Thermoproteota,Thermoprotei_A,Sulfolobales,Desulfurococcaceae,JALVHX01,0
M25,Aegir_M25_B34,FHCMHAMK_203.region001,Hybrid,PUFA:T1PKS,22.85,11,Bacteria,Chloroflexota,Anaerolineae,Promineifilales,Promineifilaceae,S016-13,0
M25,Aegir_M25_B34,FHCMHAMK_510.region001,Terpene,Terpene generic,15.37,12,Bacteria,Chloroflexota,Anaerolineae,Promineifilales,Promineifilaceae,S016-13,0
M25,Aegir_M25_B34,FHCMHAMK_391.region001,RiPP,RRE-containing,11.01,8,Bacteria,Chloroflexota,Anaerolineae,Promineifilales,Promineifilaceae,S016-13,0
M25,Aegir_M25_B35,MMCIJMOE_28.region001,RiPP,redox-cofactor,3.33,5,Bacteria,Pseudomonadota,Gammaproteobacteria,Methylococcales,Methylothermaceae,Methylohalobius,0
M25,Aegir_M25_B35,MMCIJMOE_60.region001,NRP,NRPS-like,3.89,2,Bacteria,Pseudomonadota,Gammaproteobacteria,Methylococcales,Methylothermaceae,Methylohalobius,0
M25,Aegir_M25_B35,MMCIJMOE_79.region001,RiPP,RiPP-like,6.76,8,Bacteria,Pseudomonadota,Gammaproteobacteria,Methylococcales,Methylothermaceae,Methylohalobius,0
M25,Aegir_M25_B35,MMCIJMOE_138.region001,Terpene,Terpene generic,10.38,11,Bacteria,Pseudomonadota,Gammaproteobacteria,Methylococcales,Methylothermaceae,Methylohalobius,0
M25,Aegir_M25_B36,KIPJBGOE_56.region001,RiPP,RRE-containing,19.81,18,Bacteria,Chloroflexota,Anaerolineae,J102,J102,M2005,0
M25,Aegir_M25_B37,ALJMBEPD_38.region001,Other,nucleoside,20.93,14,Bacteria,Chloroflexota,Anaerolineae,Aggregatilineales,Ch27,JALSTC01,JALSTC01 sp026983935
M25,Aegir_M25_B38,KCLEFMIG_17.region001,Terpene,Terpene generic,22.03,17,Bacteria,Desulfobacterota,DSM-4660,Desulfatiglandales,Desulfatiglandaceae,JAGGTJ01,0
M25,Aegir_M25_B38,KCLEFMIG_18.region001,Other,arylpolyene,41.23,36,Bacteria,Desulfobacterota,DSM-4660,Desulfatiglandales,Desulfatiglandaceae,JAGGTJ01,0
M25,Aegir_M25_B38,KCLEFMIG_18.region002,Other,arylpolyene,42.25,32,Bacteria,Desulfobacterota,DSM-4660,Desulfatiglandales,Desulfatiglandaceae,JAGGTJ01,0
M25,Aegir_M25_B38,KCLEFMIG_28.region001,NRP,NRPS-like,27.73,23,Bacteria,Desulfobacterota,DSM-4660,Desulfatiglandales,Desulfatiglandaceae,JAGGTJ01,0
M25,Aegir_M25_B38,KCLEFMIG_29.region001,RiPP,RiPP-like,8.17,5,Bacteria,Desulfobacterota,DSM-4660,Desulfatiglandales,Desulfatiglandaceae,JAGGTJ01,0
M25,Aegir_M25_B38,KCLEFMIG_34.region001,Hybrid,arylpolyene:resorcinol,48.33,44,Bacteria,Desulfobacterota,DSM-4660,Desulfatiglandales,Desulfatiglandaceae,JAGGTJ01,0
M25,Aegir_M25_B4,LJDOBCNF_117.region001,Terpene,Terpene generic,8.66,12,Bacteria,Bipolaricaulota,Bipolaricaulia,Bipolaricaulales,Bipolaricaulaceae,0,0
M25,Aegir_M25_B40,EJKDLJJF_21.region001,Other,arylpolyene,5.18,5,Bacteria,Bacteroidota,Bacteroidia,Flavobacteriales,Flavobacteriaceae,Lutimonas,0
M25,Aegir_M25_B40,EJKDLJJF_58.region001,Other,resorcinol,3.98,5,Bacteria,Bacteroidota,Bacteroidia,Flavobacteriales,Flavobacteriaceae,Lutimonas,0
M25,Aegir_M25_B40,EJKDLJJF_202.region001,Other,arylpolyene,3.36,5,Bacteria,Bacteroidota,Bacteroidia,Flavobacteriales,Flavobacteriaceae,Lutimonas,0
M25,Aegir_M25_B46,IIHGGKOK_68.region001,Terpene,Terpene generic,21.02,12,Bacteria,Planctomycetota,Planctomycetia,Pirellulales,Pirellulaceae,Mariniblastus,0
M25,Aegir_M25_B46,IIHGGKOK_97.region001,Terpene,Terpene generic,21.52,19,Bacteria,Planctomycetota,Planctomycetia,Pirellulales,Pirellulaceae,Mariniblastus,0
M25,Aegir_M25_B46,IIHGGKOK_3.region001,NRP,NRPS-like,43.4,36,Bacteria,Planctomycetota,Planctomycetia,Pirellulales,Pirellulaceae,Mariniblastus,0
M25,Aegir_M25_B47,LPFNNGLO_158.region001,Terpene,Terpene generic,21.8,17,Bacteria,Planctomycetota,SZUA-567,SZUA-567,JAFGWW01,0,0
M25,Aegir_M25_B48,EOLDCPEM_116.region001,RiPP,RRE-containing,6.89,5,Bacteria,Bacteroidota,Bacteroidia,Bacteroidales,S143-33,S143-33,0
M25,Aegir_M25_B5,PMJAACFD_41.region001,Terpene,Terpene generic,24.36,18,Bacteria,J088,J088,J088,J088,J088,0
M25,Aegir_M25_B5,PMJAACFD_49.region001,Polyketide,T3PKS,41.13,43,Bacteria,J088,J088,J088,J088,J088,0
M25,Aegir_M25_B50,ADKCALKC_20.region001,Other,hserlactone,16.18,19,Bacteria,Pseudomonadota,Gammaproteobacteria,Chromatiales,Sedimenticolaceae,MONJU,0
M25,Aegir_M25_B50,ADKCALKC_31.region001,RiPP,RiPP-like,9.57,9,Bacteria,Pseudomonadota,Gammaproteobacteria,Chromatiales,Sedimenticolaceae,MONJU,0
M25,Aegir_M25_B50,ADKCALKC_51.region001,Polyketide,T1PKS,18.28,10,Bacteria,Pseudomonadota,Gammaproteobacteria,Chromatiales,Sedimenticolaceae,MONJU,0
M25,Aegir_M25_B50,ADKCALKC_6.region001,RiPP,RRE-containing,6.92,6,Bacteria,Pseudomonadota,Gammaproteobacteria,Chromatiales,Sedimenticolaceae,MONJU,0
M25,Aegir_M25_B51,JAIACPEE_13.region001,Hybrid,lassopeptide:RRE-containing,27.4,25,Bacteria,WOR-3,Hydrothermia,WGAB01,WGAB01,WGAB01,0
M25,Aegir_M25_B54,NMEKPIAN_589.region001,RiPP,RRE-containing,9.82,7,Bacteria,Planctomycetota,GCA-002687715,GCA-002687715,DRQF01,DRQF01,0
M25,Aegir_M25_B54,NMEKPIAN_575.region001,Terpene,Terpene generic,9.86,8,Bacteria,Planctomycetota,GCA-002687715,GCA-002687715,DRQF01,DRQF01,0
M25,Aegir_M25_B54,NMEKPIAN_397.region001,RiPP,RiPP-like,6.44,7,Bacteria,Planctomycetota,GCA-002687715,GCA-002687715,DRQF01,DRQF01,0
M25,Aegir_M25_B54,NMEKPIAN_308.region001,RiPP,RiPP-like,2.82,5,Bacteria,Planctomycetota,GCA-002687715,GCA-002687715,DRQF01,DRQF01,0
M25,Aegir_M25_B55,CMAAFGAB_32.region001,NRP,NRPS-like,33.61,35,Bacteria,Pseudomonadota,Gammaproteobacteria,S144-34,S144-34,S144-34,S144-34 sp026989495
M25,Aegir_M25_B55,CMAAFGAB_35.region001,RiPP,RiPP-like,8.36,11,Bacteria,Pseudomonadota,Gammaproteobacteria,S144-34,S144-34,S144-34,S144-34 sp026989495
M25,Aegir_M25_B55,CMAAFGAB_51.region001,Terpene,Terpene generic,15.83,14,Bacteria,Pseudomonadota,Gammaproteobacteria,S144-34,S144-34,S144-34,S144-34 sp026989495
M25,Aegir_M25_B56,NICDANKK_39.region001,NRP,NRP generic,7.48,1,Bacteria,Calditrichota,Calditrichia,RBG-13-44-9,J042,WGBF01,0
M25,Aegir_M25_B56,NICDANKK_56.region001,Hybrid,NRPS:T1PKS,25.45,4,Bacteria,Calditrichota,Calditrichia,RBG-13-44-9,J042,WGBF01,0
M25,Aegir_M25_B56,NICDANKK_66.region001,NRP,NRP generic,6.27,2,Bacteria,Calditrichota,Calditrichia,RBG-13-44-9,J042,WGBF01,0
M25,Aegir_M25_B56,NICDANKK_55.region001,NRP,NRP generic,23.94,4,Bacteria,Calditrichota,Calditrichia,RBG-13-44-9,J042,WGBF01,0
M25,Aegir_M25_B56,NICDANKK_1.region001,NRP,NRP generic,30.56,15,Bacteria,Calditrichota,Calditrichia,RBG-13-44-9,J042,WGBF01,0
M25,Aegir_M25_B56,NICDANKK_51.region001,RiPP,RRE-containing,20.37,20,Bacteria,Calditrichota,Calditrichia,RBG-13-44-9,J042,WGBF01,0
M25,Aegir_M25_B56,NICDANKK_73.region001,Terpene,Terpene generic,17.94,9,Bacteria,Calditrichota,Calditrichia,RBG-13-44-9,J042,WGBF01,0
M25,Aegir_M25_B57,MFBIBGIB_179.region001,RiPP,RRE-containing,6.35,6,Bacteria,Aquificota,Aquificia,Aquificales,QOAS01,QOAS01,0
M25,Aegir_M25_B58,EKAMJCNM_108.region001,Other,hserlactone,12.79,10,Bacteria,Pseudomonadota,Alphaproteobacteria,Rhodobacterales,Rhodobacteraceae,JAAEUB01,0
M25,Aegir_M25_B58,EKAMJCNM_204.region001,Terpene,Terpene generic,18.6,20,Bacteria,Pseudomonadota,Alphaproteobacteria,Rhodobacterales,Rhodobacteraceae,JAAEUB01,0
M25,Aegir_M25_B58,EKAMJCNM_173.region001,Other,hserlactone,5.3,6,Bacteria,Pseudomonadota,Alphaproteobacteria,Rhodobacterales,Rhodobacteraceae,JAAEUB01,0
M25,Aegir_M25_B6,HLLDGPEO_16.region001,RiPP,RRE-containing,9.36,8,Bacteria,Campylobacterota,Campylobacteria,Nautiliales,Nautiliaceae,Caminibacter,0
M25,Aegir_M25_B6,HLLDGPEO_60.region001,RiPP,thiopeptide,24.4,24,Bacteria,Campylobacterota,Campylobacteria,Nautiliales,Nautiliaceae,Caminibacter,0
M25,Aegir_M25_B62,PHHBDHMB_81.region001,RiPP,ranthipeptide,21.27,21,Bacteria,JALSQH01,JALSQH01,JALSQH01,JALSQH01,JALSQH01,0
M25,Aegir_M25_B63,ECEBLJCB_19.region001,RiPP,RiPP-like,5.19,7,Archaea,Thermoproteota,Thermoprotei_A,Sulfolobales,Pyrodictiaceae,Pyrolobus,0
M25,Aegir_M25_B64,NPKIOIOJ_12.region001,NRP,NRPS-like,11.85,12,Bacteria,Aquificota,Aquificia,Aquificales,Hydrogenothermaceae,Persephonella_A,0
M25,Aegir_M25_B64,NPKIOIOJ_34.region001,RiPP,RRE-containing,3.27,3,Bacteria,Aquificota,Aquificia,Aquificales,Hydrogenothermaceae,Persephonella_A,0
M25,Aegir_M25_B65,AJPDMLKK_206.region001,RiPP,redox-cofactor,3.88,4,Bacteria,Pseudomonadota,Gammaproteobacteria,Methylococcales,Methylomonadaceae,QPIN01,QPIN01 sp026988195
M25,Aegir_M25_B65,AJPDMLKK_334.region001,RiPP,RiPP-like,2.52,3,Bacteria,Pseudomonadota,Gammaproteobacteria,Methylococcales,Methylomonadaceae,QPIN01,QPIN01 sp026988195
M25,Aegir_M25_B65,AJPDMLKK_83.region001,Terpene,Terpene generic,9.76,6,Bacteria,Pseudomonadota,Gammaproteobacteria,Methylococcales,Methylomonadaceae,QPIN01,QPIN01 sp026988195
M25,Aegir_M25_B65,AJPDMLKK_341.region001,Polyketide,T1PKS,9.97,2,Bacteria,Pseudomonadota,Gammaproteobacteria,Methylococcales,Methylomonadaceae,QPIN01,QPIN01 sp026988195
M25,Aegir_M25_B66,JDPKAENK_110.region001,Other,arylpolyene,16.45,14,Bacteria,Thermosulfidibacterota,Thermosulfidibacteria,Thermosulfidibacterales,Thermosulfidibacteraceae,Thermosulfidibacter,0
M25,Aegir_M25_B67,FIJJPHGJ_218.region001,RiPP,RiPP-like,3.16,4,Bacteria,Chloroflexota,Anaerolineae,Aggregatilineales,JALXEW01,JALXEW01,0
M25,Aegir_M25_B69,IAAOHMCL_14.region001,RiPP,RiPP-like,11.09,12,Archaea,Thermoproteota,Thermoprotei_A,Sulfolobales,Desulfurococcaceae,WAON01,0
M25,Aegir_M25_B69,IAAOHMCL_9.region001,RiPP,RRE-containing,20.27,21,Archaea,Thermoproteota,Thermoprotei_A,Sulfolobales,Desulfurococcaceae,WAON01,0
M25,Aegir_M25_B7,ICOMKHEL_87.region001,RiPP,RiPP-like,5.99,4,Archaea,Thermoproteota,Thermoprotei_A,Sulfolobales,Desulfurococcaceae,EX4484-58,0
M25,Aegir_M25_B7,ICOMKHEL_90.region001,RiPP,RRE-containing,20.38,13,Archaea,Thermoproteota,Thermoprotei_A,Sulfolobales,Desulfurococcaceae,EX4484-58,0
M25,Aegir_M25_B70,AMOJAIOH_40.region001,Hybrid,NRPS:T1PKS,36.42,13,Bacteria,Bacteroidota,Bacteroidia,Chitinophagales,Saprospiraceae,UBA6168,0
M25,Aegir_M25_B70,AMOJAIOH_8.region001,RiPP,RRE-containing,10.48,10,Bacteria,Bacteroidota,Bacteroidia,Chitinophagales,Saprospiraceae,UBA6168,0
M25,Aegir_M25_B73,FLFHMAHC_121.region001,RiPP,RiPP-like,8.13,7,Bacteria,Desulfobacterota_I,Desulfovibrionia,Desulfovibrionales,Desulfothermaceae,Desulfothermus,0
M25,Aegir_M25_B73,FLFHMAHC_265.region001,RiPP,lanthipeptide,4.77,4,Bacteria,Desulfobacterota_I,Desulfovibrionia,Desulfovibrionales,Desulfothermaceae,Desulfothermus,0
M25,Aegir_M25_B73,FLFHMAHC_117.region001,Other,betalactone,8.81,7,Bacteria,Desulfobacterota_I,Desulfovibrionia,Desulfovibrionales,Desulfothermaceae,Desulfothermus,0
M25,Aegir_M25_B74,PAGHHCMK_117.region001,RiPP,RiPP-like,5.39,5,Bacteria,Campylobacterota,Campylobacteria,Campylobacterales,Sulfurovaceae,Sulfurovum,0
M25,Aegir_M25_B74,PAGHHCMK_288.region001,RiPP,RRE-containing,3.86,8,Bacteria,Campylobacterota,Campylobacteria,Campylobacterales,Sulfurovaceae,Sulfurovum,0
M25,Aegir_M25_B76,MONNEOAI_35.region001,RiPP,RiPP-like,9.26,5,Bacteria,Campylobacterota,Campylobacteria,Campylobacterales,Sulfurovaceae,JAADEQ01,0
M25,Aegir_M25_B77,IHGNANKF_24.region001,RiPP,RiPP-like,6.85,7,Bacteria,Campylobacterota,Campylobacteria,Campylobacterales,Arcobacteraceae,CAIJNA01,0
M25,Aegir_M25_B77,IHGNANKF_46.region001,RiPP,RiPP-like,10.81,9,Bacteria,Campylobacterota,Campylobacteria,Campylobacterales,Arcobacteraceae,CAIJNA01,0
M25,Aegir_M25_B78,EAGGALCG_30.region001,RiPP,ranthipeptide,26,22,Bacteria,Acidobacteriota,Polarisedimenticolia,J045,J045,JAMOQA01,0
M25,Aegir_M25_B78,EAGGALCG_39.region001,RiPP,RRE-containing,20.3,23,Bacteria,Acidobacteriota,Polarisedimenticolia,J045,J045,JAMOQA01,0
M25,Aegir_M25_B78,EAGGALCG_40.region001,RiPP,RRE-containing,18.31,18,Bacteria,Acidobacteriota,Polarisedimenticolia,J045,J045,JAMOQA01,0
M25,Aegir_M25_B78,EAGGALCG_43.region001,RiPP,RRE-containing,20.31,11,Bacteria,Acidobacteriota,Polarisedimenticolia,J045,J045,JAMOQA01,0
M25,Aegir_M25_B78,EAGGALCG_44.region001,Terpene,Terpene generic,15.68,12,Bacteria,Acidobacteriota,Polarisedimenticolia,J045,J045,JAMOQA01,0
M25,Aegir_M25_B78,EAGGALCG_7.region001,Hybrid,arylpolyene:Terpene,41.26,35,Bacteria,Acidobacteriota,Polarisedimenticolia,J045,J045,JAMOQA01,0
M25,Aegir_M25_B79,DGAMHEBP_111.region001,NRP,NRPS-like,42.66,33,Bacteria,Bacteroidota,Bacteroidia,Bacteroidales,UBA1556,0,0
M25,Aegir_M25_B79,DGAMHEBP_29.region001,RiPP,RRE-containing,11.22,7,Bacteria,Bacteroidota,Bacteroidia,Bacteroidales,UBA1556,0,0
M25,Aegir_M25_B8,HKMAABAO_195.region001,Terpene,Terpene generic,17.41,16,Bacteria,Desulfobacterota,Syntrophobacteria,Syntrophobacterales,Thermodesulforhabdaceae,JALXAE01,0
M25,Aegir_M25_B8,HKMAABAO_244.region001,RiPP,RiPP-like,8.08,8,Bacteria,Desulfobacterota,Syntrophobacteria,Syntrophobacterales,Thermodesulforhabdaceae,JALXAE01,0
M25,Aegir_M25_B81,NAMCIKMA_46.region001,RiPP,RRE-containing,20.24,21,Bacteria,WOR-3,Hydrothermia,LBFQ01,LBFQ01,JAADCS01,0
M25,Aegir_M25_B81,NAMCIKMA_27.region001,RiPP,RRE-containing,20.26,16,Bacteria,WOR-3,Hydrothermia,LBFQ01,LBFQ01,JAADCS01,0
M25,Aegir_M25_B81,NAMCIKMA_16.region001,RiPP,RRE-containing,20.27,25,Bacteria,WOR-3,Hydrothermia,LBFQ01,LBFQ01,JAADCS01,0
M25,Aegir_M25_B81,NAMCIKMA_3.region001,RiPP,RRE-containing,20.26,20,Bacteria,WOR-3,Hydrothermia,LBFQ01,LBFQ01,JAADCS01,0
M25,Aegir_M25_B82,JBHLLBPA_36.region001,Other,betalactone,19.64,19,Archaea,Halobacteriota,Archaeoglobi,Archaeoglobales,Archaeoglobaceae,0,0
M25,Aegir_M25_B83,MENCFBOC_108.region001,RiPP,RRE-containing,12.42,11,Bacteria,Myxococcota,UBA9042,PHBI01,JAAZYN01,0,0
M25,Aegir_M25_B83,MENCFBOC_252.region001,Terpene,Terpene generic,6.44,3,Bacteria,Myxococcota,UBA9042,PHBI01,JAAZYN01,0,0
M25,Aegir_M25_B83,MENCFBOC_475.region001,RiPP,RRE-containing,9.98,8,Bacteria,Myxococcota,UBA9042,PHBI01,JAAZYN01,0,0
M25,Aegir_M25_B83,MENCFBOC_561.region001,Other,phosphonate,4.52,4,Bacteria,Myxococcota,UBA9042,PHBI01,JAAZYN01,0,0
M25,Aegir_M25_B84,HDCNPNCJ_12.region001,Terpene,Terpene generic,16.38,14,Bacteria,Pseudomonadota,Alphaproteobacteria,Rhizobiales,Aestuariivirgaceae,Thermopetrobacter,0
M25,Aegir_M25_B84,HDCNPNCJ_14.region001,Other,betalactone,32.55,29,Bacteria,Pseudomonadota,Alphaproteobacteria,Rhizobiales,Aestuariivirgaceae,Thermopetrobacter,0
M25,Aegir_M25_B84,HDCNPNCJ_4.region001,Terpene,Terpene generic,14.85,13,Bacteria,Pseudomonadota,Alphaproteobacteria,Rhizobiales,Aestuariivirgaceae,Thermopetrobacter,0
M25,Aegir_M25_B85,FPNGPMKE_236.region001,RiPP,RRE-containing,2.05,3,Bacteria,WOR-3,Hydrothermia,JBDRYB01,JBDRYB01,0,0
M25,Aegir_M25_B87,DKBJNFLL_109.region001,Other,arylpolyene,26.84,25,Bacteria,Myxococcota,Polyangia,Polyangiales,SG8-38,JALVDI01,0
M25,Aegir_M25_B87,DKBJNFLL_138.region001,RiPP,RiPP-like,7.52,7,Bacteria,Myxococcota,Polyangia,Polyangiales,SG8-38,JALVDI01,0
M25,Aegir_M25_B87,DKBJNFLL_141.region001,Polyketide,hglE-KS,12.39,6,Bacteria,Myxococcota,Polyangia,Polyangiales,SG8-38,JALVDI01,0
M25,Aegir_M25_B87,DKBJNFLL_154.region001,Terpene,Terpene generic,20.94,17,Bacteria,Myxococcota,Polyangia,Polyangiales,SG8-38,JALVDI01,0
M25,Aegir_M25_B87,DKBJNFLL_171.region001,Other,arylpolyene,28.56,27,Bacteria,Myxococcota,Polyangia,Polyangiales,SG8-38,JALVDI01,0
M25,Aegir_M25_B87,DKBJNFLL_178.region001,Polyketide,T3PKS,24.23,22,Bacteria,Myxococcota,Polyangia,Polyangiales,SG8-38,JALVDI01,0
M25,Aegir_M25_B87,DKBJNFLL_219.region001,Terpene,Terpene generic,27.65,18,Bacteria,Myxococcota,Polyangia,Polyangiales,SG8-38,JALVDI01,0
M25,Aegir_M25_B87,DKBJNFLL_22.region001,Terpene,Terpene generic,21.13,17,Bacteria,Myxococcota,Polyangia,Polyangiales,SG8-38,JALVDI01,0
M25,Aegir_M25_B88,PNKOKCJG_2.region001,RiPP,RiPP-like,10.2,11,Bacteria,Campylobacterota,Campylobacteria,Campylobacterales,0,0,0
M25,Aegir_M25_B9,CMHNOBHP_178.region001,NRP,NRPS-like,2.38,2,Bacteria,Pseudomonadota,Gammaproteobacteria,Methylococcales,Cycloclasticaceae,Cycloclasticus,0
M25,Aegir_M25_B9,CMHNOBHP_237.region001,RiPP,RiPP-like,5.1,6,Bacteria,Pseudomonadota,Gammaproteobacteria,Methylococcales,Cycloclasticaceae,Cycloclasticus,0
M25,Aegir_M25_B90,PLEPLBPC_24.region001,NRP,NRPS-like,36.61,33,Bacteria,Aquificota,Aquificia,Aquificales,Aquificaceae,Aquifex,0
M25,Aegir_M25_B90,PLEPLBPC_10.region001,RiPP,RiPP-like,10.35,9,Bacteria,Aquificota,Aquificia,Aquificales,Aquificaceae,Aquifex,0
M25,Aegir_M25_B91,CMMDPEPH_44.region001,RiPP,RRE-containing,6.98,6,Bacteria,Pseudomonadota,Gammaproteobacteria,Arenicellales,Poriferihabitantaceae,0,0
M25,Aegir_M25_B91,CMMDPEPH_48.region001,RiPP,RRE-containing,20.31,19,Bacteria,Pseudomonadota,Gammaproteobacteria,Arenicellales,Poriferihabitantaceae,0,0
M25,Aegir_M25_B91,CMMDPEPH_66.region001,RiPP,RiPP-like,6.83,6,Bacteria,Pseudomonadota,Gammaproteobacteria,Arenicellales,Poriferihabitantaceae,0,0
M25,Aegir_M25_B93,CNKJHFHF_10.region001,Polyketide,T3PKS,36.3,37,Bacteria,Pseudomonadota,Alphaproteobacteria,Geminicoccales,Geminicoccaceae,JALSRW01,0
M25,Aegir_M25_B93,CNKJHFHF_72.region001,NRP,NRPS-like,37.17,36,Bacteria,Pseudomonadota,Alphaproteobacteria,Geminicoccales,Geminicoccaceae,JALSRW01,0
M25,Aegir_M25_B93,CNKJHFHF_8.region001,Hybrid,RiPP-redox-cofactor:thioamitides:thiopeptide,28.58,30,Bacteria,Pseudomonadota,Alphaproteobacteria,Geminicoccales,Geminicoccaceae,JALSRW01,0
M25,Aegir_M25_B95,DNIJFPOO_10.region001,RiPP,RiPP-like,10.85,11,Bacteria,Pseudomonadota,Gammaproteobacteria,GCA-001735895,GCA-001735895,JACNJF01,0
M25,Aegir_M25_B95,DNIJFPOO_34.region001,Other,betalactone,17.57,14,Bacteria,Pseudomonadota,Gammaproteobacteria,GCA-001735895,GCA-001735895,JACNJF01,0
M25,Aegir_M25_B95,DNIJFPOO_63.region001,RiPP,RiPP-like,11.74,7,Bacteria,Pseudomonadota,Gammaproteobacteria,GCA-001735895,GCA-001735895,JACNJF01,0
M25,Aegir_M25_B96,KBGDCNMJ_52.region001,Other,betalactone,27.87,27,Bacteria,J088,J088,J088,0,0,0
M25,Aegir_M25_B98,MHGIKJMM_48.region001,RiPP,RiPP-like,10.84,7,Bacteria,Pseudomonadota,Gammaproteobacteria,Chromatiales,Sedimenticolaceae,Thiolapillus,0
M25,Aegir_M25_B98,MHGIKJMM_76.region001,Other,hserlactone,15.34,13,Bacteria,Pseudomonadota,Gammaproteobacteria,Chromatiales,Sedimenticolaceae,Thiolapillus,0
M25,Aegir_M25_B99,FLKMLDCN_17.region001,Other,acyl_amino_acids,7.83,7,Bacteria,Chloroflexota,Anaerolineae,B4-G1,B4-G1,JALWUZ01,0
M26,Aegir_M26_B11,DLNEDAAN_222.region001,RiPP,RiPP-like,10.85,12,Bacteria,Pseudomonadota,Gammaproteobacteria,Methylococcales,Methylomonadaceae,Methylomarinum,0
M26,Aegir_M26_B11,DLNEDAAN_321.region001,RiPP,RRE-containing,8.47,7,Bacteria,Pseudomonadota,Gammaproteobacteria,Methylococcales,Methylomonadaceae,Methylomarinum,0
M26,Aegir_M26_B11,DLNEDAAN_311.region001,Terpene,Terpene generic,22.25,18,Bacteria,Pseudomonadota,Gammaproteobacteria,Methylococcales,Methylomonadaceae,Methylomarinum,0
M26,Aegir_M26_B11,DLNEDAAN_406.region001,RiPP,redox-cofactor,9.28,12,Bacteria,Pseudomonadota,Gammaproteobacteria,Methylococcales,Methylomonadaceae,Methylomarinum,0
M26,Aegir_M26_B11,DLNEDAAN_159.region001,Other,hserlactone,6.61,7,Bacteria,Pseudomonadota,Gammaproteobacteria,Methylococcales,Methylomonadaceae,Methylomarinum,0
M26,Aegir_M26_B11,DLNEDAAN_351.region001,Other,arylpolyene,7.9,9,Bacteria,Pseudomonadota,Gammaproteobacteria,Methylococcales,Methylomonadaceae,Methylomarinum,0
M26,Aegir_M26_B12,PDFOFEJH_58.region001,RiPP,thiopeptide,15.13,15,Bacteria,Campylobacterota,Campylobacteria,Nautiliales,Nautiliaceae,Caminibacter,0
M26,Aegir_M26_B12,PDFOFEJH_68.region001,RiPP,RRE-containing,9.01,11,Bacteria,Campylobacterota,Campylobacteria,Nautiliales,Nautiliaceae,Caminibacter,0
M26,Aegir_M26_B13,NBAFEPBD_33.region001,RiPP,RRE-containing,7.72,8,Bacteria,Bacteroidota,Bacteroidia,Bacteroidales,JALTDM01,JALTDM01,0
M26,Aegir_M26_B14,GCNNIFNC_205.region001,RiPP,RiPP-like,6.62,8,Bacteria,Pseudomonadota,Gammaproteobacteria,Thiomicrospirales,Thiomicrospiraceae,Sulfurivirga,0
M26,Aegir_M26_B17,PKFAEHIF_155.region001,Other,arylpolyene,7.7,8,Bacteria,Thermosulfidibacterota,Thermosulfidibacteria,Thermosulfidibacterales,Thermosulfidibacteraceae,Thermosulfidibacter,0
M26,Aegir_M26_B18,JCAMHBNC_17.region001,NRP,NRPS-like,32.26,32,Bacteria,Aquificota,Aquificia,Aquificales,Hydrogenothermaceae,Hydrogenothermus,0
M26,Aegir_M26_B18,JCAMHBNC_24.region001,RiPP,RiPP-like,6.1,7,Bacteria,Aquificota,Aquificia,Aquificales,Hydrogenothermaceae,Hydrogenothermus,0
M26,Aegir_M26_B19,HDIEMOMA_43.region001,RiPP,RiPP-like,10.41,9,Bacteria,Campylobacterota,Campylobacteria,Nautiliales,Nautiliaceae,0,0
M26,Aegir_M26_B19,HDIEMOMA_52.region001,RiPP,RRE-containing,20.23,23,Bacteria,Campylobacterota,Campylobacteria,Nautiliales,Nautiliaceae,0,0
M26,Aegir_M26_B2,PCKKCEMC_159.region001,RiPP,RiPP-like,5.74,6,Bacteria,Campylobacterota,Campylobacteria,Campylobacterales,Hydrogenimonadaceae,Hydrogenimonas,0
M26,Aegir_M26_B21,DBAKDGDJ_11.region001,Other,arylpolyene,2.83,3,Bacteria,Campylobacterota,Campylobacteria,Campylobacterales,Sulfurimonadaceae,Sulfurimonas,Sulfurimonas sp030949945
M26,Aegir_M26_B21,DBAKDGDJ_156.region001,RiPP,RiPP-like,3.49,1,Bacteria,Campylobacterota,Campylobacteria,Campylobacterales,Sulfurimonadaceae,Sulfurimonas,Sulfurimonas sp030949945
M26,Aegir_M26_B22,IIPPKNAG_164.region001,Polyketide,T3PKS,14.46,13,Bacteria,Pseudomonadota,Gammaproteobacteria,Thiomicrospirales,Thiomicrospiraceae,Thiosulfativibrio,0
M26,Aegir_M26_B22,IIPPKNAG_28.region001,Other,ectoine,7.58,5,Bacteria,Pseudomonadota,Gammaproteobacteria,Thiomicrospirales,Thiomicrospiraceae,Thiosulfativibrio,0
M26,Aegir_M26_B22,IIPPKNAG_33.region001,RiPP,RiPP-like,4.33,3,Bacteria,Pseudomonadota,Gammaproteobacteria,Thiomicrospirales,Thiomicrospiraceae,Thiosulfativibrio,0
M26,Aegir_M26_B25,LLGPIOIN_20.region001,RiPP,RiPP-like,10.84,13,Bacteria,Aquificota,Aquificia,Aquificales,Hydrogenothermaceae,Hydrogenothermus,0
M26,Aegir_M26_B26,IFPDOPNG_15.region001,Other,betalactone,18.28,15,Bacteria,Pseudomonadota,Gammaproteobacteria,Burkholderiales,Burkholderiaceae,Ralstonia,Ralstonia sp913056305
M26,Aegir_M26_B26,IFPDOPNG_18.region001,RiPP,RiPP-like,10.89,13,Bacteria,Pseudomonadota,Gammaproteobacteria,Burkholderiales,Burkholderiaceae,Ralstonia,Ralstonia sp913056305
M26,Aegir_M26_B26,IFPDOPNG_41.region001,Other,hydrogen-cyanide,12.95,13,Bacteria,Pseudomonadota,Gammaproteobacteria,Burkholderiales,Burkholderiaceae,Ralstonia,Ralstonia sp913056305
M26,Aegir_M26_B26,IFPDOPNG_47.region001,Other,siderophore,29.91,26,Bacteria,Pseudomonadota,Gammaproteobacteria,Burkholderiales,Burkholderiaceae,Ralstonia,Ralstonia sp913056305
M26,Aegir_M26_B26,IFPDOPNG_51.region001,Terpene,Terpene generic,20.89,14,Bacteria,Pseudomonadota,Gammaproteobacteria,Burkholderiales,Burkholderiaceae,Ralstonia,Ralstonia sp913056305
M26,Aegir_M26_B26,IFPDOPNG_51.region002,Other,arylpolyene,41.25,43,Bacteria,Pseudomonadota,Gammaproteobacteria,Burkholderiales,Burkholderiaceae,Ralstonia,Ralstonia sp913056305
M26,Aegir_M26_B26,IFPDOPNG_6.region001,Polyketide,T1PKS,39.47,26,Bacteria,Pseudomonadota,Gammaproteobacteria,Burkholderiales,Burkholderiaceae,Ralstonia,Ralstonia sp913056305
M26,Aegir_M26_B26,IFPDOPNG_6.region002,RiPP,redox-cofactor,22.4,13,Bacteria,Pseudomonadota,Gammaproteobacteria,Burkholderiales,Burkholderiaceae,Ralstonia,Ralstonia sp913056305
M26,Aegir_M26_B27,DNALNJHC_153.region001,Terpene,Terpene generic,12.21,14,Bacteria,Pseudomonadota,Gammaproteobacteria,Nitrosococcales,Methylophagaceae,GCA-002733105,0
M26,Aegir_M26_B27,DNALNJHC_173.region001,Terpene,Terpene generic,2.91,4,Bacteria,Pseudomonadota,Gammaproteobacteria,Nitrosococcales,Methylophagaceae,GCA-002733105,0
M26,Aegir_M26_B27,DNALNJHC_46.region001,RiPP,RiPP-like,3.51,5,Bacteria,Pseudomonadota,Gammaproteobacteria,Nitrosococcales,Methylophagaceae,GCA-002733105,0
M26,Aegir_M26_B27,DNALNJHC_141.region001,RiPP,ranthipeptide,5.18,6,Bacteria,Pseudomonadota,Gammaproteobacteria,Nitrosococcales,Methylophagaceae,GCA-002733105,0
M26,Aegir_M26_B28,FFGAEJMC_80.region001,RiPP,RRE-containing,9.03,8,Bacteria,Bacteroidota,Bacteroidia,Flavobacteriales,JAADED01,JALSPZ01,0
M26,Aegir_M26_B29,IKNLBCIC_9.region001,RiPP,thiopeptide,38.17,33,Bacteria,Campylobacterota,Campylobacteria,Campylobacterales,Sulfurimonadaceae,0,0
M26,Aegir_M26_B3,IODIEGBO_93.region001,Other,resorcinol,6.49,5,Bacteria,Campylobacterota,Campylobacteria,Campylobacterales,Sulfurospirillaceae,Sulfurospirillum_A,0
M26,Aegir_M26_B31,NLIECILF_1.region001,RiPP,RiPP-like,9.47,7,Archaea,Thermoproteota,Thermoprotei_A,Sulfolobales,Pyrodictiaceae,QNYQ01,0
M26,Aegir_M26_B32,KKIHGFKI_59.region001,RiPP,RRE-containing,11.22,12,Bacteria,Aquificota,Aquificia,Aquificales,Hydrogenothermaceae,Persephonella_A,0
M26,Aegir_M26_B32,KKIHGFKI_84.region001,NRP,NRPS-like,8.23,8,Bacteria,Aquificota,Aquificia,Aquificales,Hydrogenothermaceae,Persephonella_A,0
M26,Aegir_M26_B33,MJCJCPAN_204.region001,RiPP,RRE-containing,3.54,4,Bacteria,Pseudomonadota,Gammaproteobacteria,Enterobacterales,Alteromonadaceae,GCA-2401725,0
M26,Aegir_M26_B35,ICMPHAAN_1.region001,Other,betalactone,25.52,30,Archaea,Thermoproteota,Thermoprotei_A,Sulfolobales,Ignicoccaceae,Ignicoccus,0
M26,Aegir_M26_B37,ANFLNNNB_40.region001,RiPP,RiPP-like,11.71,9,Bacteria,Pseudomonadota,Gammaproteobacteria,Thiomicrospirales,Thiomicrospiraceae,Thiomicrorhabdus,0
M26,Aegir_M26_B37,ANFLNNNB_38.region001,Polyketide,T3PKS,35.31,35,Bacteria,Pseudomonadota,Gammaproteobacteria,Thiomicrospirales,Thiomicrospiraceae,Thiomicrorhabdus,0
M26,Aegir_M26_B40,EFHMKIBB_190.region001,RiPP,RRE-containing,9.01,9,Bacteria,Aquificota,Aquificia,Aquificales,QOAS01,QOAS01,0
M26,Aegir_M26_B42,LIECIJKJ_120.region001,RiPP,RiPP-like,2.98,3,Bacteria,Thermotogota,Thermotogae,Petrotogales,Petrotogaceae,Marinitoga,0
M26,Aegir_M26_B46,NJMACCPO_14.region001,RiPP,RiPP-like,6.93,6,Archaea,Thermoproteota,Thermoprotei_A,Sulfolobales,Pyrodictiaceae,QNYQ01,0
M26,Aegir_M26_B47,JFIMMOHC_85.region001,RiPP,RiPP-like,4.96,4,Bacteria,Campylobacterota,Campylobacteria,Campylobacterales,Sulfurimonadaceae,Sulfurimonas,0
M26,Aegir_M26_B47,JFIMMOHC_129.region001,Other,hserlactone,13.4,15,Bacteria,Campylobacterota,Campylobacteria,Campylobacterales,Sulfurimonadaceae,Sulfurimonas,0
M26,Aegir_M26_B5,BDHJOFGG_132.region001,RiPP,RRE-containing,18.81,19,Bacteria,Aquificota,Aquificia,Aquificales,Hydrogenothermaceae,QNZC01,0
M26,Aegir_M26_B6,CBOPLNHK_55.region001,RiPP,RRE-containing,2.58,6,Bacteria,Campylobacterota,Campylobacteria,Nautiliales,JAADDX01,0,0
M26,Aegir_M26_B8,JGFOAEIO_1.region001,RiPP,RRE-containing,16.05,15,Bacteria,Campylobacterota,Campylobacteria,Campylobacterales,0,0,0
M36,Aegir_M36_B1,KLDNEJDF_28.region001,RiPP,RiPP-like,10.88,12,Bacteria,Pseudomonadota,Gammaproteobacteria,Methylococcales,Cycloclasticaceae,Cycloclasticus,0
M36,Aegir_M36_B1,KLDNEJDF_34.region001,Other,hserlactone,20.68,23,Bacteria,Pseudomonadota,Gammaproteobacteria,Methylococcales,Cycloclasticaceae,Cycloclasticus,0
M36,Aegir_M36_B1,KLDNEJDF_26.region001,RiPP,redox-cofactor,22.09,24,Bacteria,Pseudomonadota,Gammaproteobacteria,Methylococcales,Cycloclasticaceae,Cycloclasticus,0
M36,Aegir_M36_B10,DFGJMDKL_248.region001,Other,hydrogen-cyanide,7.03,5,Bacteria,Bacteroidota,Bacteroidia,Bacteroidales,Salinivirgaceae,0,0
M36,Aegir_M36_B10,DFGJMDKL_346.region001,RiPP,RRE-containing,4.98,3,Bacteria,Bacteroidota,Bacteroidia,Bacteroidales,Salinivirgaceae,0,0
M36,Aegir_M36_B11,IHMCLFFE_526.region001,RiPP,ranthipeptide,2.37,3,Bacteria,Bacteroidota,Bacteroidia,Cytophagales,JAHDFW01,0,0
M36,Aegir_M36_B12,GOFJAIOF_85.region001,RiPP,RiPP-like,11.51,9,Bacteria,Pseudomonadota,Gammaproteobacteria,Nitrosococcales,Methylophagaceae,GCA-002733105,0
M36,Aegir_M36_B12,GOFJAIOF_195.region001,Other,ectoine,10.39,6,Bacteria,Pseudomonadota,Gammaproteobacteria,Nitrosococcales,Methylophagaceae,GCA-002733105,0
M36,Aegir_M36_B12,GOFJAIOF_12.region001,RiPP,redox-cofactor,5.71,6,Bacteria,Pseudomonadota,Gammaproteobacteria,Nitrosococcales,Methylophagaceae,GCA-002733105,0
M36,Aegir_M36_B13,IKNLIDBL_119.region001,RiPP,RiPP-like,8.47,10,Bacteria,Pseudomonadota,Gammaproteobacteria,Thiotrichales,Thiotrichaceae,Cocleimonas,0
M36,Aegir_M36_B13,IKNLIDBL_3.region001,Polyketide,T1PKS,33.23,22,Bacteria,Pseudomonadota,Gammaproteobacteria,Thiotrichales,Thiotrichaceae,Cocleimonas,0
M36,Aegir_M36_B13,IKNLIDBL_46.region001,RiPP,RiPP-like,9.72,13,Bacteria,Pseudomonadota,Gammaproteobacteria,Thiotrichales,Thiotrichaceae,Cocleimonas,0
M36,Aegir_M36_B13,IKNLIDBL_88.region001,RiPP,RiPP-like,7.36,11,Bacteria,Pseudomonadota,Gammaproteobacteria,Thiotrichales,Thiotrichaceae,Cocleimonas,0
M36,Aegir_M36_B15,LAPKCFCO_118.region001,RiPP,RRE-containing,12.71,10,Bacteria,Myxococcota,Polyangia,HGW-17,HGW-17,0,0
M36,Aegir_M36_B15,LAPKCFCO_24.region001,Other,hydrogen-cyanide,13.23,12,Bacteria,Myxococcota,Polyangia,HGW-17,HGW-17,0,0
M36,Aegir_M36_B15,LAPKCFCO_69.region001,RiPP,ranthipeptide,13.31,9,Bacteria,Myxococcota,Polyangia,HGW-17,HGW-17,0,0
M36,Aegir_M36_B17,PFPLAJGA_35.region001,Other,resorcinol,41.15,36,Bacteria,Pseudomonadota,Gammaproteobacteria,Nitrosococcales,Methylophagaceae,GCA-002733105,0
M36,Aegir_M36_B17,PFPLAJGA_24.region001,RiPP,redox-cofactor,22.2,24,Bacteria,Pseudomonadota,Gammaproteobacteria,Nitrosococcales,Methylophagaceae,GCA-002733105,0
M36,Aegir_M36_B17,PFPLAJGA_30.region001,Terpene,Terpene generic,11.77,13,Bacteria,Pseudomonadota,Gammaproteobacteria,Nitrosococcales,Methylophagaceae,GCA-002733105,0
M36,Aegir_M36_B17,PFPLAJGA_84.region001,RiPP,RiPP-like,7.04,4,Bacteria,Pseudomonadota,Gammaproteobacteria,Nitrosococcales,Methylophagaceae,GCA-002733105,0
M36,Aegir_M36_B17,PFPLAJGA_98.region001,Terpene,Terpene generic,20.81,19,Bacteria,Pseudomonadota,Gammaproteobacteria,Nitrosococcales,Methylophagaceae,GCA-002733105,0
M36,Aegir_M36_B19,DMJMMPGP_85.region001,Hybrid,arylpolyene:resorcinol,44.88,46,Bacteria,Bacteroidota,Bacteroidia,Flavobacteriales,Flavobacteriaceae,S010-17,0
M36,Aegir_M36_B2,NDAJAKLO_137.region001,NRP,NRP generic,15.09,6,Bacteria,Desulfobacterota,Desulfobacteria,Desulfobacterales,Desulfobacteraceae,Desulfobacula,0
M36,Aegir_M36_B2,NDAJAKLO_144.region001,Polyketide,T1PKS,16.47,5,Bacteria,Desulfobacterota,Desulfobacteria,Desulfobacterales,Desulfobacteraceae,Desulfobacula,0
M36,Aegir_M36_B2,NDAJAKLO_163.region001,Other,hydrogen-cyanide,12.84,12,Bacteria,Desulfobacterota,Desulfobacteria,Desulfobacterales,Desulfobacteraceae,Desulfobacula,0
M36,Aegir_M36_B2,NDAJAKLO_217.region001,RiPP,RiPP-like,10.44,10,Bacteria,Desulfobacterota,Desulfobacteria,Desulfobacterales,Desulfobacteraceae,Desulfobacula,0
M36,Aegir_M36_B2,NDAJAKLO_47.region001,Polyketide,hglE-KS,22.04,13,Bacteria,Desulfobacterota,Desulfobacteria,Desulfobacterales,Desulfobacteraceae,Desulfobacula,0
M36,Aegir_M36_B2,NDAJAKLO_97.region001,Polyketide,hglE-KS,6.73,2,Bacteria,Desulfobacterota,Desulfobacteria,Desulfobacterales,Desulfobacteraceae,Desulfobacula,0
M36,Aegir_M36_B2,NDAJAKLO_9.region001,Other,betalactone,32.35,25,Bacteria,Desulfobacterota,Desulfobacteria,Desulfobacterales,Desulfobacteraceae,Desulfobacula,0
M36,Aegir_M36_B2,NDAJAKLO_174.region001,Other,betalactone,15.69,14,Bacteria,Desulfobacterota,Desulfobacteria,Desulfobacterales,Desulfobacteraceae,Desulfobacula,0
M36,Aegir_M36_B20,MGLIJNGM_128.region001,RiPP,RiPP-like,4.16,3,Bacteria,Campylobacterota,Campylobacteria,Campylobacterales,Sulfurovaceae,Sulfurovum,0
M36,Aegir_M36_B20,MGLIJNGM_5.region001,RiPP,RRE-containing,12.24,18,Bacteria,Campylobacterota,Campylobacteria,Campylobacterales,Sulfurovaceae,Sulfurovum,0
M36,Aegir_M36_B21,KFOBHDBC_645.region001,RiPP,sactipeptide,10.51,6,Bacteria,Chloroflexota,Anaerolineae,Promineifilales,Promineifilaceae,JAJRTP01,0
M36,Aegir_M36_B21,KFOBHDBC_426.region001,Terpene,Terpene generic,11.74,9,Bacteria,Chloroflexota,Anaerolineae,Promineifilales,Promineifilaceae,JAJRTP01,0
M36,Aegir_M36_B23,KFHHGAEL_190.region001,Terpene,Terpene generic,9.79,11,Bacteria,Pseudomonadota,Alphaproteobacteria,Rhodobacterales,Rhodobacteraceae,UBA3077,0
M36,Aegir_M36_B23,KFHHGAEL_85.region001,RiPP,RiPP-like,8.29,8,Bacteria,Pseudomonadota,Alphaproteobacteria,Rhodobacterales,Rhodobacteraceae,UBA3077,0
M36,Aegir_M36_B23,KFHHGAEL_205.region001,RiPP,RiPP-like,6.92,9,Bacteria,Pseudomonadota,Alphaproteobacteria,Rhodobacterales,Rhodobacteraceae,UBA3077,0
M36,Aegir_M36_B23,KFHHGAEL_187.region001,Other,hserlactone,14.85,14,Bacteria,Pseudomonadota,Alphaproteobacteria,Rhodobacterales,Rhodobacteraceae,UBA3077,0
M36,Aegir_M36_B24,DHGLLEPI_55.region001,Other,arylpolyene,17.58,16,Bacteria,Bacteroidota,Bacteroidia,Flavobacteriales,Salibacteraceae,CAJXZP01,0
M36,Aegir_M36_B24,DHGLLEPI_171.region001,Hybrid,arylpolyene:resorcinol,62.04,57,Bacteria,Bacteroidota,Bacteroidia,Flavobacteriales,Salibacteraceae,CAJXZP01,0
M36,Aegir_M36_B26,GAOBNHDM_388.region001,Other,arylpolyene,2.9,3,Bacteria,Bacteroidota,Bacteroidia,Flavobacteriales,Vicingaceae,GCA-002793235,0
M36,Aegir_M36_B26,GAOBNHDM_142.region001,Other,arylpolyene,2.18,2,Bacteria,Bacteroidota,Bacteroidia,Flavobacteriales,Vicingaceae,GCA-002793235,0
M36,Aegir_M36_B28,POOKNHCI_102.region001,Terpene,Terpene generic,26.52,16,Bacteria,Myxococcota,Polyangia,Polyangiales,SG8-38,JAADHO01,0
M36,Aegir_M36_B28,POOKNHCI_264.region001,Polyketide,HR-T2PKS,11.7,11,Bacteria,Myxococcota,Polyangia,Polyangiales,SG8-38,JAADHO01,0
M36,Aegir_M36_B28,POOKNHCI_16.region001,Other,arylpolyene,49.61,46,Bacteria,Myxococcota,Polyangia,Polyangiales,SG8-38,JAADHO01,0
M36,Aegir_M36_B28,POOKNHCI_50.region001,Polyketide,hglE-KS,48.71,31,Bacteria,Myxococcota,Polyangia,Polyangiales,SG8-38,JAADHO01,0
M36,Aegir_M36_B28,POOKNHCI_226.region001,RiPP,RiPP-like,8.29,6,Bacteria,Myxococcota,Polyangia,Polyangiales,SG8-38,JAADHO01,0
M36,Aegir_M36_B28,POOKNHCI_182.region001,Polyketide,T3PKS,35.65,29,Bacteria,Myxococcota,Polyangia,Polyangiales,SG8-38,JAADHO01,0
M36,Aegir_M36_B3,IJGCPAEO_174.region001,Other,arylpolyene,5.42,7,Bacteria,Bacteroidota,Bacteroidia,Bacteroidales,UBA1556,4572-112,0
M36,Aegir_M36_B3,IJGCPAEO_33.region001,Other,resorcinol,4.19,4,Bacteria,Bacteroidota,Bacteroidia,Bacteroidales,UBA1556,4572-112,0
M36,Aegir_M36_B3,IJGCPAEO_432.region001,RiPP,RRE-containing,3.2,2,Bacteria,Bacteroidota,Bacteroidia,Bacteroidales,UBA1556,4572-112,0
M36,Aegir_M36_B3,IJGCPAEO_63.region001,Other,arylpolyene,5.73,6,Bacteria,Bacteroidota,Bacteroidia,Bacteroidales,UBA1556,4572-112,0
M36,Aegir_M36_B3,IJGCPAEO_66.region001,Other,arylpolyene,14.79,14,Bacteria,Bacteroidota,Bacteroidia,Bacteroidales,UBA1556,4572-112,0
M36,Aegir_M36_B33,HDDLGHFE_4.region001,Terpene,Terpene generic,6.71,6,Bacteria,Pseudomonadota,Alphaproteobacteria,Rhodobacterales,Rhodobacteraceae,UBA3077,0
M36,Aegir_M36_B33,HDDLGHFE_85.region001,RiPP,RiPP-like,10.83,13,Bacteria,Pseudomonadota,Alphaproteobacteria,Rhodobacterales,Rhodobacteraceae,UBA3077,0
M36,Aegir_M36_B33,HDDLGHFE_7.region001,RiPP,thiopeptide,29.02,29,Bacteria,Pseudomonadota,Alphaproteobacteria,Rhodobacterales,Rhodobacteraceae,UBA3077,0
M36,Aegir_M36_B33,HDDLGHFE_17.region001,Other,hserlactone,15.6,13,Bacteria,Pseudomonadota,Alphaproteobacteria,Rhodobacterales,Rhodobacteraceae,UBA3077,0
M36,Aegir_M36_B34,CHHKDDGB_15.region001,Polyketide,hglE-KS,54.1,41,Bacteria,Myxococcota,UBA796,UBA796,CAJQPC01,CAJQPC01,0
M36,Aegir_M36_B34,CHHKDDGB_23.region001,Other,betalactone,32.99,32,Bacteria,Myxococcota,UBA796,UBA796,CAJQPC01,CAJQPC01,0
M36,Aegir_M36_B34,CHHKDDGB_24.region001,Polyketide,T1PKS,49.61,29,Bacteria,Myxococcota,UBA796,UBA796,CAJQPC01,CAJQPC01,0
M36,Aegir_M36_B34,CHHKDDGB_45.region001,RiPP,RiPP-like,10.87,12,Bacteria,Myxococcota,UBA796,UBA796,CAJQPC01,CAJQPC01,0
M36,Aegir_M36_B34,CHHKDDGB_45.region002,NRP,NRPS-like,44.68,38,Bacteria,Myxococcota,UBA796,UBA796,CAJQPC01,CAJQPC01,0
M36,Aegir_M36_B34,CHHKDDGB_67.region001,Polyketide,T3PKS,20.95,18,Bacteria,Myxococcota,UBA796,UBA796,CAJQPC01,CAJQPC01,0
M36,Aegir_M36_B34,CHHKDDGB_6.region001,RiPP,RiPP-like,11.19,14,Bacteria,Myxococcota,UBA796,UBA796,CAJQPC01,CAJQPC01,0
M36,Aegir_M36_B34,CHHKDDGB_8.region001,Polyketide,T3PKS,18.05,16,Bacteria,Myxococcota,UBA796,UBA796,CAJQPC01,CAJQPC01,0
M36,Aegir_M36_B35,APLIPKFB_178.region001,RiPP,RRE-containing,15.24,16,Bacteria,Calditrichota,Calditrichia,Calditrichales,Calditrichaceae,JANTFQ01,0
M36,Aegir_M36_B35,APLIPKFB_17.region001,Terpene,Terpene generic,5,4,Bacteria,Calditrichota,Calditrichia,Calditrichales,Calditrichaceae,JANTFQ01,0
M36,Aegir_M36_B35,APLIPKFB_58.region001,NRP,NRP generic,28.85,19,Bacteria,Calditrichota,Calditrichia,Calditrichales,Calditrichaceae,JANTFQ01,0
M36,Aegir_M36_B35,APLIPKFB_105.region001,NRP,NRP generic,37.79,7,Bacteria,Calditrichota,Calditrichia,Calditrichales,Calditrichaceae,JANTFQ01,0
M36,Aegir_M36_B35,APLIPKFB_119.region001,Hybrid,NRPS:T1PKS,46.01,21,Bacteria,Calditrichota,Calditrichia,Calditrichales,Calditrichaceae,JANTFQ01,0
M36,Aegir_M36_B36,LDCPKHLH_297.region001,Other,nucleoside,6.63,8,Bacteria,Chloroflexota,Anaerolineae,B4-G1,DUEL01,JBDOIF01,0
M36,Aegir_M36_B37,BIGHILKH_292.region001,RiPP,RiPP-like,6.04,7,Bacteria,Chloroflexota,Anaerolineae,Aggregatilineales,JALXEW01,JALXEW01,0
M36,Aegir_M36_B38,AIHPAFBK_13.region001,RiPP,RiPP-like,9.72,10,Bacteria,Pseudomonadota,Gammaproteobacteria,Thiomicrospirales,Thiomicrospiraceae,Thiosulfativibrio,0
M36,Aegir_M36_B38,AIHPAFBK_1.region001,Other,ectoine,10.4,10,Bacteria,Pseudomonadota,Gammaproteobacteria,Thiomicrospirales,Thiomicrospiraceae,Thiosulfativibrio,0
M36,Aegir_M36_B38,AIHPAFBK_26.region001,Polyketide,T3PKS,24.33,24,Bacteria,Pseudomonadota,Gammaproteobacteria,Thiomicrospirales,Thiomicrospiraceae,Thiosulfativibrio,0
M36,Aegir_M36_B38,AIHPAFBK_78.region001,RiPP,RiPP-like,7.24,5,Bacteria,Pseudomonadota,Gammaproteobacteria,Thiomicrospirales,Thiomicrospiraceae,Thiosulfativibrio,0
M36,Aegir_M36_B39,EJJLEDJN_13.region001,Other,hydrogen-cyanide,13.22,9,Bacteria,Cloacimonadota,Cloacimonadia,Cloacimonadales,JAMOQM01,JAMOQM01,0
M36,Aegir_M36_B4,MFMOEDNK_190.region001,RiPP,RRE-containing,11.82,9,Bacteria,Bacteroidota,Bacteroidia,Bacteroidales,NBLH01,NBLH01,0
M36,Aegir_M36_B4,MFMOEDNK_230.region001,RiPP,RRE-containing,16.02,13,Bacteria,Bacteroidota,Bacteroidia,Bacteroidales,NBLH01,NBLH01,0
M36,Aegir_M36_B40,MACFFGIF_121.region001,Other,arylpolyene,9.13,12,Bacteria,Pseudomonadota,Gammaproteobacteria,Methylococcales,Methylomonadaceae,Methyloprofundus,0
M36,Aegir_M36_B40,MACFFGIF_64.region001,RiPP,RiPP-like,8.8,12,Bacteria,Pseudomonadota,Gammaproteobacteria,Methylococcales,Methylomonadaceae,Methyloprofundus,0
M36,Aegir_M36_B40,MACFFGIF_25.region001,Terpene,Terpene generic,19.13,16,Bacteria,Pseudomonadota,Gammaproteobacteria,Methylococcales,Methylomonadaceae,Methyloprofundus,0
M36,Aegir_M36_B40,MACFFGIF_20.region001,RiPP,redox-cofactor,17.14,15,Bacteria,Pseudomonadota,Gammaproteobacteria,Methylococcales,Methylomonadaceae,Methyloprofundus,0
M36,Aegir_M36_B41,ONIHFDBF_163.region001,Other,arylpolyene,8.48,9,Bacteria,Pseudomonadota,Gammaproteobacteria,Methylococcales,Methylomonadaceae,Methyloprofundus,Methyloprofundus sp900128525
M36,Aegir_M36_B41,ONIHFDBF_73.region001,RiPP,RiPP-like,7.53,6,Bacteria,Pseudomonadota,Gammaproteobacteria,Methylococcales,Methylomonadaceae,Methyloprofundus,Methyloprofundus sp900128525
M36,Aegir_M36_B41,ONIHFDBF_135.region001,NRP,NRPS-like,23.59,22,Bacteria,Pseudomonadota,Gammaproteobacteria,Methylococcales,Methylomonadaceae,Methyloprofundus,Methyloprofundus sp900128525
M36,Aegir_M36_B41,ONIHFDBF_136.region001,RiPP,redox-cofactor,17.5,17,Bacteria,Pseudomonadota,Gammaproteobacteria,Methylococcales,Methylomonadaceae,Methyloprofundus,Methyloprofundus sp900128525
M36,Aegir_M36_B41,ONIHFDBF_122.region001,Terpene,Terpene generic,22.32,18,Bacteria,Pseudomonadota,Gammaproteobacteria,Methylococcales,Methylomonadaceae,Methyloprofundus,Methyloprofundus sp900128525
M36,Aegir_M36_B42,CENODMGI_107.region001,Hybrid,arylpolyene:resorcinol,7.86,11,Bacteria,Bacteroidota,Bacteroidia,Flavobacteriales,Vicingaceae,GCA-002793235,0
M36,Aegir_M36_B42,CENODMGI_209.region001,Other,arylpolyene,10.35,8,Bacteria,Bacteroidota,Bacteroidia,Flavobacteriales,Vicingaceae,GCA-002793235,0
M36,Aegir_M36_B42,CENODMGI_45.region001,RiPP,RiPP-like,9.29,6,Bacteria,Bacteroidota,Bacteroidia,Flavobacteriales,Vicingaceae,GCA-002793235,0
M36,Aegir_M36_B42,CENODMGI_86.region001,RiPP,RiPP-like,7.64,7,Bacteria,Bacteroidota,Bacteroidia,Flavobacteriales,Vicingaceae,GCA-002793235,0
M36,Aegir_M36_B43,LKNDKLPM_155.region001,RiPP,RRE-containing,15.06,12,Bacteria,Myxococcota,UBA9042,PHBI01,PHBI01,CALHXW01,0
M36,Aegir_M36_B43,LKNDKLPM_173.region001,Hybrid,RiPP-like:RRE-containing,16.03,14,Bacteria,Myxococcota,UBA9042,PHBI01,PHBI01,CALHXW01,0
M36,Aegir_M36_B43,LKNDKLPM_299.region001,Polyketide,T3PKS,20.77,21,Bacteria,Myxococcota,UBA9042,PHBI01,PHBI01,CALHXW01,0
M36,Aegir_M36_B43,LKNDKLPM_314.region001,RiPP,RiPP-like,11.73,7,Bacteria,Myxococcota,UBA9042,PHBI01,PHBI01,CALHXW01,0
M36,Aegir_M36_B43,LKNDKLPM_364.region001,Polyketide,T1PKS,21.88,16,Bacteria,Myxococcota,UBA9042,PHBI01,PHBI01,CALHXW01,0
M36,Aegir_M36_B43,LKNDKLPM_402.region001,Terpene,Terpene generic,25.48,17,Bacteria,Myxococcota,UBA9042,PHBI01,PHBI01,CALHXW01,0
M36,Aegir_M36_B43,LKNDKLPM_509.region001,RiPP,RiPP-like,10.59,12,Bacteria,Myxococcota,UBA9042,PHBI01,PHBI01,CALHXW01,0
M36,Aegir_M36_B43,LKNDKLPM_524.region001,RiPP,RiPP-like,12.2,9,Bacteria,Myxococcota,UBA9042,PHBI01,PHBI01,CALHXW01,0
M36,Aegir_M36_B44,GAILNMON_187.region001,Other,hserlactone,19.58,24,Bacteria,Pseudomonadota,Alphaproteobacteria,Rhodobacterales,Rhodobacteraceae,Profundibacter,Profundibacter amoris
M36,Aegir_M36_B44,GAILNMON_94.region001,Other,hserlactone,14.33,13,Bacteria,Pseudomonadota,Alphaproteobacteria,Rhodobacterales,Rhodobacteraceae,Profundibacter,Profundibacter amoris
M36,Aegir_M36_B44,GAILNMON_203.region001,RiPP,RiPP-like,8.81,10,Bacteria,Pseudomonadota,Alphaproteobacteria,Rhodobacterales,Rhodobacteraceae,Profundibacter,Profundibacter amoris
M36,Aegir_M36_B45,KCAABIEO_135.region001,Polyketide,T1PKS,11.06,4,Bacteria,Bacteroidota,Bacteroidia,Cytophagales,Bernardetiaceae,0,0
M36,Aegir_M36_B45,KCAABIEO_7.region001,Polyketide,T1PKS,9.33,5,Bacteria,Bacteroidota,Bacteroidia,Cytophagales,Bernardetiaceae,0,0
M36,Aegir_M36_B45,KCAABIEO_245.region001,NRP,CDPS,10.74,13,Bacteria,Bacteroidota,Bacteroidia,Cytophagales,Bernardetiaceae,0,0
M36,Aegir_M36_B46,AODPIKDL_104.region001,RiPP,RiPP-like,10.94,10,Bacteria,Myxococcota,UBA727,UBA727,JAUIJE01,0,0
M36,Aegir_M36_B46,AODPIKDL_115.region001,NRP,NRPS-like,25.55,18,Bacteria,Myxococcota,UBA727,UBA727,JAUIJE01,0,0
M36,Aegir_M36_B46,AODPIKDL_123.region001,Other,resorcinol,42.02,33,Bacteria,Myxococcota,UBA727,UBA727,JAUIJE01,0,0
M36,Aegir_M36_B46,AODPIKDL_136.region001,Terpene,Terpene generic,17.89,11,Bacteria,Myxococcota,UBA727,UBA727,JAUIJE01,0,0
M36,Aegir_M36_B46,AODPIKDL_136.region002,Other,betalactone,21.42,15,Bacteria,Myxococcota,UBA727,UBA727,JAUIJE01,0,0
M36,Aegir_M36_B46,AODPIKDL_155.region001,RiPP,RiPP-like,10.85,9,Bacteria,Myxococcota,UBA727,UBA727,JAUIJE01,0,0
M36,Aegir_M36_B46,AODPIKDL_47.region001,RiPP,ranthipeptide,29.2,25,Bacteria,Myxococcota,UBA727,UBA727,JAUIJE01,0,0
M36,Aegir_M36_B46,AODPIKDL_58.region001,NRP,NRPS-like,27.2,18,Bacteria,Myxococcota,UBA727,UBA727,JAUIJE01,0,0
M36,Aegir_M36_B46,AODPIKDL_61.region001,RiPP,RiPP-like,11.16,12,Bacteria,Myxococcota,UBA727,UBA727,JAUIJE01,0,0
M36,Aegir_M36_B46,AODPIKDL_6.region001,Polyketide,hglE-KS,40.6,25,Bacteria,Myxococcota,UBA727,UBA727,JAUIJE01,0,0
M36,Aegir_M36_B48,IGGOJNFL_133.region001,Other,acyl_amino_acids,3.2,4,Bacteria,Campylobacterota,Campylobacteria,Campylobacterales,Sulfurospirillaceae,Sulfurospirillum_A,0
M36,Aegir_M36_B48,IGGOJNFL_34.region001,RiPP,RiPP-like,2.64,4,Bacteria,Campylobacterota,Campylobacteria,Campylobacterales,Sulfurospirillaceae,Sulfurospirillum_A,0
M36,Aegir_M36_B48,IGGOJNFL_15.region001,Other,arylpolyene,6.05,6,Bacteria,Campylobacterota,Campylobacteria,Campylobacterales,Sulfurospirillaceae,Sulfurospirillum_A,0
M36,Aegir_M36_B49,CFBHPGFJ_56.region001,Hybrid,arylpolyene:resorcinol,51.9,51,Bacteria,Bacteroidota,Bacteroidia,Flavobacteriales,Flavobacteriaceae,GCA-002733185,0
M36,Aegir_M36_B49,CFBHPGFJ_64.region001,RiPP,RRE-containing,19.61,18,Bacteria,Bacteroidota,Bacteroidia,Flavobacteriales,Flavobacteriaceae,GCA-002733185,0
M36,Aegir_M36_B5,NNMJOBBE_320.region001,Other,resorcinol,11.18,13,Bacteria,Desulfobacterota,Desulfuromonadia,Desulfuromonadales,Geopsychrobacteraceae,Desulfuromusa,0
M36,Aegir_M36_B5,NNMJOBBE_227.region001,Other,arylpolyene,9.68,9,Bacteria,Desulfobacterota,Desulfuromonadia,Desulfuromonadales,Geopsychrobacteraceae,Desulfuromusa,0
M36,Aegir_M36_B5,NNMJOBBE_392.region001,Polyketide,hglE-KS,8.72,2,Bacteria,Desulfobacterota,Desulfuromonadia,Desulfuromonadales,Geopsychrobacteraceae,Desulfuromusa,0
M36,Aegir_M36_B50,ECGDAIFI_37.region001,RiPP,lanthipeptide,16.25,14,Bacteria,Bacteroidota,Bacteroidia,Cytophagales,Cyclobacteriaceae,JAKISE01,0
M36,Aegir_M36_B51,AJHKFCJO_47.region001,RiPP,RRE-containing,6.11,6,Bacteria,Chloroflexota,Anaerolineae,Anaerolineales,UBA11858,UBA11858,0
M36,Aegir_M36_B53,IDFHELPL_13.region001,RiPP,RiPP-like,8.01,9,Bacteria,Campylobacterota,Campylobacteria,Campylobacterales,Sulfurovaceae,Sulfurovum,Sulfurovum sp030949725
M36,Aegir_M36_B53,IDFHELPL_14.region001,Other,hserlactone,20.83,17,Bacteria,Campylobacterota,Campylobacteria,Campylobacterales,Sulfurovaceae,Sulfurovum,Sulfurovum sp030949725
M36,Aegir_M36_B53,IDFHELPL_36.region001,RiPP,RRE-containing,20.28,26,Bacteria,Campylobacterota,Campylobacteria,Campylobacterales,Sulfurovaceae,Sulfurovum,Sulfurovum sp030949725
M36,Aegir_M36_B54,NEFIDIMH_95.region001,RiPP,RRE-containing,16.96,14,Bacteria,Bacteroidota,Bacteroidia,Flavobacteriales,Flavobacteriaceae,Lutimonas,0
M36,Aegir_M36_B54,NEFIDIMH_10.region001,Hybrid,arylpolyene:resorcinol,36.68,40,Bacteria,Bacteroidota,Bacteroidia,Flavobacteriales,Flavobacteriaceae,Lutimonas,0
M36,Aegir_M36_B56,GDAKIHJJ_89.region001,Other,arylpolyene,41.15,35,Bacteria,Bacteroidota,Bacteroidia,Flavobacteriales,Crocinitomicaceae,Putridiphycobacter,0
M36,Aegir_M36_B57,IIFEMMGK_13.region001,RiPP,RiPP-like,3.46,4,Bacteria,Campylobacterota,Campylobacteria,Campylobacterales,Sulfurovaceae,Sulfurovum,0
M36,Aegir_M36_B57,IIFEMMGK_195.region001,RiPP,RRE-containing,2.89,6,Bacteria,Campylobacterota,Campylobacteria,Campylobacterales,Sulfurovaceae,Sulfurovum,0
M36,Aegir_M36_B58,DAMCAHIH_182.region001,Terpene,Terpene generic,18.17,14,Bacteria,Chloroflexota,Anaerolineae,Promineifilales,Promineifilaceae,S016-13,0
M36,Aegir_M36_B58,DAMCAHIH_64.region001,RiPP,RRE-containing,18.08,12,Bacteria,Chloroflexota,Anaerolineae,Promineifilales,Promineifilaceae,S016-13,0
M36,Aegir_M36_B59,LBFMECOL_22.region001,Hybrid,arylpolyene:resorcinol,36.63,38,Bacteria,Bacteroidota,Bacteroidia,Flavobacteriales,Flavobacteriaceae,S010-17,0
M36,Aegir_M36_B6,ECPJPLJJ_165.region001,RiPP,RRE-containing,5.08,8,Bacteria,Bacteroidota,Bacteroidia,Flavobacteriales,Vicingaceae,GCA-002793235,0
M36,Aegir_M36_B60,IJJGOFGK_480.region001,NRP,NRP generic,7.25,2,Bacteria,Pseudomonadota,Gammaproteobacteria,Beggiatoales,Beggiatoaceae,JAUXCJ01,0
M36,Aegir_M36_B60,IJJGOFGK_152.region001,RiPP,RRE-containing,10.04,9,Bacteria,Pseudomonadota,Gammaproteobacteria,Beggiatoales,Beggiatoaceae,JAUXCJ01,0
M36,Aegir_M36_B60,IJJGOFGK_293.region001,Polyketide,T1PKS,6.73,2,Bacteria,Pseudomonadota,Gammaproteobacteria,Beggiatoales,Beggiatoaceae,JAUXCJ01,0
M36,Aegir_M36_B60,IJJGOFGK_296.region001,Terpene,Terpene generic,3.38,4,Bacteria,Pseudomonadota,Gammaproteobacteria,Beggiatoales,Beggiatoaceae,JAUXCJ01,0
M36,Aegir_M36_B60,IJJGOFGK_174.region001,Polyketide,T1PKS,4.46,1,Bacteria,Pseudomonadota,Gammaproteobacteria,Beggiatoales,Beggiatoaceae,JAUXCJ01,0
M36,Aegir_M36_B61,JOELOLGC_6.region001,RiPP,thiopeptide,41.39,39,Bacteria,Desulfobacterota,Desulfobacteria,Desulfobacterales,Desulfosarcinaceae,JALVQM01,0
M36,Aegir_M36_B61,JOELOLGC_24.region001,Polyketide,hglE-KS,42.23,35,Bacteria,Desulfobacterota,Desulfobacteria,Desulfobacterales,Desulfosarcinaceae,JALVQM01,0
M36,Aegir_M36_B61,JOELOLGC_4.region001,Other,hydrogen-cyanide,13.46,13,Bacteria,Desulfobacterota,Desulfobacteria,Desulfobacterales,Desulfosarcinaceae,JALVQM01,0
M36,Aegir_M36_B61,JOELOLGC_3.region001,Hybrid,hglE-KS:T1PKS,31.05,20,Bacteria,Desulfobacterota,Desulfobacteria,Desulfobacterales,Desulfosarcinaceae,JALVQM01,0
M36,Aegir_M36_B61,JOELOLGC_46.region001,Other,hydrogen-cyanide,13.92,12,Bacteria,Desulfobacterota,Desulfobacteria,Desulfobacterales,Desulfosarcinaceae,JALVQM01,0
M36,Aegir_M36_B61,JOELOLGC_39.region001,RiPP,thiopeptide,31.32,26,Bacteria,Desulfobacterota,Desulfobacteria,Desulfobacterales,Desulfosarcinaceae,JALVQM01,0
M36,Aegir_M36_B61,JOELOLGC_41.region001,Other,betalactone,23.85,17,Bacteria,Desulfobacterota,Desulfobacteria,Desulfobacterales,Desulfosarcinaceae,JALVQM01,0
M36,Aegir_M36_B62,NDIICOJF_10.region001,Other,betalactone,30.2,23,Bacteria,Bacteroidota,Bacteroidia,Bacteroidales,UBA12170,DYSN01,0
M36,Aegir_M36_B62,NDIICOJF_10.region002,Hybrid,arylpolyene:resorcinol,50.35,52,Bacteria,Bacteroidota,Bacteroidia,Bacteroidales,UBA12170,DYSN01,0
M36,Aegir_M36_B62,NDIICOJF_21.region001,RiPP,RRE-containing,20.25,13,Bacteria,Bacteroidota,Bacteroidia,Bacteroidales,UBA12170,DYSN01,0
M36,Aegir_M36_B62,NDIICOJF_21.region002,Other,betalactone,28.72,20,Bacteria,Bacteroidota,Bacteroidia,Bacteroidales,UBA12170,DYSN01,0
M36,Aegir_M36_B63,OGCOFHCG_20.region001,RiPP,RiPP-like,9.83,10,Bacteria,Pseudomonadota,Gammaproteobacteria,Thiomicrospirales,Thiomicrospiraceae,Thiomicrorhabdus,0
M36,Aegir_M36_B63,OGCOFHCG_9.region001,Other,betalactone,26.94,20,Bacteria,Pseudomonadota,Gammaproteobacteria,Thiomicrospirales,Thiomicrospiraceae,Thiomicrorhabdus,0
M36,Aegir_M36_B63,OGCOFHCG_25.region001,RiPP,RiPP-like,11.71,9,Bacteria,Pseudomonadota,Gammaproteobacteria,Thiomicrospirales,Thiomicrospiraceae,Thiomicrorhabdus,0
M36,Aegir_M36_B63,OGCOFHCG_18.region001,Polyketide,T3PKS,15.91,16,Bacteria,Pseudomonadota,Gammaproteobacteria,Thiomicrospirales,Thiomicrospiraceae,Thiomicrorhabdus,0
M36,Aegir_M36_B64,GKCHABDB_107.region001,Polyketide,hglE-KS,29.6,8,Bacteria,Myxococcota,UBA796,UBA796,GCA-2862545,JACKEQ01,0
M36,Aegir_M36_B64,GKCHABDB_129.region001,RiPP,RiPP-like,10.87,6,Bacteria,Myxococcota,UBA796,UBA796,GCA-2862545,JACKEQ01,0
M36,Aegir_M36_B64,GKCHABDB_147.region001,Hybrid,hglE-KS:T3PKS,43.37,33,Bacteria,Myxococcota,UBA796,UBA796,GCA-2862545,JACKEQ01,0
M36,Aegir_M36_B64,GKCHABDB_160.region001,NRP,NRPS-like,28.5,23,Bacteria,Myxococcota,UBA796,UBA796,GCA-2862545,JACKEQ01,0
M36,Aegir_M36_B64,GKCHABDB_168.region001,Polyketide,T1PKS,49.85,36,Bacteria,Myxococcota,UBA796,UBA796,GCA-2862545,JACKEQ01,0
M36,Aegir_M36_B64,GKCHABDB_34.region001,Polyketide,T1PKS,18.54,10,Bacteria,Myxococcota,UBA796,UBA796,GCA-2862545,JACKEQ01,0
M36,Aegir_M36_B64,GKCHABDB_50.region001,Other,arylpolyene,26.15,26,Bacteria,Myxococcota,UBA796,UBA796,GCA-2862545,JACKEQ01,0
M36,Aegir_M36_B64,GKCHABDB_61.region001,Polyketide,hglE-KS,45.69,39,Bacteria,Myxococcota,UBA796,UBA796,GCA-2862545,JACKEQ01,0
M36,Aegir_M36_B64,GKCHABDB_67.region001,Other,betalactone,31.83,32,Bacteria,Myxococcota,UBA796,UBA796,GCA-2862545,JACKEQ01,0
M36,Aegir_M36_B64,GKCHABDB_68.region001,Other,arylpolyene,29.43,21,Bacteria,Myxococcota,UBA796,UBA796,GCA-2862545,JACKEQ01,0
M36,Aegir_M36_B64,GKCHABDB_75.region001,Hybrid,hglE-KS:T1PKS,24.29,19,Bacteria,Myxococcota,UBA796,UBA796,GCA-2862545,JACKEQ01,0
M36,Aegir_M36_B64,GKCHABDB_77.region001,Polyketide,T1PKS,14.3,9,Bacteria,Myxococcota,UBA796,UBA796,GCA-2862545,JACKEQ01,0
M36,Aegir_M36_B64,GKCHABDB_86.region001,Other,arylpolyene,29.07,31,Bacteria,Myxococcota,UBA796,UBA796,GCA-2862545,JACKEQ01,0
M36,Aegir_M36_B64,GKCHABDB_92.region001,Hybrid,lassopeptide:RRE-containing,22.13,27,Bacteria,Myxococcota,UBA796,UBA796,GCA-2862545,JACKEQ01,0
M36,Aegir_M36_B65,OKGIDNFP_63.region001,RiPP,RRE-containing,7.58,6,Bacteria,Bacteroidota,Bacteroidia,Bacteroidales,JAADGE01,JAADGE01,0
M36,Aegir_M36_B65,OKGIDNFP_82.region001,Other,resorcinol,27.29,22,Bacteria,Bacteroidota,Bacteroidia,Bacteroidales,JAADGE01,JAADGE01,0
M36,Aegir_M36_B65,OKGIDNFP_86.region001,Other,arylpolyene,13.95,12,Bacteria,Bacteroidota,Bacteroidia,Bacteroidales,JAADGE01,JAADGE01,0
M36,Aegir_M36_B66,EOCGDEIA_30.region001,NRP,NRP generic,11.82,3,Bacteria,Campylobacterota,Campylobacteria,Campylobacterales,Sulfurovaceae,SZUA-451,0
M36,Aegir_M36_B66,EOCGDEIA_59.region001,NRP,NRP generic,4.01,2,Bacteria,Campylobacterota,Campylobacteria,Campylobacterales,Sulfurovaceae,SZUA-451,0
M36,Aegir_M36_B67,KOOHGOLM_203.region001,NRP,NRP generic,3.4,1,Bacteria,Pseudomonadota,Gammaproteobacteria,Methylococcales,Methylomonadaceae,Methyloprofundus,0
M36,Aegir_M36_B67,KOOHGOLM_225.region001,RiPP,RiPP-like,2.71,3,Bacteria,Pseudomonadota,Gammaproteobacteria,Methylococcales,Methylomonadaceae,Methyloprofundus,0
M36,Aegir_M36_B68,MLCMMGOM_284.region001,RiPP,RRE-containing,3.16,3,Bacteria,Bacteroidota,Bacteroidia,Bacteroidales,S143-33,S143-33,0
M36,Aegir_M36_B69,GLOGLBCN_111.region001,Other,arylpolyene,24.84,16,Bacteria,Bacteroidota,Bacteroidia,Flavobacteriales,Parvicellaceae,S010-51,0
M36,Aegir_M36_B69,GLOGLBCN_162.region001,Other,arylpolyene,18.05,14,Bacteria,Bacteroidota,Bacteroidia,Flavobacteriales,Parvicellaceae,S010-51,0
M36,Aegir_M36_B69,GLOGLBCN_196.region001,Other,arylpolyene,21.52,16,Bacteria,Bacteroidota,Bacteroidia,Flavobacteriales,Parvicellaceae,S010-51,0
M36,Aegir_M36_B69,GLOGLBCN_2.region001,RiPP,lanthipeptide,11.41,7,Bacteria,Bacteroidota,Bacteroidia,Flavobacteriales,Parvicellaceae,S010-51,0
M36,Aegir_M36_B69,GLOGLBCN_56.region001,Hybrid,arylpolyene:resorcinol,26.19,23,Bacteria,Bacteroidota,Bacteroidia,Flavobacteriales,Parvicellaceae,S010-51,0
M36,Aegir_M36_B71,JGCHBLFO_150.region001,Terpene,Terpene generic,2.05,2,Bacteria,Pseudomonadota,Gammaproteobacteria,Methylococcales,Methylomonadaceae,Methylomarinum,0
M36,Aegir_M36_B71,JGCHBLFO_45.region001,Terpene,Terpene generic,3.74,2,Bacteria,Pseudomonadota,Gammaproteobacteria,Methylococcales,Methylomonadaceae,Methylomarinum,0
M36,Aegir_M36_B71,JGCHBLFO_340.region001,RiPP,redox-cofactor,4.9,6,Bacteria,Pseudomonadota,Gammaproteobacteria,Methylococcales,Methylomonadaceae,Methylomarinum,0
M36,Aegir_M36_B71,JGCHBLFO_296.region001,Other,arylpolyene,3.69,6,Bacteria,Pseudomonadota,Gammaproteobacteria,Methylococcales,Methylomonadaceae,Methylomarinum,0
M36,Aegir_M36_B71,JGCHBLFO_374.region001,RiPP,RiPP-like,6.16,6,Bacteria,Pseudomonadota,Gammaproteobacteria,Methylococcales,Methylomonadaceae,Methylomarinum,0
M36,Aegir_M36_B72,ALEHICHF_185.region001,Other,betalactone,22.96,22,Bacteria,Spirochaetota,Spirochaetia,B11-G9,B11-G9,S145-15,0
M36,Aegir_M36_B72,ALEHICHF_27.region001,Other,betalactone,24.42,17,Bacteria,Spirochaetota,Spirochaetia,B11-G9,B11-G9,S145-15,0
M36,Aegir_M36_B73,PDMGNGAF_160.region001,NRP,NRP generic,9.88,4,Bacteria,Pseudomonadota,Gammaproteobacteria,Methylococcales,Methylomonadaceae,WTBX01,WTBX01 sp030949405
M36,Aegir_M36_B73,PDMGNGAF_71.region001,Terpene,Terpene generic,7.15,4,Bacteria,Pseudomonadota,Gammaproteobacteria,Methylococcales,Methylomonadaceae,WTBX01,WTBX01 sp030949405
M36,Aegir_M36_B73,PDMGNGAF_88.region001,RiPP,ranthipeptide,4.55,6,Bacteria,Pseudomonadota,Gammaproteobacteria,Methylococcales,Methylomonadaceae,WTBX01,WTBX01 sp030949405
M36,Aegir_M36_B73,PDMGNGAF_177.region001,RiPP,RiPP-like,6.41,6,Bacteria,Pseudomonadota,Gammaproteobacteria,Methylococcales,Methylomonadaceae,WTBX01,WTBX01 sp030949405
M36,Aegir_M36_B8,KIEHLOCK_177.region001,RiPP,RRE-containing,13.81,13,Bacteria,Bacteroidota,Bacteroidia,Bacteroidales,UBA1556,CG2-30-33-31,0
M36,Aegir_M36_B9,IJMCNGDJ_25.region001,Other,arylpolyene,41.21,45,Bacteria,Pseudomonadota,Gammaproteobacteria,Methylococcales,Methylomonadaceae,Methyloprofundus,0
M36,Aegir_M36_B9,IJMCNGDJ_32.region001,Other,ectoine,10.4,8,Bacteria,Pseudomonadota,Gammaproteobacteria,Methylococcales,Methylomonadaceae,Methyloprofundus,0
M36,Aegir_M36_B9,IJMCNGDJ_34.region001,RiPP,RiPP-like,10.85,14,Bacteria,Pseudomonadota,Gammaproteobacteria,Methylococcales,Methylomonadaceae,Methyloprofundus,0
M36,Aegir_M36_B9,IJMCNGDJ_52.region001,Terpene,Terpene generic,22.76,19,Bacteria,Pseudomonadota,Gammaproteobacteria,Methylococcales,Methylomonadaceae,Methyloprofundus,0
M36,Aegir_M36_B9,IJMCNGDJ_130.region001,RiPP,redox-cofactor,5.54,7,Bacteria,Pseudomonadota,Gammaproteobacteria,Methylococcales,Methylomonadaceae,Methyloprofundus,0
M37,Aegir_M37_B1,IPOPAIFA_180.region001,RiPP,ranthipeptide,7.56,7,Bacteria,Pseudomonadota,Alphaproteobacteria,Sphingomonadales,Emcibacteraceae,Paremcibacter,0
M37,Aegir_M37_B1,IPOPAIFA_360.region001,Terpene,Terpene generic,3.46,6,Bacteria,Pseudomonadota,Alphaproteobacteria,Sphingomonadales,Emcibacteraceae,Paremcibacter,0
M37,Aegir_M37_B10,CFKOCBML_118.region001,Other,resorcinol,6.42,8,Bacteria,Campylobacterota,Campylobacteria,Campylobacterales,Sulfurovaceae,UBA1140,0
M37,Aegir_M37_B10,CFKOCBML_169.region001,Other,arylpolyene,6.26,10,Bacteria,Campylobacterota,Campylobacteria,Campylobacterales,Sulfurovaceae,UBA1140,0
M37,Aegir_M37_B10,CFKOCBML_67.region001,Other,arylpolyene,2.65,3,Bacteria,Campylobacterota,Campylobacteria,Campylobacterales,Sulfurovaceae,UBA1140,0
M37,Aegir_M37_B11,EIPHLLKK_128.region001,Other,arylpolyene,7.29,7,Bacteria,Omnitrophota,Koll11,Zapsychrales,Zapsychraceae,0,0
M37,Aegir_M37_B11,EIPHLLKK_409.region001,Polyketide,HR-T2PKS,6.82,7,Bacteria,Omnitrophota,Koll11,Zapsychrales,Zapsychraceae,0,0
M37,Aegir_M37_B11,EIPHLLKK_72.region001,Other,arylpolyene,14.2,15,Bacteria,Omnitrophota,Koll11,Zapsychrales,Zapsychraceae,0,0
M37,Aegir_M37_B12,GGOKCDCL_209.region001,RiPP,redox-cofactor,4.77,7,Bacteria,Pseudomonadota,Gammaproteobacteria,Methylococcales,Methylomonadaceae,Methyloprofundus,Methyloprofundus sp900128525
M37,Aegir_M37_B12,GGOKCDCL_68.region001,Terpene,Terpene generic,15.36,12,Bacteria,Pseudomonadota,Gammaproteobacteria,Methylococcales,Methylomonadaceae,Methyloprofundus,Methyloprofundus sp900128525
M37,Aegir_M37_B13,OIGOLJNO_16.region001,RiPP,ranthipeptide,20.16,20,Bacteria,Caldisericota,Caldisericia,JAAYUI01,JAAYUI01,JAXGMQ01,0
M37,Aegir_M37_B14,CBENGHKH_1.region001,Other,arylpolyene,11.91,8,Bacteria,Pseudomonadota,Gammaproteobacteria,Methylococcales,Methylomonadaceae,Methyloprofundus,0
M37,Aegir_M37_B14,CBENGHKH_280.region001,Terpene,Terpene generic,9.24,5,Bacteria,Pseudomonadota,Gammaproteobacteria,Methylococcales,Methylomonadaceae,Methyloprofundus,0
M37,Aegir_M37_B14,CBENGHKH_40.region001,Other,ectoine,5.5,4,Bacteria,Pseudomonadota,Gammaproteobacteria,Methylococcales,Methylomonadaceae,Methyloprofundus,0
M37,Aegir_M37_B14,CBENGHKH_143.region001,RiPP,RiPP-like,6.83,6,Bacteria,Pseudomonadota,Gammaproteobacteria,Methylococcales,Methylomonadaceae,Methyloprofundus,0
M37,Aegir_M37_B15,EHALHDMF_16.region001,Terpene,Terpene generic,4.85,3,Bacteria,PUNC01,Erginobacteria,Erginobacterales,Erginobacteraceae,CAKZYZ01,0
M37,Aegir_M37_B15,EHALHDMF_373.region001,RiPP,RRE-containing,5.09,7,Bacteria,PUNC01,Erginobacteria,Erginobacterales,Erginobacteraceae,CAKZYZ01,0
M37,Aegir_M37_B16,DJGDOFOD_178.region001,Other,arylpolyene,2.76,4,Bacteria,Pseudomonadota,Gammaproteobacteria,Methylococcales,Cycloclasticaceae,Cycloclasticus,0
M37,Aegir_M37_B16,DJGDOFOD_299.region001,Other,betalactone,3.56,3,Bacteria,Pseudomonadota,Gammaproteobacteria,Methylococcales,Cycloclasticaceae,Cycloclasticus,0
M37,Aegir_M37_B16,DJGDOFOD_85.region001,RiPP,redox-cofactor,4.72,6,Bacteria,Pseudomonadota,Gammaproteobacteria,Methylococcales,Cycloclasticaceae,Cycloclasticus,0
M37,Aegir_M37_B17,NGEBLNKK_119.region001,Other,hydrogen-cyanide,9.07,9,Bacteria,Pseudomonadota,Gammaproteobacteria,Methylococcales,Methylomonadaceae,Methyloprofundus,0
M37,Aegir_M37_B17,NGEBLNKK_11.region001,Other,arylpolyene,9.61,9,Bacteria,Pseudomonadota,Gammaproteobacteria,Methylococcales,Methylomonadaceae,Methyloprofundus,0
M37,Aegir_M37_B17,NGEBLNKK_39.region001,NRP,NRPS-like,27.73,26,Bacteria,Pseudomonadota,Gammaproteobacteria,Methylococcales,Methylomonadaceae,Methyloprofundus,0
M37,Aegir_M37_B17,NGEBLNKK_71.region001,RiPP,RiPP-like,3.27,5,Bacteria,Pseudomonadota,Gammaproteobacteria,Methylococcales,Methylomonadaceae,Methyloprofundus,0
M37,Aegir_M37_B17,NGEBLNKK_126.region001,RiPP,RiPP-like,10.85,8,Bacteria,Pseudomonadota,Gammaproteobacteria,Methylococcales,Methylomonadaceae,Methyloprofundus,0
M37,Aegir_M37_B17,NGEBLNKK_142.region001,RiPP,redox-cofactor,22.24,25,Bacteria,Pseudomonadota,Gammaproteobacteria,Methylococcales,Methylomonadaceae,Methyloprofundus,0
M37,Aegir_M37_B17,NGEBLNKK_140.region001,Terpene,Terpene generic,23,17,Bacteria,Pseudomonadota,Gammaproteobacteria,Methylococcales,Methylomonadaceae,Methyloprofundus,0
M37,Aegir_M37_B19,ODLDNGCH_253.region001,Terpene,Terpene generic,2.07,2,Bacteria,Planctomycetota,Phycisphaerae,Phycisphaerales,Phycisphaeraceae,JANQFR01,0
M37,Aegir_M37_B19,ODLDNGCH_288.region001,Terpene,Terpene generic,2.11,2,Bacteria,Planctomycetota,Phycisphaerae,Phycisphaerales,Phycisphaeraceae,JANQFR01,0
M37,Aegir_M37_B19,ODLDNGCH_28.region001,Terpene,Terpene generic,2.19,1,Bacteria,Planctomycetota,Phycisphaerae,Phycisphaerales,Phycisphaeraceae,JANQFR01,0
M37,Aegir_M37_B2,BKNOFKLA_52.region001,RiPP,RiPP-like,8.36,6,Bacteria,UBA10199,UBA10199,2-02-FULL-44-16,JAAZCA01,0,0
M37,Aegir_M37_B2,BKNOFKLA_75.region001,Terpene,Terpene generic,3.37,3,Bacteria,UBA10199,UBA10199,2-02-FULL-44-16,JAAZCA01,0,0
M37,Aegir_M37_B20,JKPCDLON_8.region001,NRP,CDPS,20.69,17,Bacteria,Patescibacteriota,Minisyncoccia,Moranbacterales,DUUL01,0,0
M37,Aegir_M37_B21,JBPFJJCB_123.region001,RiPP,redox-cofactor,5.21,6,Bacteria,Pseudomonadota,Gammaproteobacteria,Methylococcales,0,0,0
M37,Aegir_M37_B21,JBPFJJCB_163.region001,RiPP,RiPP-like,6.49,9,Bacteria,Pseudomonadota,Gammaproteobacteria,Methylococcales,0,0,0
M37,Aegir_M37_B21,JBPFJJCB_62.region001,Terpene,Terpene generic,3.43,3,Bacteria,Pseudomonadota,Gammaproteobacteria,Methylococcales,0,0,0
M37,Aegir_M37_B21,JBPFJJCB_100.region001,Terpene,Terpene generic,12.24,14,Bacteria,Pseudomonadota,Gammaproteobacteria,Methylococcales,0,0,0
M37,Aegir_M37_B21,JBPFJJCB_210.region001,Terpene,Terpene generic,7.59,5,Bacteria,Pseudomonadota,Gammaproteobacteria,Methylococcales,0,0,0
M37,Aegir_M37_B21,JBPFJJCB_256.region001,RiPP,RiPP-like,8.79,9,Bacteria,Pseudomonadota,Gammaproteobacteria,Methylococcales,0,0,0
M37,Aegir_M37_B21,JBPFJJCB_118.region001,NRP,NRPS-like,13.75,15,Bacteria,Pseudomonadota,Gammaproteobacteria,Methylococcales,0,0,0
M37,Aegir_M37_B21,JBPFJJCB_60.region001,Other,arylpolyene,12.01,17,Bacteria,Pseudomonadota,Gammaproteobacteria,Methylococcales,0,0,0
M37,Aegir_M37_B22,NLCMHHHC_156.region001,Polyketide,T1PKS,41.05,29,Bacteria,Pseudomonadota,Gammaproteobacteria,Thiotrichales,Thiotrichaceae,HyVt-477,0
M37,Aegir_M37_B22,NLCMHHHC_225.region001,RiPP,RiPP-like,8.18,9,Bacteria,Pseudomonadota,Gammaproteobacteria,Thiotrichales,Thiotrichaceae,HyVt-477,0
M37,Aegir_M37_B22,NLCMHHHC_240.region001,Other,NAPAA,4.82,1,Bacteria,Pseudomonadota,Gammaproteobacteria,Thiotrichales,Thiotrichaceae,HyVt-477,0
M37,Aegir_M37_B22,NLCMHHHC_241.region001,RiPP,RiPP-like,9.37,11,Bacteria,Pseudomonadota,Gammaproteobacteria,Thiotrichales,Thiotrichaceae,HyVt-477,0
M37,Aegir_M37_B22,NLCMHHHC_253.region001,RiPP,RiPP-like,3.99,5,Bacteria,Pseudomonadota,Gammaproteobacteria,Thiotrichales,Thiotrichaceae,HyVt-477,0
M37,Aegir_M37_B22,NLCMHHHC_258.region001,Terpene,Terpene generic,4.84,5,Bacteria,Pseudomonadota,Gammaproteobacteria,Thiotrichales,Thiotrichaceae,HyVt-477,0
M37,Aegir_M37_B22,NLCMHHHC_295.region001,NRP,NRP generic,24.79,17,Bacteria,Pseudomonadota,Gammaproteobacteria,Thiotrichales,Thiotrichaceae,HyVt-477,0
M37,Aegir_M37_B22,NLCMHHHC_39.region001,NRP,NRPS-like,16.43,11,Bacteria,Pseudomonadota,Gammaproteobacteria,Thiotrichales,Thiotrichaceae,HyVt-477,0
M37,Aegir_M37_B22,NLCMHHHC_61.region001,Other,crocagin,16.1,6,Bacteria,Pseudomonadota,Gammaproteobacteria,Thiotrichales,Thiotrichaceae,HyVt-477,0
M37,Aegir_M37_B23,JCMCOKNO_148.region001,Polyketide,T3PKS,3.56,4,Bacteria,Verrucomicrobiota,Kiritimatiellia,Kiritimatiellales,Pontiellaceae,Pontiella,0
M37,Aegir_M37_B23,JCMCOKNO_191.region001,RiPP,RiPP-like,2.58,1,Bacteria,Verrucomicrobiota,Kiritimatiellia,Kiritimatiellales,Pontiellaceae,Pontiella,0
M37,Aegir_M37_B23,JCMCOKNO_287.region001,Polyketide,HR-T2PKS,2.05,3,Bacteria,Verrucomicrobiota,Kiritimatiellia,Kiritimatiellales,Pontiellaceae,Pontiella,0
M37,Aegir_M37_B23,JCMCOKNO_475.region001,Other,arylpolyene,7.63,8,Bacteria,Verrucomicrobiota,Kiritimatiellia,Kiritimatiellales,Pontiellaceae,Pontiella,0
M37,Aegir_M37_B23,JCMCOKNO_484.region001,Other,arylpolyene,2,3,Bacteria,Verrucomicrobiota,Kiritimatiellia,Kiritimatiellales,Pontiellaceae,Pontiella,0
M37,Aegir_M37_B23,JCMCOKNO_648.region001,Polyketide,T3PKS,6.94,6,Bacteria,Verrucomicrobiota,Kiritimatiellia,Kiritimatiellales,Pontiellaceae,Pontiella,0
M37,Aegir_M37_B24,PDEOMJHC_159.region001,Polyketide,hglE-KS,6.45,2,Bacteria,Chloroflexota,Anaerolineae,Anaerolineales,Anaerolineaceae,SpSt-1165,0
M37,Aegir_M37_B24,PDEOMJHC_252.region001,Other,hydrogen-cyanide,5.25,4,Bacteria,Chloroflexota,Anaerolineae,Anaerolineales,Anaerolineaceae,SpSt-1165,0
M37,Aegir_M37_B25,DGIHFKDF_385.region001,RiPP,lanthipeptide,7.94,4,Bacteria,Bacteroidota,Bacteroidia,Cytophagales,Cyclobacteriaceae,JAKISE01,0
M37,Aegir_M37_B26,GNFAAGLJ_124.region001,Other,hydrogen-cyanide,12.4,10,Bacteria,Bipolaricaulota,Bipolaricaulia,UBA7950,UBA9294,SPBW01,0
M37,Aegir_M37_B27,FDOHJKJH_117.region001,RiPP,RiPP-like,10.83,12,Bacteria,Bacteroidota,Bacteroidia,Bacteroidales,GCA-2748055,GCA-2748055,0
M37,Aegir_M37_B27,FDOHJKJH_196.region001,Other,arylpolyene,8.17,10,Bacteria,Bacteroidota,Bacteroidia,Bacteroidales,GCA-2748055,GCA-2748055,0
M37,Aegir_M37_B27,FDOHJKJH_280.region001,Other,arylpolyene,9.17,10,Bacteria,Bacteroidota,Bacteroidia,Bacteroidales,GCA-2748055,GCA-2748055,0
M37,Aegir_M37_B27,FDOHJKJH_30.region001,RiPP,RRE-containing,11.32,8,Bacteria,Bacteroidota,Bacteroidia,Bacteroidales,GCA-2748055,GCA-2748055,0
M37,Aegir_M37_B27,FDOHJKJH_517.region001,RiPP,RRE-containing,11.9,10,Bacteria,Bacteroidota,Bacteroidia,Bacteroidales,GCA-2748055,GCA-2748055,0
M37,Aegir_M37_B28,IAFKBFLO_119.region001,Other,arylpolyene,6.42,9,Bacteria,Desulfobacterota,DSM-4660,Desulfatiglandales,Desulfatiglandaceae,NaphS2,0
M37,Aegir_M37_B29,EMBCFOFO_111.region001,RiPP,RiPP-like,4.93,5,Bacteria,Pseudomonadota,Gammaproteobacteria,Xanthomonadales,Marinicellaceae,NORP309,0
M37,Aegir_M37_B29,EMBCFOFO_60.region001,RiPP,RRE-containing,6.75,7,Bacteria,Pseudomonadota,Gammaproteobacteria,Xanthomonadales,Marinicellaceae,NORP309,0
M37,Aegir_M37_B3,HNCLEMDB_119.region001,RiPP,RiPP-like,4.09,3,Bacteria,Planctomycetota,Phycisphaerae,Sedimentisphaerales,SM23-30,0,0
M37,Aegir_M37_B30,MNOMKIBA_153.region001,RiPP,lanthipeptide,16.43,15,Bacteria,Bacteroidota,Bacteroidia,Flavobacteriales,Flavobacteriaceae,Maribacter_C,0
M37,Aegir_M37_B30,MNOMKIBA_253.region001,Hybrid,NRPS-like:T1PKS,21.16,8,Bacteria,Bacteroidota,Bacteroidia,Flavobacteriales,Flavobacteriaceae,Maribacter_C,0
M37,Aegir_M37_B30,MNOMKIBA_65.region001,Hybrid,arylpolyene:resorcinol,47.38,41,Bacteria,Bacteroidota,Bacteroidia,Flavobacteriales,Flavobacteriaceae,Maribacter_C,0
M37,Aegir_M37_B30,MNOMKIBA_87.region001,NRP,NRP generic,24.07,16,Bacteria,Bacteroidota,Bacteroidia,Flavobacteriales,Flavobacteriaceae,Maribacter_C,0
M37,Aegir_M37_B30,MNOMKIBA_9.region001,NRP,NRPS-like,2.87,2,Bacteria,Bacteroidota,Bacteroidia,Flavobacteriales,Flavobacteriaceae,Maribacter_C,0
M37,Aegir_M37_B32,JFNMFPJL_107.region001,Other,hserlactone,8.02,10,Bacteria,Pseudomonadota,Alphaproteobacteria,Rhodobacterales,Rhodobacteraceae,NORP181,0
M37,Aegir_M37_B32,JFNMFPJL_198.region001,RiPP,redox-cofactor,15.29,20,Bacteria,Pseudomonadota,Alphaproteobacteria,Rhodobacterales,Rhodobacteraceae,NORP181,0
M37,Aegir_M37_B32,JFNMFPJL_283.region001,RiPP,RiPP-like,10.86,12,Bacteria,Pseudomonadota,Alphaproteobacteria,Rhodobacterales,Rhodobacteraceae,NORP181,0
M37,Aegir_M37_B32,JFNMFPJL_86.region001,Hybrid,NRPS-like:T1PKS,18.73,7,Bacteria,Pseudomonadota,Alphaproteobacteria,Rhodobacterales,Rhodobacteraceae,NORP181,0
M37,Aegir_M37_B34,GOGOMFGK_256.region001,NRP,NRPS-like,12.24,6,Bacteria,Planctomycetota,Phycisphaerae,Sedimentisphaerales,Anaerobacaceae,Anaerobaca,0
M37,Aegir_M37_B35,CJICECBE_196.region001,Other,resorcinol,7.79,9,Bacteria,Bacteroidota,Bacteroidia,Flavobacteriales,Flavobacteriaceae,Lutimonas,0
M37,Aegir_M37_B35,CJICECBE_42.region001,Other,arylpolyene,3.74,5,Bacteria,Bacteroidota,Bacteroidia,Flavobacteriales,Flavobacteriaceae,Lutimonas,0
M37,Aegir_M37_B36,HECOAHAK_1.region001,RiPP,RRE-containing,3,3,Bacteria,Bacteroidota,Bacteroidia,Flavobacteriales,Flavobacteriaceae,Lutimonas,0
M37,Aegir_M37_B36,HECOAHAK_45.region001,Hybrid,arylpolyene:resorcinol,30.86,36,Bacteria,Bacteroidota,Bacteroidia,Flavobacteriales,Flavobacteriaceae,Lutimonas,0
M37,Aegir_M37_B37,NEILPPCH_150.region001,Polyketide,T3PKS,5.63,5,Bacteria,Verrucomicrobiota,Kiritimatiellia,LD1-PB3_B,Lenti-01,0,0
M37,Aegir_M37_B37,NEILPPCH_205.region001,RiPP,RRE-containing,4.83,6,Bacteria,Verrucomicrobiota,Kiritimatiellia,LD1-PB3_B,Lenti-01,0,0
M37,Aegir_M37_B37,NEILPPCH_323.region001,RiPP,RiPP-like,3.97,5,Bacteria,Verrucomicrobiota,Kiritimatiellia,LD1-PB3_B,Lenti-01,0,0
M37,Aegir_M37_B37,NEILPPCH_380.region001,RiPP,RRE-containing,3.11,3,Bacteria,Verrucomicrobiota,Kiritimatiellia,LD1-PB3_B,Lenti-01,0,0
M37,Aegir_M37_B38,PGEEBHBE_18.region001,RiPP,RRE-containing,20.38,13,Bacteria,Planctomycetota,SZUA-567,SZUA-567,JAFGNG01,JAFGNG01,0
M37,Aegir_M37_B39,HAEKJFGP_146.region001,Other,hserlactone,3.33,4,Bacteria,Pseudomonadota,Alphaproteobacteria,Rhodobacterales,Rhodobacteraceae,Profundibacter,0
M37,Aegir_M37_B39,HAEKJFGP_176.region001,RiPP,RiPP-like,2.99,5,Bacteria,Pseudomonadota,Alphaproteobacteria,Rhodobacterales,Rhodobacteraceae,Profundibacter,0
M37,Aegir_M37_B39,HAEKJFGP_416.region001,Other,hserlactone,2.64,2,Bacteria,Pseudomonadota,Alphaproteobacteria,Rhodobacterales,Rhodobacteraceae,Profundibacter,0
M37,Aegir_M37_B39,HAEKJFGP_454.region001,Terpene,Terpene generic,11.7,11,Bacteria,Pseudomonadota,Alphaproteobacteria,Rhodobacterales,Rhodobacteraceae,Profundibacter,0
M37,Aegir_M37_B39,HAEKJFGP_549.region001,RiPP,RRE-containing,2.39,3,Bacteria,Pseudomonadota,Alphaproteobacteria,Rhodobacterales,Rhodobacteraceae,Profundibacter,0
M37,Aegir_M37_B40,LOEOMKJD_107.region001,Other,hydrogen-cyanide,13.21,11,Bacteria,Fermentibacterota,Fermentibacteria,Fermentibacterales,Fermentibacteraceae,Sabulitectum,0
M37,Aegir_M37_B40,LOEOMKJD_49.region001,RiPP,ranthipeptide,26.57,31,Bacteria,Fermentibacterota,Fermentibacteria,Fermentibacterales,Fermentibacteraceae,Sabulitectum,0
M37,Aegir_M37_B40,LOEOMKJD_89.region001,RiPP,ranthipeptide,6.62,6,Bacteria,Fermentibacterota,Fermentibacteria,Fermentibacterales,Fermentibacteraceae,Sabulitectum,0
M37,Aegir_M37_B40,LOEOMKJD_90.region001,RiPP,ranthipeptide,8.89,10,Bacteria,Fermentibacterota,Fermentibacteria,Fermentibacterales,Fermentibacteraceae,Sabulitectum,0
M37,Aegir_M37_B40,LOEOMKJD_99.region001,RiPP,sactipeptide,15.52,13,Bacteria,Fermentibacterota,Fermentibacteria,Fermentibacterales,Fermentibacteraceae,Sabulitectum,0
M37,Aegir_M37_B41,CICNOPNC_131.region001,RiPP,RiPP-like,5.98,6,Bacteria,Bacteroidota,Bacteroidia,Bacteroidales,F082,B16-G9,0
M37,Aegir_M37_B41,CICNOPNC_17.region001,Other,arylpolyene,16.27,18,Bacteria,Bacteroidota,Bacteroidia,Bacteroidales,F082,B16-G9,0
M37,Aegir_M37_B41,CICNOPNC_188.region001,NRP,NRPS-like,22.75,15,Bacteria,Bacteroidota,Bacteroidia,Bacteroidales,F082,B16-G9,0
M37,Aegir_M37_B41,CICNOPNC_35.region001,Other,arylpolyene,24.5,21,Bacteria,Bacteroidota,Bacteroidia,Bacteroidales,F082,B16-G9,0
M37,Aegir_M37_B41,CICNOPNC_59.region001,Other,resorcinol,28.15,25,Bacteria,Bacteroidota,Bacteroidia,Bacteroidales,F082,B16-G9,0
M37,Aegir_M37_B42,BJPDIAKJ_106.region001,Polyketide,T1PKS,19.07,12,Bacteria,Pseudomonadota,Gammaproteobacteria,Thiotrichales,Thiotrichaceae,Cocleimonas,0
M37,Aegir_M37_B42,BJPDIAKJ_127.region001,RiPP,RiPP-like,8.51,11,Bacteria,Pseudomonadota,Gammaproteobacteria,Thiotrichales,Thiotrichaceae,Cocleimonas,0
M37,Aegir_M37_B42,BJPDIAKJ_65.region001,RiPP,RiPP-like,10.84,11,Bacteria,Pseudomonadota,Gammaproteobacteria,Thiotrichales,Thiotrichaceae,Cocleimonas,0
M37,Aegir_M37_B43,DFOIADHH_91.region001,RiPP,RiPP-like,3.76,5,Bacteria,Campylobacterota,Campylobacteria,Campylobacterales,Sulfurovaceae,Sulfurovum,0
M37,Aegir_M37_B46,FJIODLBK_30.region001,RiPP,RiPP-like,10.86,13,Bacteria,Pseudomonadota,Alphaproteobacteria,Rhodobacterales,Rhodobacteraceae,Profundibacter,0
M37,Aegir_M37_B46,FJIODLBK_68.region001,Other,betalactone,20.25,16,Bacteria,Pseudomonadota,Alphaproteobacteria,Rhodobacterales,Rhodobacteraceae,Profundibacter,0
M37,Aegir_M37_B47,IMHBHNJB_65.region001,RiPP,RiPP-like,11.11,9,Bacteria,Pseudomonadota,Gammaproteobacteria,Nitrosococcales,Methylophagaceae,GCA-002733105,0
M37,Aegir_M37_B47,IMHBHNJB_42.region001,RiPP,RRE-containing,20.26,17,Bacteria,Pseudomonadota,Gammaproteobacteria,Nitrosococcales,Methylophagaceae,GCA-002733105,0
M37,Aegir_M37_B47,IMHBHNJB_47.region001,RiPP,RiPP-like,10.85,10,Bacteria,Pseudomonadota,Gammaproteobacteria,Nitrosococcales,Methylophagaceae,GCA-002733105,0
M37,Aegir_M37_B47,IMHBHNJB_95.region001,Terpene,Terpene generic,18.93,21,Bacteria,Pseudomonadota,Gammaproteobacteria,Nitrosococcales,Methylophagaceae,GCA-002733105,0
M37,Aegir_M37_B47,IMHBHNJB_70.region001,RiPP,redox-cofactor,12.13,13,Bacteria,Pseudomonadota,Gammaproteobacteria,Nitrosococcales,Methylophagaceae,GCA-002733105,0
M37,Aegir_M37_B47,IMHBHNJB_127.region001,Terpene,Terpene generic,11.6,11,Bacteria,Pseudomonadota,Gammaproteobacteria,Nitrosococcales,Methylophagaceae,GCA-002733105,0
M37,Aegir_M37_B49,NLCOFIOL_160.region001,Other,ectoine,3.22,4,Bacteria,Spirochaetota,UBA4802,UBA4802,UBA5550,0,0
M37,Aegir_M37_B49,NLCOFIOL_317.region001,RiPP,RRE-containing,2.43,3,Bacteria,Spirochaetota,UBA4802,UBA4802,UBA5550,0,0
M37,Aegir_M37_B49,NLCOFIOL_646.region001,NRP,NRPS-like,4.24,2,Bacteria,Spirochaetota,UBA4802,UBA4802,UBA5550,0,0
M37,Aegir_M37_B5,EBBODCAE_246.region001,NRP,NRPS-like,25.59,23,Bacteria,UBA3054,UBA3054,UBA3054,B51-G9,0,0
M37,Aegir_M37_B5,EBBODCAE_426.region001,RiPP,RRE-containing,4.85,4,Bacteria,UBA3054,UBA3054,UBA3054,B51-G9,0,0
M37,Aegir_M37_B5,EBBODCAE_74.region001,RiPP,RiPP-like,7.59,6,Bacteria,UBA3054,UBA3054,UBA3054,B51-G9,0,0
M37,Aegir_M37_B50,LMEHLNPI_309.region001,RiPP,RiPP-like,3.39,4,Bacteria,Pseudomonadota,Gammaproteobacteria,Pseudomonadales,Halieaceae,JBALVT01,0
M37,Aegir_M37_B50,LMEHLNPI_646.region001,RiPP,RiPP-like,2.65,3,Bacteria,Pseudomonadota,Gammaproteobacteria,Pseudomonadales,Halieaceae,JBALVT01,0
M37,Aegir_M37_B50,LMEHLNPI_730.region001,RiPP,RRE-containing,2.04,3,Bacteria,Pseudomonadota,Gammaproteobacteria,Pseudomonadales,Halieaceae,JBALVT01,0
M37,Aegir_M37_B51,OHMOLDFD_637.region001,Polyketide,T1PKS,3.36,1,Bacteria,Bacteroidota,Bacteroidia,Cytophagales,Cyclobacteriaceae,0,0
M37,Aegir_M37_B53,NBONLNAG_16.region001,RiPP,RRE-containing,12.92,15,Bacteria,Bacteroidota,Bacteroidia,Flavobacteriales,Vicingaceae,GCA-002793235,0
M37,Aegir_M37_B54,LHGBMGDM_138.region001,RiPP,RiPP-like,5.97,7,Bacteria,Bacteroidota,Bacteroidia,Bacteroidales,GCA-2711565,GCA-2711565,0
M37,Aegir_M37_B54,LHGBMGDM_390.region001,Other,hydrogen-cyanide,9.04,5,Bacteria,Bacteroidota,Bacteroidia,Bacteroidales,GCA-2711565,GCA-2711565,0
M37,Aegir_M37_B55,JNFBDKIP_106.region001,Terpene,Terpene generic,5.18,4,Bacteria,Acidobacteriota,Thermoanaerobaculia,Thermoanaerobaculales,Sulfomarinibacteraceae,JAHECW01,0
M37,Aegir_M37_B55,JNFBDKIP_20.region001,RiPP,RRE-containing,11.79,4,Bacteria,Acidobacteriota,Thermoanaerobaculia,Thermoanaerobaculales,Sulfomarinibacteraceae,JAHECW01,0
M37,Aegir_M37_B55,JNFBDKIP_230.region001,RiPP,RRE-containing,3.58,5,Bacteria,Acidobacteriota,Thermoanaerobaculia,Thermoanaerobaculales,Sulfomarinibacteraceae,JAHECW01,0
M37,Aegir_M37_B55,JNFBDKIP_407.region001,RiPP,RiPP-like,7.3,7,Bacteria,Acidobacteriota,Thermoanaerobaculia,Thermoanaerobaculales,Sulfomarinibacteraceae,JAHECW01,0
M37,Aegir_M37_B55,JNFBDKIP_581.region001,Polyketide,T3PKS,7.89,6,Bacteria,Acidobacteriota,Thermoanaerobaculia,Thermoanaerobaculales,Sulfomarinibacteraceae,JAHECW01,0
M37,Aegir_M37_B55,JNFBDKIP_707.region001,Other,arylpolyene,16.52,9,Bacteria,Acidobacteriota,Thermoanaerobaculia,Thermoanaerobaculales,Sulfomarinibacteraceae,JAHECW01,0
M37,Aegir_M37_B56,LAJLOBNE_120.region001,RiPP,RRE-containing,14.68,12,Bacteria,Desulfobacterota,Desulfobacteria,Desulfobacterales,Desulfosalsimonadaceae,SURF-3,0
M37,Aegir_M37_B56,LAJLOBNE_247.region001,RiPP,RiPP-like,5.43,7,Bacteria,Desulfobacterota,Desulfobacteria,Desulfobacterales,Desulfosalsimonadaceae,SURF-3,0
M37,Aegir_M37_B56,LAJLOBNE_324.region001,RiPP,RRE-containing,10.66,8,Bacteria,Desulfobacterota,Desulfobacteria,Desulfobacterales,Desulfosalsimonadaceae,SURF-3,0
M37,Aegir_M37_B56,LAJLOBNE_363.region001,Polyketide,T1PKS,14.18,5,Bacteria,Desulfobacterota,Desulfobacteria,Desulfobacterales,Desulfosalsimonadaceae,SURF-3,0
M37,Aegir_M37_B6,INLLGIOK_20.region001,RiPP,ranthipeptide,11.87,13,Bacteria,Pseudomonadota,Gammaproteobacteria,CAJXQU01,CAJXQU01,CAJXQU01,0
M37,Aegir_M37_B6,INLLGIOK_22.region001,Terpene,Terpene generic,21.2,14,Bacteria,Pseudomonadota,Gammaproteobacteria,CAJXQU01,CAJXQU01,CAJXQU01,0
M37,Aegir_M37_B6,INLLGIOK_39.region001,RiPP,RiPP-like,10.86,11,Bacteria,Pseudomonadota,Gammaproteobacteria,CAJXQU01,CAJXQU01,CAJXQU01,0
M37,Aegir_M37_B6,INLLGIOK_3.region001,Other,arylpolyene,43.6,43,Bacteria,Pseudomonadota,Gammaproteobacteria,CAJXQU01,CAJXQU01,CAJXQU01,0
M37,Aegir_M37_B6,INLLGIOK_44.region001,Other,arylpolyene,18.39,22,Bacteria,Pseudomonadota,Gammaproteobacteria,CAJXQU01,CAJXQU01,CAJXQU01,0
M37,Aegir_M37_B6,INLLGIOK_21.region001,Other,resorcinol,41.11,41,Bacteria,Pseudomonadota,Gammaproteobacteria,CAJXQU01,CAJXQU01,CAJXQU01,0
M37,Aegir_M37_B6,INLLGIOK_89.region001,RiPP,RiPP-like,10.85,11,Bacteria,Pseudomonadota,Gammaproteobacteria,CAJXQU01,CAJXQU01,CAJXQU01,0
M37,Aegir_M37_B7,EBIPKGNL_1372.region001,RiPP,RRE-containing,3.19,4,Bacteria,Myxococcota,Polyangia,Polyangiales,SG8-38,JBCCRV01,0
M37,Aegir_M37_B7,EBIPKGNL_1592.region001,NRP,NRPS-like,3.66,2,Bacteria,Myxococcota,Polyangia,Polyangiales,SG8-38,JBCCRV01,0
M37,Aegir_M37_B7,EBIPKGNL_1798.region001,Other,arylpolyene,2.31,2,Bacteria,Myxococcota,Polyangia,Polyangiales,SG8-38,JBCCRV01,0
M37,Aegir_M37_B7,EBIPKGNL_30.region001,Terpene,Terpene generic,7,8,Bacteria,Myxococcota,Polyangia,Polyangiales,SG8-38,JBCCRV01,0
M37,Aegir_M37_B7,EBIPKGNL_876.region001,Other,arylpolyene,6.57,7,Bacteria,Myxococcota,Polyangia,Polyangiales,SG8-38,JBCCRV01,0
M37,Aegir_M37_B7,EBIPKGNL_900.region001,Terpene,Terpene generic,2.86,2,Bacteria,Myxococcota,Polyangia,Polyangiales,SG8-38,JBCCRV01,0
M37,Aegir_M37_B8,OHAGCPAB_304.region001,RiPP,RRE-containing,7.33,7,Bacteria,Chloroflexota,Anaerolineae,Promineifilales,Promineifilaceae,S016-13,0
M37,Aegir_M37_B8,OHAGCPAB_227.region001,Terpene,Terpene generic,10.52,5,Bacteria,Chloroflexota,Anaerolineae,Promineifilales,Promineifilaceae,S016-13,0
M37,Aegir_M37_B9,EMJIGOFO_64.region001,Other,arylpolyene,7.88,8,Bacteria,Pseudomonadota,Gammaproteobacteria,Methylococcales,Methylomonadaceae,QPIN01,0
M37,Aegir_M37_B9,EMJIGOFO_50.region002,RiPP,RiPP-like,10.85,11,Bacteria,Pseudomonadota,Gammaproteobacteria,Methylococcales,Methylomonadaceae,QPIN01,0
M37,Aegir_M37_B9,EMJIGOFO_50.region001,RiPP,redox-cofactor,16.52,16,Bacteria,Pseudomonadota,Gammaproteobacteria,Methylococcales,Methylomonadaceae,QPIN01,0
M37,Aegir_M37_B9,EMJIGOFO_71.region001,NRP,NRP generic,43.82,26,Bacteria,Pseudomonadota,Gammaproteobacteria,Methylococcales,Methylomonadaceae,QPIN01,0
M37,Aegir_M37_B9,EMJIGOFO_113.region001,Other,hydrogen-cyanide,12.8,12,Bacteria,Pseudomonadota,Gammaproteobacteria,Methylococcales,Methylomonadaceae,QPIN01,0
M37,Aegir_M37_B9,EMJIGOFO_155.region001,Terpene,Terpene generic,16.47,12,Bacteria,Pseudomonadota,Gammaproteobacteria,Methylococcales,Methylomonadaceae,QPIN01,0
M37,Aegir_M37_B9,EMJIGOFO_120.region001,Other,arylpolyene,4.75,2,Bacteria,Pseudomonadota,Gammaproteobacteria,Methylococcales,Methylomonadaceae,QPIN01,0
M38,Aegir_M38_B1,KIECNAKK_93.region001,RiPP,RiPP-like,7.88,9,Bacteria,Campylobacterota,Campylobacteria,Campylobacterales,Sulfurimonadaceae,Sulfurimonas,0
M38,Aegir_M38_B10,GHIKEMJA_194.region001,RiPP,RiPP-like,4.87,5,Bacteria,Pseudomonadota,Gammaproteobacteria,Methylococcales,Methylomonadaceae,QPIN01,0
M38,Aegir_M38_B10,GHIKEMJA_313.region001,NRP,NRP generic,3.08,1,Bacteria,Pseudomonadota,Gammaproteobacteria,Methylococcales,Methylomonadaceae,QPIN01,0
M38,Aegir_M38_B10,GHIKEMJA_42.region001,Other,arylpolyene,3.17,1,Bacteria,Pseudomonadota,Gammaproteobacteria,Methylococcales,Methylomonadaceae,QPIN01,0
M38,Aegir_M38_B10,GHIKEMJA_43.region001,NRP,NRP generic,9.38,9,Bacteria,Pseudomonadota,Gammaproteobacteria,Methylococcales,Methylomonadaceae,QPIN01,0
M38,Aegir_M38_B10,GHIKEMJA_53.region001,NRP,NRPS-like,5.5,2,Bacteria,Pseudomonadota,Gammaproteobacteria,Methylococcales,Methylomonadaceae,QPIN01,0
M38,Aegir_M38_B10,GHIKEMJA_96.region001,Terpene,Terpene generic,4.07,2,Bacteria,Pseudomonadota,Gammaproteobacteria,Methylococcales,Methylomonadaceae,QPIN01,0
M38,Aegir_M38_B10,GHIKEMJA_175.region001,RiPP,redox-cofactor,5.49,5,Bacteria,Pseudomonadota,Gammaproteobacteria,Methylococcales,Methylomonadaceae,QPIN01,0
M38,Aegir_M38_B101,OPDMMHKB_26.region001,Other,arylpolyene,35.94,38,Bacteria,Pseudomonadota,Gammaproteobacteria,Enterobacterales,Kangiellaceae,GCA-002733465,0
M38,Aegir_M38_B101,OPDMMHKB_58.region001,NRP,NRP generic,44.62,37,Bacteria,Pseudomonadota,Gammaproteobacteria,Enterobacterales,Kangiellaceae,GCA-002733465,0
M38,Aegir_M38_B102,CFOIEDKB_195.region001,RiPP,RRE-containing,20.25,15,Bacteria,Bacteroidota,Bacteroidia,Bacteroidales,JAADGE01,CAMZKQ01,0
M38,Aegir_M38_B103,GFMOCMNL_119.region001,Other,arylpolyene,10.1,9,Bacteria,Bacteroidota,Bacteroidia,UBA10329,UBA10329,0,0
M38,Aegir_M38_B103,GFMOCMNL_242.region001,Other,resorcinol,11.43,15,Bacteria,Bacteroidota,Bacteroidia,UBA10329,UBA10329,0,0
M38,Aegir_M38_B103,GFMOCMNL_326.region001,Polyketide,T1PKS,10.24,6,Bacteria,Bacteroidota,Bacteroidia,UBA10329,UBA10329,0,0
M38,Aegir_M38_B103,GFMOCMNL_358.region001,Other,arylpolyene,16.7,16,Bacteria,Bacteroidota,Bacteroidia,UBA10329,UBA10329,0,0
M38,Aegir_M38_B103,GFMOCMNL_41.region001,Terpene,Terpene generic,11.86,14,Bacteria,Bacteroidota,Bacteroidia,UBA10329,UBA10329,0,0
M38,Aegir_M38_B103,GFMOCMNL_484.region001,Terpene,Terpene generic,5.71,6,Bacteria,Bacteroidota,Bacteroidia,UBA10329,UBA10329,0,0
M38,Aegir_M38_B103,GFMOCMNL_518.region001,RiPP,RRE-containing,9.98,9,Bacteria,Bacteroidota,Bacteroidia,UBA10329,UBA10329,0,0
M38,Aegir_M38_B103,GFMOCMNL_545.region001,Other,arylpolyene,6.88,7,Bacteria,Bacteroidota,Bacteroidia,UBA10329,UBA10329,0,0
M38,Aegir_M38_B104,ENCCGMIM_46.region001,RiPP,ranthipeptide,21.18,13,Bacteria,Pseudomonadota,Alphaproteobacteria,Sphingomonadales,Emcibacteraceae,Paremcibacter,0
M38,Aegir_M38_B104,ENCCGMIM_73.region001,Other,betalactone,27.23,30,Bacteria,Pseudomonadota,Alphaproteobacteria,Sphingomonadales,Emcibacteraceae,Paremcibacter,0
M38,Aegir_M38_B104,ENCCGMIM_22.region001,Terpene,Terpene generic,16.05,16,Bacteria,Pseudomonadota,Alphaproteobacteria,Sphingomonadales,Emcibacteraceae,Paremcibacter,0
M38,Aegir_M38_B105,GECPGONF_120.region001,RiPP,RRE-containing,20.24,28,Bacteria,Campylobacterota,Campylobacteria,Campylobacterales,Sulfurovaceae,Sulfurovum,0
M38,Aegir_M38_B105,GECPGONF_1.region001,RiPP,RiPP-like,8.78,10,Bacteria,Campylobacterota,Campylobacteria,Campylobacterales,Sulfurovaceae,Sulfurovum,0
M38,Aegir_M38_B105,GECPGONF_22.region001,RiPP,RRE-containing,20.28,24,Bacteria,Campylobacterota,Campylobacteria,Campylobacterales,Sulfurovaceae,Sulfurovum,0
M38,Aegir_M38_B106,ILCDLNJB_64.region001,Terpene,Terpene generic,3.35,2,Bacteria,Zixibacteria,MSB-5A5,GN15,40940,QQUK01,0
M38,Aegir_M38_B109,PLALPCGD_70.region001,RiPP,RRE-containing,3,3,Bacteria,Bacteroidota,Bacteroidia,Flavobacteriales,Flavobacteriaceae,GCA-002733185,0
M38,Aegir_M38_B13,JGAODFDO_11.region001,RiPP,RRE-containing,20.28,15,Bacteria,Pseudomonadota,Gammaproteobacteria,Chromatiales,Sedimenticolaceae,0,0
M38,Aegir_M38_B13,JGAODFDO_32.region001,RiPP,RiPP-like,10.86,10,Bacteria,Pseudomonadota,Gammaproteobacteria,Chromatiales,Sedimenticolaceae,0,0
M38,Aegir_M38_B13,JGAODFDO_8.region001,RiPP,RRE-containing,20.24,16,Bacteria,Pseudomonadota,Gammaproteobacteria,Chromatiales,Sedimenticolaceae,0,0
M38,Aegir_M38_B14,KGMMKEAO_80.region001,Terpene,Terpene generic,2.98,2,Bacteria,Pseudomonadota,Zetaproteobacteria,Mariprofundales,Mariprofundaceae,Ghiorsea,0
M38,Aegir_M38_B15,PNCLIAJG_176.region001,Other,arylpolyene,4.08,4,Bacteria,Planctomycetota,JADGBV01,JADGBV01,JADGBV01,0,0
M38,Aegir_M38_B15,PNCLIAJG_200.region001,Other,arylpolyene,3.63,5,Bacteria,Planctomycetota,JADGBV01,JADGBV01,JADGBV01,0,0
M38,Aegir_M38_B16,IOIKAMCH_36.region001,Other,acyl_amino_acids,4.88,6,Archaea,Nanobdellota,Nanobdellia,Woesearchaeales,UBA583,UBA583,0
M38,Aegir_M38_B18,CDLOGJGO_39.region001,RiPP,RRE-containing,10.47,10,Bacteria,Campylobacterota,Campylobacteria,Campylobacterales,Sulfurimonadaceae,Sulfurimonas,0
M38,Aegir_M38_B19,ECPBKFON_167.region001,RiPP,RRE-containing,13.74,13,Bacteria,Pseudomonadota,Zetaproteobacteria,Mariprofundales,Mariprofundaceae,AB-137-C09,0
M38,Aegir_M38_B19,ECPBKFON_70.region001,Polyketide,hglE-KS,23.11,6,Bacteria,Pseudomonadota,Zetaproteobacteria,Mariprofundales,Mariprofundaceae,AB-137-C09,0
M38,Aegir_M38_B19,ECPBKFON_90.region001,Other,ectoine,5.57,6,Bacteria,Pseudomonadota,Zetaproteobacteria,Mariprofundales,Mariprofundaceae,AB-137-C09,0
M38,Aegir_M38_B2,FILNCIPO_491.region001,Other,hserlactone,4.41,7,Bacteria,Pseudomonadota,Alphaproteobacteria,Rhodobacterales,Rhodobacteraceae,UBA5972,0
M38,Aegir_M38_B2,FILNCIPO_514.region001,Other,hserlactone,3.25,4,Bacteria,Pseudomonadota,Alphaproteobacteria,Rhodobacterales,Rhodobacteraceae,UBA5972,0
M38,Aegir_M38_B20,CFBDOOPH_194.region001,RiPP,RRE-containing,4.28,4,Bacteria,Chloroflexota,Anaerolineae,JAAYZQ01,JAAYZQ01,0,0
M38,Aegir_M38_B21,NIMPLCKH_142.region001,Polyketide,T1PKS,11.54,6,Bacteria,Pseudomonadota,Gammaproteobacteria,Methylococcales,Methylomonadaceae,QPIN01,QPIN01 sp026988195
M38,Aegir_M38_B21,NIMPLCKH_193.region001,RiPP,RiPP-like,7.25,7,Bacteria,Pseudomonadota,Gammaproteobacteria,Methylococcales,Methylomonadaceae,QPIN01,QPIN01 sp026988195
M38,Aegir_M38_B21,NIMPLCKH_11.region001,Other,arylpolyene,36.55,36,Bacteria,Pseudomonadota,Gammaproteobacteria,Methylococcales,Methylomonadaceae,QPIN01,QPIN01 sp026988195
M38,Aegir_M38_B21,NIMPLCKH_3.region001,Other,hydrogen-cyanide,8.83,9,Bacteria,Pseudomonadota,Gammaproteobacteria,Methylococcales,Methylomonadaceae,QPIN01,QPIN01 sp026988195
M38,Aegir_M38_B21,NIMPLCKH_54.region001,RiPP,redox-cofactor,22.25,20,Bacteria,Pseudomonadota,Gammaproteobacteria,Methylococcales,Methylomonadaceae,QPIN01,QPIN01 sp026988195
M38,Aegir_M38_B21,NIMPLCKH_23.region001,Terpene,Terpene generic,19.85,15,Bacteria,Pseudomonadota,Gammaproteobacteria,Methylococcales,Methylomonadaceae,QPIN01,QPIN01 sp026988195
M38,Aegir_M38_B22,HBKOMCGO_49.region001,Other,hserlactone,17.13,12,Bacteria,Pseudomonadota,Gammaproteobacteria,Nitrosococcales,Methylophagaceae,GCA-002733105,0
M38,Aegir_M38_B22,HBKOMCGO_53.region001,Terpene,Terpene generic,11.82,12,Bacteria,Pseudomonadota,Gammaproteobacteria,Nitrosococcales,Methylophagaceae,GCA-002733105,0
M38,Aegir_M38_B22,HBKOMCGO_9.region001,Terpene,Terpene generic,19.61,20,Bacteria,Pseudomonadota,Gammaproteobacteria,Nitrosococcales,Methylophagaceae,GCA-002733105,0
M38,Aegir_M38_B22,HBKOMCGO_20.region001,RiPP,redox-cofactor,22.19,23,Bacteria,Pseudomonadota,Gammaproteobacteria,Nitrosococcales,Methylophagaceae,GCA-002733105,0
M38,Aegir_M38_B22,HBKOMCGO_36.region001,RiPP,RiPP-like,11.74,12,Bacteria,Pseudomonadota,Gammaproteobacteria,Nitrosococcales,Methylophagaceae,GCA-002733105,0
M38,Aegir_M38_B22,HBKOMCGO_22.region001,RiPP,RiPP-like,10.85,12,Bacteria,Pseudomonadota,Gammaproteobacteria,Nitrosococcales,Methylophagaceae,GCA-002733105,0
M38,Aegir_M38_B23,IJJEGNDG_82.region001,Terpene,Terpene generic,11.61,11,Bacteria,Calditrichota,Calditrichia,Calditrichales,Calditrichaceae,JANTFQ01,0
M38,Aegir_M38_B23,IJJEGNDG_11.region001,Hybrid,NRPS:T1PKS,32.77,19,Bacteria,Calditrichota,Calditrichia,Calditrichales,Calditrichaceae,JANTFQ01,0
M38,Aegir_M38_B23,IJJEGNDG_225.region001,RiPP,RRE-containing,15.34,16,Bacteria,Calditrichota,Calditrichia,Calditrichales,Calditrichaceae,JANTFQ01,0
M38,Aegir_M38_B23,IJJEGNDG_205.region001,NRP,NRP generic,49.37,16,Bacteria,Calditrichota,Calditrichia,Calditrichales,Calditrichaceae,JANTFQ01,0
M38,Aegir_M38_B23,IJJEGNDG_68.region001,NRP,NRP generic,9.54,2,Bacteria,Calditrichota,Calditrichia,Calditrichales,Calditrichaceae,JANTFQ01,0
M38,Aegir_M38_B25,CIGBJIDC_133.region001,Terpene,Terpene generic,14.38,15,Bacteria,Bacteroidota,Bacteroidia,Flavobacteriales,Crocinitomicaceae,UBA4466,0
M38,Aegir_M38_B25,CIGBJIDC_43.region001,Hybrid,arylpolyene:resorcinol,44.04,42,Bacteria,Bacteroidota,Bacteroidia,Flavobacteriales,Crocinitomicaceae,UBA4466,0
M38,Aegir_M38_B25,CIGBJIDC_81.region001,Other,arylpolyene,41.49,41,Bacteria,Bacteroidota,Bacteroidia,Flavobacteriales,Crocinitomicaceae,UBA4466,0
M38,Aegir_M38_B26,BHAGBGDA_124.region001,Terpene,Terpene generic,17.43,14,Bacteria,Pseudomonadota,Gammaproteobacteria,Methylococcales,Methylomonadaceae,Methyloprofundus,0
M38,Aegir_M38_B26,BHAGBGDA_23.region001,Other,arylpolyene,21.75,20,Bacteria,Pseudomonadota,Gammaproteobacteria,Methylococcales,Methylomonadaceae,Methyloprofundus,0
M38,Aegir_M38_B26,BHAGBGDA_27.region001,RiPP,RiPP-like,10.85,10,Bacteria,Pseudomonadota,Gammaproteobacteria,Methylococcales,Methylomonadaceae,Methyloprofundus,0
M38,Aegir_M38_B26,BHAGBGDA_6.region001,NRP,NRP generic,43.82,32,Bacteria,Pseudomonadota,Gammaproteobacteria,Methylococcales,Methylomonadaceae,Methyloprofundus,0
M38,Aegir_M38_B26,BHAGBGDA_98.region001,RiPP,redox-cofactor,25.63,21,Bacteria,Pseudomonadota,Gammaproteobacteria,Methylococcales,Methylomonadaceae,Methyloprofundus,0
M38,Aegir_M38_B28,AKLHHOGF_201.region001,RiPP,RiPP-like,5.51,5,Bacteria,Pseudomonadota,Gammaproteobacteria,SZUA-229,SZUA-229,S010-25,0
M38,Aegir_M38_B28,AKLHHOGF_88.region001,NRP,NRPS-like,21.95,20,Bacteria,Pseudomonadota,Gammaproteobacteria,SZUA-229,SZUA-229,S010-25,0
M38,Aegir_M38_B28,AKLHHOGF_99.region001,NRP,NRPS-like,6.32,4,Bacteria,Pseudomonadota,Gammaproteobacteria,SZUA-229,SZUA-229,S010-25,0
M38,Aegir_M38_B29,COJGKPDN_31.region001,Polyketide,T3PKS,3.63,5,Bacteria,Krumholzibacteriota,Krumholzibacteriia,LZORAL124-64-63,LZORAL124-64-63,JAGRNP01,0
M38,Aegir_M38_B29,COJGKPDN_330.region001,RiPP,RRE-containing,6.05,8,Bacteria,Krumholzibacteriota,Krumholzibacteriia,LZORAL124-64-63,LZORAL124-64-63,JAGRNP01,0
M38,Aegir_M38_B3,IAPKAHNK_3.region001,RiPP,RiPP-like,6.54,6,Bacteria,Bdellovibrionota,Bacteriovoracia,Bacteriovoracales,Bacteriovoracaceae,0,0
M38,Aegir_M38_B30,APGDIBME_12.region001,NRP,NRP generic,28.15,20,Bacteria,Pseudomonadota,Gammaproteobacteria,Methylococcales,Methylomonadaceae,WTBX01,WTBX01 sp030949405
M38,Aegir_M38_B30,APGDIBME_16.region001,Hybrid,NRPS:T1PKS,49.4,40,Bacteria,Pseudomonadota,Gammaproteobacteria,Methylococcales,Methylomonadaceae,WTBX01,WTBX01 sp030949405
M38,Aegir_M38_B30,APGDIBME_25.region001,RiPP,ranthipeptide,15.45,15,Bacteria,Pseudomonadota,Gammaproteobacteria,Methylococcales,Methylomonadaceae,WTBX01,WTBX01 sp030949405
M38,Aegir_M38_B30,APGDIBME_27.region001,Terpene,Terpene generic,22.35,16,Bacteria,Pseudomonadota,Gammaproteobacteria,Methylococcales,Methylomonadaceae,WTBX01,WTBX01 sp030949405
M38,Aegir_M38_B30,APGDIBME_32.region001,Terpene,Terpene generic,23.07,19,Bacteria,Pseudomonadota,Gammaproteobacteria,Methylococcales,Methylomonadaceae,WTBX01,WTBX01 sp030949405
M38,Aegir_M38_B31,JEMMGIEH_106.region001,Hybrid,arylpolyene:resorcinol,25.4,27,Bacteria,Bacteroidota,Bacteroidia,Flavobacteriales,Flavobacteriaceae,Urechidicola,0
M38,Aegir_M38_B31,JEMMGIEH_26.region001,Other,arylpolyene,7.42,6,Bacteria,Bacteroidota,Bacteroidia,Flavobacteriales,Flavobacteriaceae,Urechidicola,0
M38,Aegir_M38_B32,EHIJNLMB_171.region001,RiPP,RiPP-like,4.56,6,Bacteria,Pseudomonadota,Alphaproteobacteria,Rhodobacterales,Rhodobacteraceae,UBA3077,0
M38,Aegir_M38_B32,EHIJNLMB_130.region001,Terpene,Terpene generic,15.46,16,Bacteria,Pseudomonadota,Alphaproteobacteria,Rhodobacterales,Rhodobacteraceae,UBA3077,0
M38,Aegir_M38_B32,EHIJNLMB_2.region001,Other,hserlactone,20.64,18,Bacteria,Pseudomonadota,Alphaproteobacteria,Rhodobacterales,Rhodobacteraceae,UBA3077,0
M38,Aegir_M38_B32,EHIJNLMB_97.region001,RiPP,RiPP-like,9.2,8,Bacteria,Pseudomonadota,Alphaproteobacteria,Rhodobacterales,Rhodobacteraceae,UBA3077,0
M38,Aegir_M38_B33,BIBOBJMB_144.region001,RiPP,RRE-containing,17.35,14,Bacteria,Desulfobacterota,Desulfobulbia,Desulfobulbales,Desulfobulbaceae,DRLX01,0
M38,Aegir_M38_B33,BIBOBJMB_211.region001,Other,arylpolyene,3.35,2,Bacteria,Desulfobacterota,Desulfobulbia,Desulfobulbales,Desulfobulbaceae,DRLX01,0
M38,Aegir_M38_B33,BIBOBJMB_214.region001,RiPP,RiPP-like,6.71,7,Bacteria,Desulfobacterota,Desulfobulbia,Desulfobulbales,Desulfobulbaceae,DRLX01,0
M38,Aegir_M38_B33,BIBOBJMB_307.region001,Other,arylpolyene,12.48,13,Bacteria,Desulfobacterota,Desulfobulbia,Desulfobulbales,Desulfobulbaceae,DRLX01,0
M38,Aegir_M38_B33,BIBOBJMB_308.region001,RiPP,RRE-containing,11.77,13,Bacteria,Desulfobacterota,Desulfobulbia,Desulfobulbales,Desulfobulbaceae,DRLX01,0
M38,Aegir_M38_B33,BIBOBJMB_42.region001,RiPP,lassopeptide,21.5,27,Bacteria,Desulfobacterota,Desulfobulbia,Desulfobulbales,Desulfobulbaceae,DRLX01,0
M38,Aegir_M38_B33,BIBOBJMB_92.region001,RiPP,RiPP-like,9.2,9,Bacteria,Desulfobacterota,Desulfobulbia,Desulfobulbales,Desulfobulbaceae,DRLX01,0
M38,Aegir_M38_B35,NPMGFPNF_1112.region001,RiPP,RiPP-like,2.54,2,Bacteria,Myxococcota,UBA9042,PWKZ01,PWKZ01,0,0
M38,Aegir_M38_B35,NPMGFPNF_58.region001,RiPP,RiPP-like,3.05,2,Bacteria,Myxococcota,UBA9042,PWKZ01,PWKZ01,0,0
M38,Aegir_M38_B35,NPMGFPNF_594.region001,Terpene,Terpene generic,3.09,3,Bacteria,Myxococcota,UBA9042,PWKZ01,PWKZ01,0,0
M38,Aegir_M38_B36,JNFGIEIN_107.region001,RiPP,RiPP-like,6.9,6,Bacteria,Pseudomonadota,Alphaproteobacteria,Rhodobacterales,Rhodobacteraceae,UBA3077,0
M38,Aegir_M38_B36,JNFGIEIN_4.region001,Terpene,Terpene generic,14.32,16,Bacteria,Pseudomonadota,Alphaproteobacteria,Rhodobacterales,Rhodobacteraceae,UBA3077,0
M38,Aegir_M38_B36,JNFGIEIN_99.region001,Other,hserlactone,18.23,16,Bacteria,Pseudomonadota,Alphaproteobacteria,Rhodobacterales,Rhodobacteraceae,UBA3077,0
M38,Aegir_M38_B36,JNFGIEIN_11.region001,RiPP,RRE-containing,21.27,27,Bacteria,Pseudomonadota,Alphaproteobacteria,Rhodobacterales,Rhodobacteraceae,UBA3077,0
M38,Aegir_M38_B37,JNIPKFCK_94.region001,RiPP,RiPP-like,6.38,8,Bacteria,Pseudomonadota,Alphaproteobacteria,Caulobacterales,Maricaulaceae,Robiginitomaculum_A,0
M38,Aegir_M38_B38,LMPFGBPF_127.region001,Terpene,Terpene generic,20.77,22,Bacteria,Pseudomonadota,Alphaproteobacteria,Rhodobacterales,Rhodobacteraceae,UBA3077,0
M38,Aegir_M38_B38,LMPFGBPF_9.region001,RiPP,RiPP-like,4.67,6,Bacteria,Pseudomonadota,Alphaproteobacteria,Rhodobacterales,Rhodobacteraceae,UBA3077,0
M38,Aegir_M38_B38,LMPFGBPF_136.region001,RiPP,RiPP-like,5.77,7,Bacteria,Pseudomonadota,Alphaproteobacteria,Rhodobacterales,Rhodobacteraceae,UBA3077,0
M38,Aegir_M38_B4,CCEEDJDB_76.region001,RiPP,ranthipeptide,12.77,16,Archaea,Halobacteriota,Syntropharchaeia,Alkanophagales,Methanospirareceae,G60ANME1,G60ANME1 sp025464325
M38,Aegir_M38_B4,CCEEDJDB_27.region001,RiPP,RiPP-like,11.18,10,Archaea,Halobacteriota,Syntropharchaeia,Alkanophagales,Methanospirareceae,G60ANME1,G60ANME1 sp025464325
M38,Aegir_M38_B42,APGNHLOD_104.region001,RiPP,ranthipeptide,11.99,13,Bacteria,Actinomycetota,Acidimicrobiia,Acidimicrobiales,Aldehydirespiratoraceae,SZUA-87,0
M38,Aegir_M38_B42,APGNHLOD_34.region001,Terpene,Terpene generic,12.57,10,Bacteria,Actinomycetota,Acidimicrobiia,Acidimicrobiales,Aldehydirespiratoraceae,SZUA-87,0
M38,Aegir_M38_B43,NPMKINEH_108.region001,Terpene,Terpene generic,19.14,26,Bacteria,Pseudomonadota,Zetaproteobacteria,Mariprofundales,Mariprofundaceae,Mariprofundus,0
M38,Aegir_M38_B43,NPMKINEH_135.region001,NRP,NRP generic,46.4,19,Bacteria,Pseudomonadota,Zetaproteobacteria,Mariprofundales,Mariprofundaceae,Mariprofundus,0
M38,Aegir_M38_B43,NPMKINEH_141.region001,Other,arylpolyene,21.76,25,Bacteria,Pseudomonadota,Zetaproteobacteria,Mariprofundales,Mariprofundaceae,Mariprofundus,0
M38,Aegir_M38_B43,NPMKINEH_226.region001,NRP,NRP generic,9.86,2,Bacteria,Pseudomonadota,Zetaproteobacteria,Mariprofundales,Mariprofundaceae,Mariprofundus,0
M38,Aegir_M38_B44,FIGLHJNH_12.region001,Other,arylpolyene,20.62,25,Bacteria,Campylobacterota,Campylobacteria,Campylobacterales,Sulfurimonadaceae,Sulfurimonas,0
M38,Aegir_M38_B44,FIGLHJNH_16.region001,RiPP,RiPP-like,11.64,9,Bacteria,Campylobacterota,Campylobacteria,Campylobacterales,Sulfurimonadaceae,Sulfurimonas,0
M38,Aegir_M38_B44,FIGLHJNH_83.region001,RiPP,RRE-containing,20.24,16,Bacteria,Campylobacterota,Campylobacteria,Campylobacterales,Sulfurimonadaceae,Sulfurimonas,0
M38,Aegir_M38_B45,PDGCENIA_65.region001,Terpene,Terpene generic,16.99,12,Bacteria,Pseudomonadota,Gammaproteobacteria,Methylococcales,Methylomonadaceae,Methyloprofundus,Methyloprofundus sp900128525
M38,Aegir_M38_B45,PDGCENIA_280.region001,NRP,NRPS-like,10.96,13,Bacteria,Pseudomonadota,Gammaproteobacteria,Methylococcales,Methylomonadaceae,Methyloprofundus,Methyloprofundus sp900128525
M38,Aegir_M38_B45,PDGCENIA_181.region001,RiPP,RiPP-like,6.6,5,Bacteria,Pseudomonadota,Gammaproteobacteria,Methylococcales,Methylomonadaceae,Methyloprofundus,Methyloprofundus sp900128525
M38,Aegir_M38_B46,GILEGNBK_184.region001,Terpene,Terpene generic,7.49,6,Bacteria,PUNC01,Erginobacteria,Erginobacterales,Erginobacteraceae,CAKZYZ01,0
M38,Aegir_M38_B47,IIPPKAGC_14.region001,RiPP,RiPP-like,10.46,8,Bacteria,Campylobacterota,Campylobacteria,Campylobacterales,Sulfurimonadaceae,Sulfurimonas,0
M38,Aegir_M38_B49,KHHHKCJG_19.region001,Other,hydrogen-cyanide,10.23,7,Bacteria,Desulfobacterota,DSM-4660,Desulfatiglandales,Desulfatiglandaceae,B111-G9,0
M38,Aegir_M38_B49,KHHHKCJG_249.region001,RiPP,RiPP-like,11.73,7,Bacteria,Desulfobacterota,DSM-4660,Desulfatiglandales,Desulfatiglandaceae,B111-G9,0
M38,Aegir_M38_B49,KHHHKCJG_257.region001,RiPP,RiPP-like,11.76,9,Bacteria,Desulfobacterota,DSM-4660,Desulfatiglandales,Desulfatiglandaceae,B111-G9,0
M38,Aegir_M38_B50,ONIMNOCE_16.region001,RiPP,RiPP-like,11.75,9,Bacteria,Pseudomonadota,Gammaproteobacteria,GCA-001735895,GCA-001735895,0,0
M38,Aegir_M38_B50,ONIMNOCE_75.region001,RiPP,RiPP-like,10.43,11,Bacteria,Pseudomonadota,Gammaproteobacteria,GCA-001735895,GCA-001735895,0,0
M38,Aegir_M38_B52,GCJABBPA_119.region001,Polyketide,T3PKS,41.06,35,Bacteria,Planctomycetota,UBA1135,UBA1135,UBA1135,GCA-2746235,0
M38,Aegir_M38_B52,GCJABBPA_134.region001,Terpene,Terpene generic,4.6,5,Bacteria,Planctomycetota,UBA1135,UBA1135,UBA1135,GCA-2746235,0
M38,Aegir_M38_B52,GCJABBPA_57.region001,Hybrid,NRPS-like:T1PKS,32.11,20,Bacteria,Planctomycetota,UBA1135,UBA1135,UBA1135,GCA-2746235,0
M38,Aegir_M38_B53,PEHBDAKJ_4.region001,RiPP,RiPP-like,10.01,6,Bacteria,Desulfobacterota,Desulfofervidia,Desulfofervidales,Desulfofervidaceae,Desulfofervidus,0
M38,Aegir_M38_B53,PEHBDAKJ_88.region001,RiPP,RiPP-like,4.74,5,Bacteria,Desulfobacterota,Desulfofervidia,Desulfofervidales,Desulfofervidaceae,Desulfofervidus,0
M38,Aegir_M38_B54,IPCMLAMI_124.region001,RiPP,RRE-containing,8.19,10,Bacteria,CAIWAD01,CAIWAD01,CAIWAD01,CAIWAD01,JAUIFJ01,0
M38,Aegir_M38_B54,IPCMLAMI_199.region001,Terpene,Terpene generic,8.5,8,Bacteria,CAIWAD01,CAIWAD01,CAIWAD01,CAIWAD01,JAUIFJ01,0
M38,Aegir_M38_B57,ENFPJDJP_123.region001,Terpene,Terpene generic,11.97,11,Bacteria,Planctomycetota,Planctomycetia,Pirellulales,Thermoguttaceae,JAZFUB01,0
M38,Aegir_M38_B57,ENFPJDJP_372.region001,Terpene,Terpene generic,4.33,2,Bacteria,Planctomycetota,Planctomycetia,Pirellulales,Thermoguttaceae,JAZFUB01,0
M38,Aegir_M38_B57,ENFPJDJP_571.region001,Other,other,3.65,5,Bacteria,Planctomycetota,Planctomycetia,Pirellulales,Thermoguttaceae,JAZFUB01,0
M38,Aegir_M38_B57,ENFPJDJP_700.region001,Polyketide,T1PKS,9.24,1,Bacteria,Planctomycetota,Planctomycetia,Pirellulales,Thermoguttaceae,JAZFUB01,0
M38,Aegir_M38_B57,ENFPJDJP_706.region001,Terpene,Terpene generic,3.67,3,Bacteria,Planctomycetota,Planctomycetia,Pirellulales,Thermoguttaceae,JAZFUB01,0
M38,Aegir_M38_B57,ENFPJDJP_715.region001,NRP,NRPS-like,12.22,10,Bacteria,Planctomycetota,Planctomycetia,Pirellulales,Thermoguttaceae,JAZFUB01,0
M38,Aegir_M38_B6,LPEMMCJN_63.region001,RiPP,RRE-containing,11.16,8,Bacteria,Bacteroidota,Bacteroidia,Flavobacteriales,Crocinitomicaceae,UBA4466,0
M38,Aegir_M38_B61,EHKJGOEI_623.region001,Other,hserlactone,9.15,8,Bacteria,Chloroflexota,Anaerolineae,Anaerolineales,UBA11858,NIOZ-UU35,0
M38,Aegir_M38_B64,NAOKMLNH_135.region001,RiPP,LAP,8.11,7,Bacteria,Bdellovibrionota_B,Oligoflexia,Oligoflexales,JAWKNZ01,0,0
M38,Aegir_M38_B64,NAOKMLNH_36.region001,RiPP,RiPP-like,9.6,6,Bacteria,Bdellovibrionota_B,Oligoflexia,Oligoflexales,JAWKNZ01,0,0
M38,Aegir_M38_B64,NAOKMLNH_48.region001,RiPP,RiPP-like,7.87,8,Bacteria,Bdellovibrionota_B,Oligoflexia,Oligoflexales,JAWKNZ01,0,0
M38,Aegir_M38_B64,NAOKMLNH_87.region001,Polyketide,T3PKS,10.91,11,Bacteria,Bdellovibrionota_B,Oligoflexia,Oligoflexales,JAWKNZ01,0,0
M38,Aegir_M38_B64,NAOKMLNH_95.region001,Polyketide,hglE-KS,42.21,21,Bacteria,Bdellovibrionota_B,Oligoflexia,Oligoflexales,JAWKNZ01,0,0
M38,Aegir_M38_B66,EMLCJMHO_100.region001,NRP,NRP generic,22.71,10,Bacteria,Desulfobacterota,Desulfobulbia,Desulfobulbales,VMSU01,JAQYVV01,0
M38,Aegir_M38_B66,EMLCJMHO_126.region001,Hybrid,arylpolyene:resorcinol,29.11,29,Bacteria,Desulfobacterota,Desulfobulbia,Desulfobulbales,VMSU01,JAQYVV01,0
M38,Aegir_M38_B66,EMLCJMHO_35.region001,RiPP,thiopeptide,21.4,15,Bacteria,Desulfobacterota,Desulfobulbia,Desulfobulbales,VMSU01,JAQYVV01,0
M38,Aegir_M38_B66,EMLCJMHO_94.region001,Other,arylpolyene,17.34,16,Bacteria,Desulfobacterota,Desulfobulbia,Desulfobulbales,VMSU01,JAQYVV01,0
M38,Aegir_M38_B67,ADJEFGIL_159.region001,Hybrid,arylpolyene:resorcinol,23.09,23,Bacteria,Desulfobacterota,Desulfobulbia,Desulfobulbales,Desulfocapsaceae,Desulfocapsa,0
M38,Aegir_M38_B67,ADJEFGIL_184.region001,RiPP,lassopeptide,16.4,12,Bacteria,Desulfobacterota,Desulfobulbia,Desulfobulbales,Desulfocapsaceae,Desulfocapsa,0
M38,Aegir_M38_B67,ADJEFGIL_21.region001,RiPP,RiPP-like,11.75,8,Bacteria,Desulfobacterota,Desulfobulbia,Desulfobulbales,Desulfocapsaceae,Desulfocapsa,0
M38,Aegir_M38_B67,ADJEFGIL_44.region001,RiPP,RRE-containing,14.09,9,Bacteria,Desulfobacterota,Desulfobulbia,Desulfobulbales,Desulfocapsaceae,Desulfocapsa,0
M38,Aegir_M38_B67,ADJEFGIL_49.region001,NRP,NRPS-like,22.12,17,Bacteria,Desulfobacterota,Desulfobulbia,Desulfobulbales,Desulfocapsaceae,Desulfocapsa,0
M38,Aegir_M38_B68,FFDAKDOA_14.region001,Terpene,Terpene generic,25.16,24,Bacteria,Bipolaricaulota,Bipolaricaulia,RBG-16-55-9,JANLFV01,0,0
M38,Aegir_M38_B7,KJAMEGOG_257.region001,Other,hydrogen-cyanide,4.8,4,Bacteria,Pseudomonadota,Gammaproteobacteria,HK1,HK1,JBFHNV01,0
M38,Aegir_M38_B7,KJAMEGOG_470.region001,NRP,NRP generic,5.94,5,Bacteria,Pseudomonadota,Gammaproteobacteria,HK1,HK1,JBFHNV01,0
M38,Aegir_M38_B7,KJAMEGOG_641.region001,Terpene,Terpene generic,2.14,2,Bacteria,Pseudomonadota,Gammaproteobacteria,HK1,HK1,JBFHNV01,0
M38,Aegir_M38_B71,CPPEEGKI_169.region001,Polyketide,T3PKS,17.12,18,Bacteria,Verrucomicrobiota,Verrucomicrobiia,Verrucomicrobiales,Akkermansiaceae,JAPKDA01,0
M38,Aegir_M38_B71,CPPEEGKI_295.region001,Terpene,Terpene generic,4.52,4,Bacteria,Verrucomicrobiota,Verrucomicrobiia,Verrucomicrobiales,Akkermansiaceae,JAPKDA01,0
M38,Aegir_M38_B71,CPPEEGKI_311.region001,Terpene,Terpene generic,5.46,5,Bacteria,Verrucomicrobiota,Verrucomicrobiia,Verrucomicrobiales,Akkermansiaceae,JAPKDA01,0
M38,Aegir_M38_B72,JLHIKFCN_28.region001,Other,hydrogen-cyanide,12.8,11,Bacteria,Pseudomonadota,Gammaproteobacteria,Methylococcales,Methylomonadaceae,WTBX01,0
M38,Aegir_M38_B72,JLHIKFCN_50.region001,Terpene,Terpene generic,22.85,17,Bacteria,Pseudomonadota,Gammaproteobacteria,Methylococcales,Methylomonadaceae,WTBX01,0
M38,Aegir_M38_B72,JLHIKFCN_72.region001,RiPP,ranthipeptide,12.08,12,Bacteria,Pseudomonadota,Gammaproteobacteria,Methylococcales,Methylomonadaceae,WTBX01,0
M38,Aegir_M38_B72,JLHIKFCN_96.region001,Other,arylpolyene,41.2,43,Bacteria,Pseudomonadota,Gammaproteobacteria,Methylococcales,Methylomonadaceae,WTBX01,0
M38,Aegir_M38_B73,GACEDKPE_108.region001,NRP,CDPS,14.16,15,Bacteria,Pseudomonadota,Gammaproteobacteria,Methylococcales,Methylomonadaceae,WTBX01,0
M38,Aegir_M38_B73,GACEDKPE_18.region001,RiPP,ranthipeptide,12.84,12,Bacteria,Pseudomonadota,Gammaproteobacteria,Methylococcales,Methylomonadaceae,WTBX01,0
M38,Aegir_M38_B73,GACEDKPE_70.region001,Other,arylpolyene,20.96,21,Bacteria,Pseudomonadota,Gammaproteobacteria,Methylococcales,Methylomonadaceae,WTBX01,0
M38,Aegir_M38_B73,GACEDKPE_74.region001,RiPP,RiPP-like,8.98,10,Bacteria,Pseudomonadota,Gammaproteobacteria,Methylococcales,Methylomonadaceae,WTBX01,0
M38,Aegir_M38_B73,GACEDKPE_81.region001,Terpene,Terpene generic,13,11,Bacteria,Pseudomonadota,Gammaproteobacteria,Methylococcales,Methylomonadaceae,WTBX01,0
M38,Aegir_M38_B73,GACEDKPE_85.region001,Polyketide,T1PKS,27.81,19,Bacteria,Pseudomonadota,Gammaproteobacteria,Methylococcales,Methylomonadaceae,WTBX01,0
M38,Aegir_M38_B74,CNCNCCNP_209.region001,RiPP,RiPP-like,6.8,7,Bacteria,Pseudomonadota,Gammaproteobacteria,SZUA-229,SZUA-229,GCA-2746365,0
M38,Aegir_M38_B74,CNCNCCNP_72.region001,RiPP,RiPP-like,4.38,5,Bacteria,Pseudomonadota,Gammaproteobacteria,SZUA-229,SZUA-229,GCA-2746365,0
M38,Aegir_M38_B75,IBOODKDA_98.region001,RiPP,ranthipeptide,12.19,11,Bacteria,Pseudomonadota,Zetaproteobacteria,Mariprofundales,Mariprofundaceae,GCA-2401635,0
M38,Aegir_M38_B76,BPOLMMFO_207.region001,RiPP,ranthipeptide,26.94,16,Bacteria,Myxococcota,Bradymonadia,UBA7976,UBA1532,0,0
M38,Aegir_M38_B76,BPOLMMFO_63.region001,RiPP,RRE-containing,20.26,16,Bacteria,Myxococcota,Bradymonadia,UBA7976,UBA1532,0,0
M38,Aegir_M38_B76,BPOLMMFO_66.region001,Polyketide,hglE-KS,22.16,12,Bacteria,Myxococcota,Bradymonadia,UBA7976,UBA1532,0,0
M38,Aegir_M38_B76,BPOLMMFO_82.region001,NRP,NRPS-like,30.92,24,Bacteria,Myxococcota,Bradymonadia,UBA7976,UBA1532,0,0
M38,Aegir_M38_B77,IEOKNLIK_35.region001,RiPP,RiPP-like,11.51,10,Bacteria,Campylobacterota,Campylobacteria,Campylobacterales,Sulfurimonadaceae,Sulfurimonas,0
M38,Aegir_M38_B77,IEOKNLIK_64.region001,Hybrid,arylpolyene:resorcinol,37.9,43,Bacteria,Campylobacterota,Campylobacteria,Campylobacterales,Sulfurimonadaceae,Sulfurimonas,0
M38,Aegir_M38_B79,CGJFFKOE_1.region001,RiPP,thiopeptide,44.06,42,Bacteria,Desulfobacterota,Thermodesulfobacteria,Thermodesulfobacteriales,Thermodesulfobacteriaceae,Thermodesulfobacterium,0
M38,Aegir_M38_B8,EBIDJMJL_52.region001,Other,arylpolyene,8.6,10,Bacteria,Bacteroidota,Bacteroidia,Flavobacteriales,Flavobacteriaceae,Lutimonas,0
M38,Aegir_M38_B8,EBIDJMJL_212.region001,Other,arylpolyene,15.02,17,Bacteria,Bacteroidota,Bacteroidia,Flavobacteriales,Flavobacteriaceae,Lutimonas,0
M38,Aegir_M38_B8,EBIDJMJL_43.region001,RiPP,RRE-containing,16.96,14,Bacteria,Bacteroidota,Bacteroidia,Flavobacteriales,Flavobacteriaceae,Lutimonas,0
M38,Aegir_M38_B80,MIKMEDDN_29.region001,Terpene,Terpene generic,20.85,22,Bacteria,Pseudomonadota,Gammaproteobacteria,Nitrosococcales,Methylophagaceae,GCA-002733105,0
M38,Aegir_M38_B80,MIKMEDDN_10.region001,RiPP,redox-cofactor,16.14,16,Bacteria,Pseudomonadota,Gammaproteobacteria,Nitrosococcales,Methylophagaceae,GCA-002733105,0
M38,Aegir_M38_B80,MIKMEDDN_104.region001,RiPP,RiPP-like,8.46,8,Bacteria,Pseudomonadota,Gammaproteobacteria,Nitrosococcales,Methylophagaceae,GCA-002733105,0
M38,Aegir_M38_B80,MIKMEDDN_50.region001,Terpene,Terpene generic,11.49,11,Bacteria,Pseudomonadota,Gammaproteobacteria,Nitrosococcales,Methylophagaceae,GCA-002733105,0
M38,Aegir_M38_B80,MIKMEDDN_77.region001,RiPP,RiPP-like,10.85,12,Bacteria,Pseudomonadota,Gammaproteobacteria,Nitrosococcales,Methylophagaceae,GCA-002733105,0
M38,Aegir_M38_B81,FPKJGNPI_207.region001,RiPP,RiPP-like,5.2,6,Bacteria,Desulfobacterota,Desulfobulbia,Desulfobulbales,BM004,0,0
M38,Aegir_M38_B81,FPKJGNPI_532.region001,RiPP,RRE-containing,2.93,2,Bacteria,Desulfobacterota,Desulfobulbia,Desulfobulbales,BM004,0,0
M38,Aegir_M38_B82,ODMODOJI_34.region001,Terpene,Terpene generic,7.36,6,Bacteria,Pseudomonadota,Zetaproteobacteria,Mariprofundales,Mariprofundaceae,GCA-2401635,GCA-2401635 sp030950865
M38,Aegir_M38_B82,ODMODOJI_63.region001,RiPP,RRE-containing,10.86,12,Bacteria,Pseudomonadota,Zetaproteobacteria,Mariprofundales,Mariprofundaceae,GCA-2401635,GCA-2401635 sp030950865
M38,Aegir_M38_B83,BIPNPGMJ_368.region001,RiPP,RRE-containing,20.27,14,Bacteria,Myxococcota,Bradymonadia,UBA7976,UBA1532,0,0
M38,Aegir_M38_B83,BIPNPGMJ_698.region001,NRP,NRPS-like,17.89,13,Bacteria,Myxococcota,Bradymonadia,UBA7976,UBA1532,0,0
M38,Aegir_M38_B84,LMKJOADE_26.region001,Terpene,Terpene generic,20.84,22,Bacteria,Pseudomonadota,Gammaproteobacteria,JAUZRS01,JAUZRS01,JAUZRS01,JAUZRS01 sp030949385
M38,Aegir_M38_B84,LMKJOADE_40.region001,RiPP,RiPP-like,7.5,9,Bacteria,Pseudomonadota,Gammaproteobacteria,JAUZRS01,JAUZRS01,JAUZRS01,JAUZRS01 sp030949385
M38,Aegir_M38_B85,ACLCOCJL_32.region001,Other,hserlactone,16.97,11,Bacteria,Pseudomonadota,Gammaproteobacteria,Enterobacterales,Alteromonadaceae,GCA-2401725,GCA-2401725 sp002401725
M38,Aegir_M38_B85,ACLCOCJL_4.region001,RiPP,RiPP-like,4.72,4,Bacteria,Pseudomonadota,Gammaproteobacteria,Enterobacterales,Alteromonadaceae,GCA-2401725,GCA-2401725 sp002401725
M38,Aegir_M38_B85,ACLCOCJL_87.region001,RiPP,RiPP-like,8.69,5,Bacteria,Pseudomonadota,Gammaproteobacteria,Enterobacterales,Alteromonadaceae,GCA-2401725,GCA-2401725 sp002401725
M38,Aegir_M38_B86,CHPEPIBD_118.region001,RiPP,RRE-containing,4.33,7,Bacteria,Campylobacterota,Campylobacteria,Campylobacterales,Sulfurovaceae,Sulfurovum,0
M38,Aegir_M38_B87,ICAEBNNE_140.region001,RiPP,RRE-containing,15.12,6,Bacteria,UBP6,UBA1177,JAFGXH01,JAFGXH01,JAMOQH01,0
M38,Aegir_M38_B87,ICAEBNNE_5.region001,RiPP,thiopeptide,15.97,18,Bacteria,UBP6,UBA1177,JAFGXH01,JAFGXH01,JAMOQH01,0
M38,Aegir_M38_B87,ICAEBNNE_73.region001,RiPP,RRE-containing,12.44,7,Bacteria,UBP6,UBA1177,JAFGXH01,JAFGXH01,JAMOQH01,0
M38,Aegir_M38_B88,MOJNHEPC_107.region001,Other,arylpolyene,36.98,32,Bacteria,Pseudomonadota,Gammaproteobacteria,Pseudomonadales,Pseudomonadaceae,Pseudomonas_E,Pseudomonas_E sp002874965
M38,Aegir_M38_B88,MOJNHEPC_194.region001,NRP,NRP generic,25.48,2,Bacteria,Pseudomonadota,Gammaproteobacteria,Pseudomonadales,Pseudomonadaceae,Pseudomonas_E,Pseudomonas_E sp002874965
M38,Aegir_M38_B88,MOJNHEPC_197.region001,RiPP,RiPP-like,10.02,9,Bacteria,Pseudomonadota,Gammaproteobacteria,Pseudomonadales,Pseudomonadaceae,Pseudomonas_E,Pseudomonas_E sp002874965
M38,Aegir_M38_B88,MOJNHEPC_200.region001,Other,ectoine,8.45,8,Bacteria,Pseudomonadota,Gammaproteobacteria,Pseudomonadales,Pseudomonadaceae,Pseudomonas_E,Pseudomonas_E sp002874965
M38,Aegir_M38_B88,MOJNHEPC_235.region001,RiPP,RiPP-like,8,7,Bacteria,Pseudomonadota,Gammaproteobacteria,Pseudomonadales,Pseudomonadaceae,Pseudomonas_E,Pseudomonas_E sp002874965
M38,Aegir_M38_B88,MOJNHEPC_238.region001,Other,hydrogen-cyanide,8.28,8,Bacteria,Pseudomonadota,Gammaproteobacteria,Pseudomonadales,Pseudomonadaceae,Pseudomonas_E,Pseudomonas_E sp002874965
M38,Aegir_M38_B88,MOJNHEPC_262.region001,NRP,NRP generic,26.46,20,Bacteria,Pseudomonadota,Gammaproteobacteria,Pseudomonadales,Pseudomonadaceae,Pseudomonas_E,Pseudomonas_E sp002874965
M38,Aegir_M38_B88,MOJNHEPC_283.region001,NRP,NRP generic,34.66,22,Bacteria,Pseudomonadota,Gammaproteobacteria,Pseudomonadales,Pseudomonadaceae,Pseudomonas_E,Pseudomonas_E sp002874965
M38,Aegir_M38_B88,MOJNHEPC_290.region001,Hybrid,NRPS:NRP-metallophore,38.45,27,Bacteria,Pseudomonadota,Gammaproteobacteria,Pseudomonadales,Pseudomonadaceae,Pseudomonas_E,Pseudomonas_E sp002874965
M38,Aegir_M38_B88,MOJNHEPC_326.region001,Hybrid,NRPS:NRP-metallophore,25.77,8,Bacteria,Pseudomonadota,Gammaproteobacteria,Pseudomonadales,Pseudomonadaceae,Pseudomonas_E,Pseudomonas_E sp002874965
M38,Aegir_M38_B88,MOJNHEPC_365.region001,Terpene,Terpene generic,21.04,17,Bacteria,Pseudomonadota,Gammaproteobacteria,Pseudomonadales,Pseudomonadaceae,Pseudomonas_E,Pseudomonas_E sp002874965
M38,Aegir_M38_B88,MOJNHEPC_58.region001,RiPP,redox-cofactor,22.16,18,Bacteria,Pseudomonadota,Gammaproteobacteria,Pseudomonadales,Pseudomonadaceae,Pseudomonas_E,Pseudomonas_E sp002874965
M38,Aegir_M38_B88,MOJNHEPC_7.region001,Other,NAGGN,10.65,7,Bacteria,Pseudomonadota,Gammaproteobacteria,Pseudomonadales,Pseudomonadaceae,Pseudomonas_E,Pseudomonas_E sp002874965
M38,Aegir_M38_B88,MOJNHEPC_85.region001,RiPP,RiPP-like,7.34,6,Bacteria,Pseudomonadota,Gammaproteobacteria,Pseudomonadales,Pseudomonadaceae,Pseudomonas_E,Pseudomonas_E sp002874965
M38,Aegir_M38_B88,MOJNHEPC_94.region001,RiPP,RiPP-like,6.41,8,Bacteria,Pseudomonadota,Gammaproteobacteria,Pseudomonadales,Pseudomonadaceae,Pseudomonas_E,Pseudomonas_E sp002874965
M38,Aegir_M38_B88,MOJNHEPC_347.region001,NRP,NRP generic,34.03,23,Bacteria,Pseudomonadota,Gammaproteobacteria,Pseudomonadales,Pseudomonadaceae,Pseudomonas_E,Pseudomonas_E sp002874965
M38,Aegir_M38_B89,KDNKGBAB_28.region001,Hybrid,arylpolyene:resorcinol,46.46,46,Bacteria,Bacteroidota,Bacteroidia,Flavobacteriales,Crocinitomicaceae,UBA4466,0
M38,Aegir_M38_B9,KPMAJJBN_117.region001,RiPP,RRE-containing,9.23,8,Bacteria,Bacteroidota,Bacteroidia,Flavobacteriales,Vicingaceae,GCA-002793235,0
M38,Aegir_M38_B9,KPMAJJBN_153.region001,RiPP,RiPP-like,7.74,5,Bacteria,Bacteroidota,Bacteroidia,Flavobacteriales,Vicingaceae,GCA-002793235,0
M38,Aegir_M38_B9,KPMAJJBN_164.region001,Other,arylpolyene,8.08,8,Bacteria,Bacteroidota,Bacteroidia,Flavobacteriales,Vicingaceae,GCA-002793235,0
M38,Aegir_M38_B9,KPMAJJBN_198.region001,Other,arylpolyene,7.8,10,Bacteria,Bacteroidota,Bacteroidia,Flavobacteriales,Vicingaceae,GCA-002793235,0
M38,Aegir_M38_B90,NBPCDCCG_10.region001,RiPP,thioamitides,14.96,12,Archaea,Halobacteriota,Syntropharchaeia,Alkanophagales,Methanospirareceae,Methanoxibalbensis,0
M38,Aegir_M38_B91,KMNIKALC_139.region001,Other,arylpolyene,14.55,17,Bacteria,Pseudomonadota,Zetaproteobacteria,Mariprofundales,Mariprofundaceae,GCA-2401635,0
M38,Aegir_M38_B91,KMNIKALC_28.region001,Terpene,Terpene generic,6.45,5,Bacteria,Pseudomonadota,Zetaproteobacteria,Mariprofundales,Mariprofundaceae,GCA-2401635,0
M38,Aegir_M38_B91,KMNIKALC_87.region001,RiPP,RRE-containing,8.92,6,Bacteria,Pseudomonadota,Zetaproteobacteria,Mariprofundales,Mariprofundaceae,GCA-2401635,0
M38,Aegir_M38_B91,KMNIKALC_90.region001,RiPP,ranthipeptide,13.99,13,Bacteria,Pseudomonadota,Zetaproteobacteria,Mariprofundales,Mariprofundaceae,GCA-2401635,0
M38,Aegir_M38_B92,HJJGMEJB_43.region001,Hybrid,arylpolyene:resorcinol,53.24,49,Bacteria,Campylobacterota,Campylobacteria,Campylobacterales,Sulfurimonadaceae,Sulfurimonas,0
M38,Aegir_M38_B92,HJJGMEJB_51.region001,RiPP,RRE-containing,13.69,14,Bacteria,Campylobacterota,Campylobacteria,Campylobacterales,Sulfurimonadaceae,Sulfurimonas,0
M38,Aegir_M38_B92,HJJGMEJB_7.region001,RiPP,RiPP-like,10.1,13,Bacteria,Campylobacterota,Campylobacteria,Campylobacterales,Sulfurimonadaceae,Sulfurimonas,0
M38,Aegir_M38_B93,EKBDCPHF_159.region001,RiPP,RiPP-like,4.32,5,Bacteria,Pseudomonadota,Alphaproteobacteria,Rhodobacterales,Rhodobacteraceae,UBA3077,0
M38,Aegir_M38_B93,EKBDCPHF_29.region001,Other,hserlactone,5.54,7,Bacteria,Pseudomonadota,Alphaproteobacteria,Rhodobacterales,Rhodobacteraceae,UBA3077,0
M38,Aegir_M38_B93,EKBDCPHF_69.region001,Terpene,Terpene generic,8.17,9,Bacteria,Pseudomonadota,Alphaproteobacteria,Rhodobacterales,Rhodobacteraceae,UBA3077,0
M38,Aegir_M38_B93,EKBDCPHF_47.region001,RiPP,RRE-containing,7.64,10,Bacteria,Pseudomonadota,Alphaproteobacteria,Rhodobacterales,Rhodobacteraceae,UBA3077,0
M38,Aegir_M38_B94,JGNNONIO_152.region001,RiPP,RiPP-like,10.07,10,Bacteria,Pseudomonadota,Alphaproteobacteria,Caedimonadales,UBA9215,UBA9215,0
M38,Aegir_M38_B94,JGNNONIO_49.region001,Other,arylpolyene,19.21,18,Bacteria,Pseudomonadota,Alphaproteobacteria,Caedimonadales,UBA9215,UBA9215,0
M38,Aegir_M38_B95,NLOGALHF_173.region001,NRP,NRPS-like,4.54,3,Bacteria,Desulfobacterota,Desulfobulbia,Desulfobulbales,JAGXFP01,0,0
M38,Aegir_M38_B95,NLOGALHF_181.region001,Other,arylpolyene,8.14,8,Bacteria,Desulfobacterota,Desulfobulbia,Desulfobulbales,JAGXFP01,0,0
M38,Aegir_M38_B95,NLOGALHF_228.region001,Other,arylpolyene,2.73,5,Bacteria,Desulfobacterota,Desulfobulbia,Desulfobulbales,JAGXFP01,0,0
M38,Aegir_M38_B95,NLOGALHF_247.region001,RiPP,thiopeptide,17.72,15,Bacteria,Desulfobacterota,Desulfobulbia,Desulfobulbales,JAGXFP01,0,0
M38,Aegir_M38_B95,NLOGALHF_283.region001,RiPP,RiPP-like,5.21,5,Bacteria,Desulfobacterota,Desulfobulbia,Desulfobulbales,JAGXFP01,0,0
M38,Aegir_M38_B95,NLOGALHF_95.region001,Other,arylpolyene,9.45,8,Bacteria,Desulfobacterota,Desulfobulbia,Desulfobulbales,JAGXFP01,0,0
M38,Aegir_M38_B95,NLOGALHF_99.region001,Other,resorcinol,4.52,4,Bacteria,Desulfobacterota,Desulfobulbia,Desulfobulbales,JAGXFP01,0,0
M38,Aegir_M38_B97,JJGJHDOE_110.region001,RiPP,RiPP-like,10.8,9,Bacteria,Pseudomonadota,Gammaproteobacteria,Arenicellales,Poriferihabitantaceae,JAAELZ01,0
M38,Aegir_M38_B97,JJGJHDOE_5.region001,RiPP,thioamitides,22.53,18,Bacteria,Pseudomonadota,Gammaproteobacteria,Arenicellales,Poriferihabitantaceae,JAAELZ01,0
M38,Aegir_M38_B97,JJGJHDOE_6.region001,RiPP,RRE-containing,20.29,16,Bacteria,Pseudomonadota,Gammaproteobacteria,Arenicellales,Poriferihabitantaceae,JAAELZ01,0
M38,Aegir_M38_B97,JJGJHDOE_82.region001,RiPP,RRE-containing,12.66,12,Bacteria,Pseudomonadota,Gammaproteobacteria,Arenicellales,Poriferihabitantaceae,JAAELZ01,0
M38,Aegir_M38_B97,JJGJHDOE_8.region001,RiPP,sactipeptide,21.46,19,Bacteria,Pseudomonadota,Gammaproteobacteria,Arenicellales,Poriferihabitantaceae,JAAELZ01,0
M38,Aegir_M38_B98,BFAFEAIL_417.region001,RiPP,RiPP-like,2.58,2,Bacteria,Pseudomonadota,Gammaproteobacteria,Xanthomonadales,Marinicellaceae,NORP309,0
M38,Aegir_M38_B98,BFAFEAIL_8.region001,RiPP,RRE-containing,9.34,11,Bacteria,Pseudomonadota,Gammaproteobacteria,Xanthomonadales,Marinicellaceae,NORP309,0
M38,Aegir_M38_B99,IBPAHCCO_37.region001,Terpene,Terpene generic,11.5,11,Bacteria,Pseudomonadota,Gammaproteobacteria,Nitrosococcales,Methylophagaceae,GCA-002733105,0
M38,Aegir_M38_B99,IBPAHCCO_2.region001,Terpene,Terpene generic,20.86,20,Bacteria,Pseudomonadota,Gammaproteobacteria,Nitrosococcales,Methylophagaceae,GCA-002733105,0
M38,Aegir_M38_B99,IBPAHCCO_7.region001,RiPP,RiPP-like,10.85,10,Bacteria,Pseudomonadota,Gammaproteobacteria,Nitrosococcales,Methylophagaceae,GCA-002733105,0
M38,Aegir_M38_B99,IBPAHCCO_15.region001,Other,ectoine,7.1,6,Bacteria,Pseudomonadota,Gammaproteobacteria,Nitrosococcales,Methylophagaceae,GCA-002733105,0
M38,Aegir_M38_B99,IBPAHCCO_47.region001,RiPP,RiPP-like,8.94,8,Bacteria,Pseudomonadota,Gammaproteobacteria,Nitrosococcales,Methylophagaceae,GCA-002733105,0
M38,Aegir_M38_B99,IBPAHCCO_54.region001,RiPP,redox-cofactor,14.27,15,Bacteria,Pseudomonadota,Gammaproteobacteria,Nitrosococcales,Methylophagaceae,GCA-002733105,0
M39,Aegir_M39_B10,FFHPKHEG_259.region001,RiPP,RRE-containing,13.39,11,Bacteria,Bacteroidota,Bacteroidia,Bacteroidales,VadinHA17,DRPN01,0
M39,Aegir_M39_B100,HPDNPIEA_107.region001,Terpene,Terpene generic,7.4,5,Bacteria,Myxococcota,B64-G9,B64-G9,B64-G9,JALVPF01,0
M39,Aegir_M39_B100,HPDNPIEA_170.region001,Terpene,Terpene generic,3,3,Bacteria,Myxococcota,B64-G9,B64-G9,B64-G9,JALVPF01,0
M39,Aegir_M39_B100,HPDNPIEA_257.region001,Other,arylpolyene,9.19,8,Bacteria,Myxococcota,B64-G9,B64-G9,B64-G9,JALVPF01,0
M39,Aegir_M39_B100,HPDNPIEA_267.region001,RiPP,RRE-containing,2.69,3,Bacteria,Myxococcota,B64-G9,B64-G9,B64-G9,JALVPF01,0
M39,Aegir_M39_B100,HPDNPIEA_481.region001,Other,arylpolyene,10.26,8,Bacteria,Myxococcota,B64-G9,B64-G9,B64-G9,JALVPF01,0
M39,Aegir_M39_B100,HPDNPIEA_4.region001,RiPP,RRE-containing,7.91,5,Bacteria,Myxococcota,B64-G9,B64-G9,B64-G9,JALVPF01,0
M39,Aegir_M39_B100,HPDNPIEA_695.region001,Other,arylpolyene,2.47,4,Bacteria,Myxococcota,B64-G9,B64-G9,B64-G9,JALVPF01,0
M39,Aegir_M39_B101,OOLOLMOA_27.region001,RiPP,sactipeptide,15.72,19,Archaea,Halobacteriota,Archaeoglobi,Archaeoglobales,Archaeoglobaceae,B5-G16,0
M39,Aegir_M39_B102,HHBKGBCH_73.region001,NRP,NRP generic,35.93,24,Bacteria,Pseudomonadota,Alphaproteobacteria,Rhodobacterales,Rhodobacteraceae,Oceanicella,0
M39,Aegir_M39_B102,HHBKGBCH_35.region001,Other,hydrogen-cyanide,10.24,10,Bacteria,Pseudomonadota,Alphaproteobacteria,Rhodobacterales,Rhodobacteraceae,Oceanicella,0
M39,Aegir_M39_B102,HHBKGBCH_15.region001,Hybrid,hserlactone:RiPP-redox-cofactor,42.22,33,Bacteria,Pseudomonadota,Alphaproteobacteria,Rhodobacterales,Rhodobacteraceae,Oceanicella,0
M39,Aegir_M39_B102,HHBKGBCH_70.region001,Terpene,Terpene generic,20.08,16,Bacteria,Pseudomonadota,Alphaproteobacteria,Rhodobacterales,Rhodobacteraceae,Oceanicella,0
M39,Aegir_M39_B102,HHBKGBCH_84.region001,Polyketide,T1PKS,25.72,15,Bacteria,Pseudomonadota,Alphaproteobacteria,Rhodobacterales,Rhodobacteraceae,Oceanicella,0
M39,Aegir_M39_B102,HHBKGBCH_86.region001,RiPP,lassopeptide,23.84,18,Bacteria,Pseudomonadota,Alphaproteobacteria,Rhodobacterales,Rhodobacteraceae,Oceanicella,0
M39,Aegir_M39_B103,COHBNLED_189.region001,RiPP,RRE-containing,5.35,7,Bacteria,Bacteroidota,Bacteroidia,Flavobacteriales,Flavobacteriaceae,Lutimonas,0
M39,Aegir_M39_B104,BDNAFLFJ_54.region001,Other,hserlactone,18.89,17,Bacteria,Pseudomonadota,Alphaproteobacteria,Micavibrionales,CSBR16-224,JAJFGX01,0
M39,Aegir_M39_B104,BDNAFLFJ_79.region001,RiPP,RiPP-like,10.87,12,Bacteria,Pseudomonadota,Alphaproteobacteria,Micavibrionales,CSBR16-224,JAJFGX01,0
M39,Aegir_M39_B105,MEBADGCM_128.region001,Hybrid,NRPS-like:T1PKS,15.85,12,Bacteria,Planctomycetota,UBA1135,UBA1135,GCA-002686595,JARGPD01,0
M39,Aegir_M39_B105,MEBADGCM_146.region001,Hybrid,NRPS:T1PKS,25,12,Bacteria,Planctomycetota,UBA1135,UBA1135,GCA-002686595,JARGPD01,0
M39,Aegir_M39_B106,FIODDFIH_341.region001,Other,nucleoside,6.54,7,Bacteria,Chloroflexota,Anaerolineae,Aggregatilineales,Ch27,JALSTC01,JALSTC01 sp026983935
M39,Aegir_M39_B107,FJEEDFAB_82.region001,RiPP,RRE-containing,7.28,10,Archaea,Thermoplasmatota,E2,DHVEG-1,B18-G2,0,0
M39,Aegir_M39_B108,ELMMPHKD_253.region001,Other,hserlactone,16.11,13,Bacteria,Pseudomonadota,Alphaproteobacteria,Rhodobacterales,Rhodobacteraceae,UBA3077,0
M39,Aegir_M39_B108,ELMMPHKD_43.region001,RiPP,RiPP-like,9.57,11,Bacteria,Pseudomonadota,Alphaproteobacteria,Rhodobacterales,Rhodobacteraceae,UBA3077,0
M39,Aegir_M39_B109,ICBCKKKK_16.region001,RiPP,RRE-containing,14.43,11,Bacteria,Bacteroidota,Bacteroidia,Bacteroidales,JAADJA01,JAADJA01,0
M39,Aegir_M39_B109,ICBCKKKK_30.region001,Other,hydrogen-cyanide,9.49,6,Bacteria,Bacteroidota,Bacteroidia,Bacteroidales,JAADJA01,JAADJA01,0
M39,Aegir_M39_B109,ICBCKKKK_35.region001,Other,betalactone,17.23,15,Bacteria,Bacteroidota,Bacteroidia,Bacteroidales,JAADJA01,JAADJA01,0
M39,Aegir_M39_B11,KAPCIHNN_34.region001,RiPP,RRE-containing,22.31,12,Bacteria,Zixibacteria,MSB-5A5,GN15,40940,JAJRZL01,0
M39,Aegir_M39_B11,KAPCIHNN_38.region001,Terpene,Terpene generic,18.66,14,Bacteria,Zixibacteria,MSB-5A5,GN15,40940,JAJRZL01,0
M39,Aegir_M39_B110,BFEMGKGJ_104.region001,Terpene,Terpene generic,16.65,15,Bacteria,Myxococcota,Polyangia,Haliangiales,Haliangiaceae,NORP324,0
M39,Aegir_M39_B110,BFEMGKGJ_125.region001,Other,arylpolyene,29.23,23,Bacteria,Myxococcota,Polyangia,Haliangiales,Haliangiaceae,NORP324,0
M39,Aegir_M39_B110,BFEMGKGJ_12.region001,NRP,NRPS-like,28.27,24,Bacteria,Myxococcota,Polyangia,Haliangiales,Haliangiaceae,NORP324,0
M39,Aegir_M39_B110,BFEMGKGJ_41.region001,RiPP,ranthipeptide,23,21,Bacteria,Myxococcota,Polyangia,Haliangiales,Haliangiaceae,NORP324,0
M39,Aegir_M39_B110,BFEMGKGJ_46.region001,RiPP,RRE-containing,20.29,20,Bacteria,Myxococcota,Polyangia,Haliangiales,Haliangiaceae,NORP324,0
M39,Aegir_M39_B111,EOABJBEP_289.region001,Other,resorcinol,3.01,3,Bacteria,Pseudomonadota,Gammaproteobacteria,CAJXQU01,CAJXQU01,CAJXQU01,CAJXQU01 sp026984275
M39,Aegir_M39_B111,EOABJBEP_130.region001,RiPP,RiPP-like,3.66,5,Bacteria,Pseudomonadota,Gammaproteobacteria,CAJXQU01,CAJXQU01,CAJXQU01,CAJXQU01 sp026984275
M39,Aegir_M39_B111,EOABJBEP_411.region001,Other,phosphonate,6.64,5,Bacteria,Pseudomonadota,Gammaproteobacteria,CAJXQU01,CAJXQU01,CAJXQU01,CAJXQU01 sp026984275
M39,Aegir_M39_B111,EOABJBEP_410.region001,RiPP,RiPP-like,3.01,3,Bacteria,Pseudomonadota,Gammaproteobacteria,CAJXQU01,CAJXQU01,CAJXQU01,CAJXQU01 sp026984275
M39,Aegir_M39_B111,EOABJBEP_350.region001,Terpene,Terpene generic,8.2,10,Bacteria,Pseudomonadota,Gammaproteobacteria,CAJXQU01,CAJXQU01,CAJXQU01,CAJXQU01 sp026984275
M39,Aegir_M39_B111,EOABJBEP_308.region001,NRP,NRPS-like,3.06,2,Bacteria,Pseudomonadota,Gammaproteobacteria,CAJXQU01,CAJXQU01,CAJXQU01,CAJXQU01 sp026984275
M39,Aegir_M39_B112,ICNECMED_130.region001,NRP,NRP generic,59.13,24,Bacteria,Calditrichota,Calditrichia,Calditrichales,Calditrichaceae,JANTFQ01,0
M39,Aegir_M39_B112,ICNECMED_48.region001,Hybrid,NRPS:T1PKS,32.51,18,Bacteria,Calditrichota,Calditrichia,Calditrichales,Calditrichaceae,JANTFQ01,0
M39,Aegir_M39_B112,ICNECMED_87.region001,NRP,NRP generic,9.52,2,Bacteria,Calditrichota,Calditrichia,Calditrichales,Calditrichaceae,JANTFQ01,0
M39,Aegir_M39_B112,ICNECMED_135.region001,Terpene,Terpene generic,4.99,4,Bacteria,Calditrichota,Calditrichia,Calditrichales,Calditrichaceae,JANTFQ01,0
M39,Aegir_M39_B112,ICNECMED_123.region001,RiPP,RRE-containing,20.34,19,Bacteria,Calditrichota,Calditrichia,Calditrichales,Calditrichaceae,JANTFQ01,0
M39,Aegir_M39_B113,NBHHOGLK_46.region001,RiPP,RRE-containing,3.46,2,Bacteria,Bacteroidota,Bacteroidia,Bacteroidales,UBA1556,CG2-30-33-31,0
M39,Aegir_M39_B117,IAKFMJEM_125.region001,Other,hserlactone,16.63,16,Bacteria,Pseudomonadota,Alphaproteobacteria,Rhodobacterales,Rhodobacteraceae,Roseovarius,0
M39,Aegir_M39_B117,IAKFMJEM_197.region001,Other,hserlactone,8.22,10,Bacteria,Pseudomonadota,Alphaproteobacteria,Rhodobacterales,Rhodobacteraceae,Roseovarius,0
M39,Aegir_M39_B117,IAKFMJEM_253.region001,Other,hserlactone,10.84,12,Bacteria,Pseudomonadota,Alphaproteobacteria,Rhodobacterales,Rhodobacteraceae,Roseovarius,0
M39,Aegir_M39_B117,IAKFMJEM_44.region001,Other,betalactone,7.97,5,Bacteria,Pseudomonadota,Alphaproteobacteria,Rhodobacterales,Rhodobacteraceae,Roseovarius,0
M39,Aegir_M39_B117,IAKFMJEM_55.region001,Other,ectoine,6.47,8,Bacteria,Pseudomonadota,Alphaproteobacteria,Rhodobacterales,Rhodobacteraceae,Roseovarius,0
M39,Aegir_M39_B119,MHCCPFAL_41.region001,Polyketide,T1PKS,7.62,4,Bacteria,Pseudomonadota,Gammaproteobacteria,Methylococcales,Methylomonadaceae,QPIN01,QPIN01 sp026988195
M39,Aegir_M39_B119,MHCCPFAL_183.region001,Other,hydrogen-cyanide,6.93,7,Bacteria,Pseudomonadota,Gammaproteobacteria,Methylococcales,Methylomonadaceae,QPIN01,QPIN01 sp026988195
M39,Aegir_M39_B119,MHCCPFAL_134.region001,RiPP,ranthipeptide,2.28,3,Bacteria,Pseudomonadota,Gammaproteobacteria,Methylococcales,Methylomonadaceae,QPIN01,QPIN01 sp026988195
M39,Aegir_M39_B119,MHCCPFAL_205.region001,Terpene,Terpene generic,15.78,13,Bacteria,Pseudomonadota,Gammaproteobacteria,Methylococcales,Methylomonadaceae,QPIN01,QPIN01 sp026988195
M39,Aegir_M39_B119,MHCCPFAL_130.region001,Other,arylpolyene,25.63,27,Bacteria,Pseudomonadota,Gammaproteobacteria,Methylococcales,Methylomonadaceae,QPIN01,QPIN01 sp026988195
M39,Aegir_M39_B119,MHCCPFAL_245.region001,RiPP,RiPP-like,10.85,9,Bacteria,Pseudomonadota,Gammaproteobacteria,Methylococcales,Methylomonadaceae,QPIN01,QPIN01 sp026988195
M39,Aegir_M39_B120,EEAGJODL_140.region001,Terpene,Terpene generic,15.37,14,Bacteria,Myxococcota,Bradymonadia,Bradymonadales,Bradymonadaceae,JAUIBR01,0
M39,Aegir_M39_B120,EEAGJODL_184.region001,NRP,NRPS-like,6.52,4,Bacteria,Myxococcota,Bradymonadia,Bradymonadales,Bradymonadaceae,JAUIBR01,0
M39,Aegir_M39_B120,EEAGJODL_210.region001,NRP,NRPS-like,29.78,24,Bacteria,Myxococcota,Bradymonadia,Bradymonadales,Bradymonadaceae,JAUIBR01,0
M39,Aegir_M39_B120,EEAGJODL_216.region001,Polyketide,hglE-KS,36.63,22,Bacteria,Myxococcota,Bradymonadia,Bradymonadales,Bradymonadaceae,JAUIBR01,0
M39,Aegir_M39_B120,EEAGJODL_240.region001,Polyketide,T1PKS,32.42,21,Bacteria,Myxococcota,Bradymonadia,Bradymonadales,Bradymonadaceae,JAUIBR01,0
M39,Aegir_M39_B120,EEAGJODL_247.region001,RiPP,lassopeptide,23.3,25,Bacteria,Myxococcota,Bradymonadia,Bradymonadales,Bradymonadaceae,JAUIBR01,0
M39,Aegir_M39_B120,EEAGJODL_366.region001,RiPP,RiPP-like,9.71,6,Bacteria,Myxococcota,Bradymonadia,Bradymonadales,Bradymonadaceae,JAUIBR01,0
M39,Aegir_M39_B120,EEAGJODL_89.region001,Terpene,Terpene generic,20.93,16,Bacteria,Myxococcota,Bradymonadia,Bradymonadales,Bradymonadaceae,JAUIBR01,0
M39,Aegir_M39_B121,JGGEIKLM_42.region001,RiPP,RRE-containing,20.25,18,Bacteria,Bacteroidota,Bacteroidia,Flavobacteriales,Flavobacteriaceae,GCA-002733185,0
M39,Aegir_M39_B121,JGGEIKLM_65.region001,Hybrid,arylpolyene:resorcinol,53.78,53,Bacteria,Bacteroidota,Bacteroidia,Flavobacteriales,Flavobacteriaceae,GCA-002733185,0
M39,Aegir_M39_B122,FJKJBIGP_155.region001,RiPP,RRE-containing,7.52,6,Bacteria,Pseudomonadota,Gammaproteobacteria,Arenicellales,Poriferihabitantaceae,JAAELZ01,0
M39,Aegir_M39_B122,FJKJBIGP_58.region001,RiPP,RRE-containing,17.42,19,Bacteria,Pseudomonadota,Gammaproteobacteria,Arenicellales,Poriferihabitantaceae,JAAELZ01,0
M39,Aegir_M39_B123,GAPCFIGP_110.region001,Other,hydrogen-cyanide,14.23,13,Bacteria,Desulfobacterota,DSM-4660,Desulfatiglandales,Desulfatiglandaceae,B46-G9,0
M39,Aegir_M39_B123,GAPCFIGP_126.region001,RiPP,RiPP-like,11.72,9,Bacteria,Desulfobacterota,DSM-4660,Desulfatiglandales,Desulfatiglandaceae,B46-G9,0
M39,Aegir_M39_B123,GAPCFIGP_133.region001,RiPP,RiPP-like,11.73,8,Bacteria,Desulfobacterota,DSM-4660,Desulfatiglandales,Desulfatiglandaceae,B46-G9,0
M39,Aegir_M39_B123,GAPCFIGP_13.region001,Other,hydrogen-cyanide,13.23,10,Bacteria,Desulfobacterota,DSM-4660,Desulfatiglandales,Desulfatiglandaceae,B46-G9,0
M39,Aegir_M39_B123,GAPCFIGP_23.region001,RiPP,RiPP-like,11.87,9,Bacteria,Desulfobacterota,DSM-4660,Desulfatiglandales,Desulfatiglandaceae,B46-G9,0
M39,Aegir_M39_B123,GAPCFIGP_97.region001,Terpene,Terpene generic,12.47,19,Bacteria,Desulfobacterota,DSM-4660,Desulfatiglandales,Desulfatiglandaceae,B46-G9,0
M39,Aegir_M39_B125,LGFNCOND_218.region001,NRP,NRP generic,13.54,3,Bacteria,Zhuqueibacterota,Zhuqueibacteria,Oleimicrobiales,Geothermoviventaceae,Geothermovivens,0
M39,Aegir_M39_B125,LGFNCOND_229.region001,NRP,NRP generic,37.69,14,Bacteria,Zhuqueibacterota,Zhuqueibacteria,Oleimicrobiales,Geothermoviventaceae,Geothermovivens,0
M39,Aegir_M39_B125,LGFNCOND_188.region001,Polyketide,T3PKS,24.64,16,Bacteria,Zhuqueibacterota,Zhuqueibacteria,Oleimicrobiales,Geothermoviventaceae,Geothermovivens,0
M39,Aegir_M39_B125,LGFNCOND_5.region001,Hybrid,NRPS:T1PKS,39.38,18,Bacteria,Zhuqueibacterota,Zhuqueibacteria,Oleimicrobiales,Geothermoviventaceae,Geothermovivens,0
M39,Aegir_M39_B126,NGIDNPEH_3.region001,Terpene,Terpene generic,22.03,19,Bacteria,Desulfobacterota,DSM-4660,Desulfatiglandales,Desulfatiglandaceae,JAGGTJ01,0
M39,Aegir_M39_B126,NGIDNPEH_9.region001,Other,arylpolyene,41.23,36,Bacteria,Desulfobacterota,DSM-4660,Desulfatiglandales,Desulfatiglandaceae,JAGGTJ01,0
M39,Aegir_M39_B126,NGIDNPEH_20.region001,NRP,NRPS-like,42.64,37,Bacteria,Desulfobacterota,DSM-4660,Desulfatiglandales,Desulfatiglandaceae,JAGGTJ01,0
M39,Aegir_M39_B126,NGIDNPEH_9.region002,Other,arylpolyene,42.25,32,Bacteria,Desulfobacterota,DSM-4660,Desulfatiglandales,Desulfatiglandaceae,JAGGTJ01,0
M39,Aegir_M39_B126,NGIDNPEH_13.region001,RiPP,thiopeptide,26.25,20,Bacteria,Desulfobacterota,DSM-4660,Desulfatiglandales,Desulfatiglandaceae,JAGGTJ01,0
M39,Aegir_M39_B126,NGIDNPEH_5.region001,Hybrid,arylpolyene:resorcinol,48.33,44,Bacteria,Desulfobacterota,DSM-4660,Desulfatiglandales,Desulfatiglandaceae,JAGGTJ01,0
M39,Aegir_M39_B127,GNEJKKOJ_15.region001,RiPP,RiPP-like,11.74,7,Bacteria,Pseudomonadota,Gammaproteobacteria,GCA-001735895,GCA-001735895,JACNJF01,0
M39,Aegir_M39_B127,GNEJKKOJ_50.region001,Other,betalactone,17.11,12,Bacteria,Pseudomonadota,Gammaproteobacteria,GCA-001735895,GCA-001735895,JACNJF01,0
M39,Aegir_M39_B127,GNEJKKOJ_16.region001,RiPP,RiPP-like,10.85,15,Bacteria,Pseudomonadota,Gammaproteobacteria,GCA-001735895,GCA-001735895,JACNJF01,0
M39,Aegir_M39_B128,EBJAGHMO_34.region001,Terpene,Terpene generic,20.76,23,Bacteria,Pseudomonadota,Alphaproteobacteria,Rhodobacterales,Rhodobacteraceae,JAJRUE01,0
M39,Aegir_M39_B128,EBJAGHMO_62.region001,Other,betalactone,27.34,26,Bacteria,Pseudomonadota,Alphaproteobacteria,Rhodobacterales,Rhodobacteraceae,JAJRUE01,0
M39,Aegir_M39_B128,EBJAGHMO_92.region001,Other,hserlactone,20.61,23,Bacteria,Pseudomonadota,Alphaproteobacteria,Rhodobacterales,Rhodobacteraceae,JAJRUE01,0
M39,Aegir_M39_B128,EBJAGHMO_93.region001,Other,hserlactone,20.59,25,Bacteria,Pseudomonadota,Alphaproteobacteria,Rhodobacterales,Rhodobacteraceae,JAJRUE01,0
M39,Aegir_M39_B128,EBJAGHMO_9.region001,Other,hserlactone,20.64,20,Bacteria,Pseudomonadota,Alphaproteobacteria,Rhodobacterales,Rhodobacteraceae,JAJRUE01,0
M39,Aegir_M39_B129,OLACNJPO_243.region001,Hybrid,lassopeptide:RRE-containing,6.43,6,Bacteria,Pseudomonadota,Gammaproteobacteria,Chromatiales,Sedimenticolaceae,Thiolapillus,0
M39,Aegir_M39_B129,OLACNJPO_221.region001,Other,hserlactone,7.38,7,Bacteria,Pseudomonadota,Gammaproteobacteria,Chromatiales,Sedimenticolaceae,Thiolapillus,0
M39,Aegir_M39_B129,OLACNJPO_349.region001,RiPP,RiPP-like,5.14,4,Bacteria,Pseudomonadota,Gammaproteobacteria,Chromatiales,Sedimenticolaceae,Thiolapillus,0
M39,Aegir_M39_B13,OPIOGPAO_16.region001,Other,arylpolyene,41.15,35,Bacteria,Bacteroidota,Bacteroidia,Flavobacteriales,Crocinitomicaceae,Putridiphycobacter,0
M39,Aegir_M39_B130,JFCMDGKC_107.region001,Other,arylpolyene,6.87,7,Bacteria,Desulfobacterota,Desulfuromonadia,Desulfuromonadales,Geopsychrobacteraceae,Desulfuromusa,0
M39,Aegir_M39_B130,JFCMDGKC_195.region001,Other,arylpolyene,9.22,8,Bacteria,Desulfobacterota,Desulfuromonadia,Desulfuromonadales,Geopsychrobacteraceae,Desulfuromusa,0
M39,Aegir_M39_B130,JFCMDGKC_252.region001,Polyketide,hglE-KS,2.81,2,Bacteria,Desulfobacterota,Desulfuromonadia,Desulfuromonadales,Geopsychrobacteraceae,Desulfuromusa,0
M39,Aegir_M39_B131,GCPFHCHN_427.region001,RiPP,RRE-containing,2.04,3,Bacteria,Armatimonadota,Zipacnadia,Zipacnadales,FEN-943,JAKORR01,0
M39,Aegir_M39_B131,GCPFHCHN_440.region001,Polyketide,HR-T2PKS,3.63,3,Bacteria,Armatimonadota,Zipacnadia,Zipacnadales,FEN-943,JAKORR01,0
M39,Aegir_M39_B132,BFAJAABG_70.region001,Other,arylpolyene,3.3,4,Bacteria,Planctomycetota,B143-G9,B143-G9,B143-G9,B143-G9,0
M39,Aegir_M39_B134,LCJGCDAJ_109.region001,RiPP,RiPP-like,5.57,5,Bacteria,Pseudomonadota,Gammaproteobacteria,Methylococcales,Methylothermaceae,Methylohalobius,0
M39,Aegir_M39_B134,LCJGCDAJ_79.region001,Terpene,Terpene generic,4.19,2,Bacteria,Pseudomonadota,Gammaproteobacteria,Methylococcales,Methylothermaceae,Methylohalobius,0
M39,Aegir_M39_B135,HPJDLMAJ_131.region001,Other,acyl_amino_acids,2.99,4,Bacteria,Desulfobacterota,Syntrophobacteria,Syntrophobacterales,DSM-9756,0,0
M39,Aegir_M39_B135,HPJDLMAJ_244.region001,RiPP,RiPP-like,2.98,3,Bacteria,Desulfobacterota,Syntrophobacteria,Syntrophobacterales,DSM-9756,0,0
M39,Aegir_M39_B135,HPJDLMAJ_252.region001,Polyketide,hglE-KS,2.17,1,Bacteria,Desulfobacterota,Syntrophobacteria,Syntrophobacterales,DSM-9756,0,0
M39,Aegir_M39_B135,HPJDLMAJ_448.region001,RiPP,thiopeptide,2.85,3,Bacteria,Desulfobacterota,Syntrophobacteria,Syntrophobacterales,DSM-9756,0,0
M39,Aegir_M39_B135,HPJDLMAJ_96.region001,Other,acyl_amino_acids,4.89,5,Bacteria,Desulfobacterota,Syntrophobacteria,Syntrophobacterales,DSM-9756,0,0
M39,Aegir_M39_B136,IGJLCKIK_38.region001,Hybrid,arylpolyene:resorcinol,46.91,47,Bacteria,Bacteroidota,Bacteroidia,Bacteroidales,F082,UBA4459,0
M39,Aegir_M39_B136,IGJLCKIK_46.region001,Other,betalactone,29.73,19,Bacteria,Bacteroidota,Bacteroidia,Bacteroidales,F082,UBA4459,0
M39,Aegir_M39_B136,IGJLCKIK_4.region001,RiPP,RRE-containing,20.25,18,Bacteria,Bacteroidota,Bacteroidia,Bacteroidales,F082,UBA4459,0
M39,Aegir_M39_B136,IGJLCKIK_8.region001,Hybrid,arylpolyene:resorcinol,68.43,62,Bacteria,Bacteroidota,Bacteroidia,Bacteroidales,F082,UBA4459,0
M39,Aegir_M39_B136,IGJLCKIK_8.region002,RiPP,RiPP-like,10.85,8,Bacteria,Bacteroidota,Bacteroidia,Bacteroidales,F082,UBA4459,0
M39,Aegir_M39_B137,MGGLONMC_3.region001,Hybrid,arylpolyene:resorcinol,36.71,40,Bacteria,Bacteroidota,Bacteroidia,Flavobacteriales,Flavobacteriaceae,Lutimonas,0
M39,Aegir_M39_B137,MGGLONMC_113.region001,RiPP,RRE-containing,16.76,14,Bacteria,Bacteroidota,Bacteroidia,Flavobacteriales,Flavobacteriaceae,Lutimonas,0
M39,Aegir_M39_B138,DACILNEH_13.region001,Terpene,Terpene generic,14.74,12,Bacteria,Pseudomonadota,Gammaproteobacteria,J113,J113,J113,0
M39,Aegir_M39_B138,DACILNEH_24.region001,RiPP,RiPP-like,10.86,13,Bacteria,Pseudomonadota,Gammaproteobacteria,J113,J113,J113,0
M39,Aegir_M39_B138,DACILNEH_30.region001,RiPP,RiPP-like,10.72,9,Bacteria,Pseudomonadota,Gammaproteobacteria,J113,J113,J113,0
M39,Aegir_M39_B138,DACILNEH_54.region001,Other,phosphonate,14.98,16,Bacteria,Pseudomonadota,Gammaproteobacteria,J113,J113,J113,0
M39,Aegir_M39_B138,DACILNEH_70.region001,RiPP,redox-cofactor,22.22,22,Bacteria,Pseudomonadota,Gammaproteobacteria,J113,J113,J113,0
M39,Aegir_M39_B139,KPGNBPHH_28.region001,Terpene,Terpene generic,18.94,19,Bacteria,Zixibacteria,MSB-5A5,GN15,40940,JAJRZL01,0
M39,Aegir_M39_B14,OENFBOHI_303.region001,Other,arylpolyene,2.51,2,Bacteria,Bacteroidota,Bacteroidia,Cytophagales,Cyclobacteriaceae,JAKISE01,0
M39,Aegir_M39_B140,MHDDIMKH_109.region001,NRP,NRP generic,33.84,30,Bacteria,Pseudomonadota,Gammaproteobacteria,Methylococcales,Methylomonadaceae,Methyloprofundus,0
M39,Aegir_M39_B140,MHDDIMKH_115.region001,Terpene,Terpene generic,20.19,18,Bacteria,Pseudomonadota,Gammaproteobacteria,Methylococcales,Methylomonadaceae,Methyloprofundus,0
M39,Aegir_M39_B140,MHDDIMKH_122.region001,Other,arylpolyene,20.61,21,Bacteria,Pseudomonadota,Gammaproteobacteria,Methylococcales,Methylomonadaceae,Methyloprofundus,0
M39,Aegir_M39_B140,MHDDIMKH_44.region001,RiPP,RiPP-like,6.16,6,Bacteria,Pseudomonadota,Gammaproteobacteria,Methylococcales,Methylomonadaceae,Methyloprofundus,0
M39,Aegir_M39_B140,MHDDIMKH_71.region001,RiPP,redox-cofactor,21.29,23,Bacteria,Pseudomonadota,Gammaproteobacteria,Methylococcales,Methylomonadaceae,Methyloprofundus,0
M39,Aegir_M39_B141,FDIMNBAG_121.region001,Hybrid,hglE-KS:T1PKS,31.71,15,Bacteria,Desulfobacterota,DSWW01,DSWW01,DSWW01,0,0
M39,Aegir_M39_B141,FDIMNBAG_21.region001,Hybrid,hglE-KS:T1PKS,24.55,10,Bacteria,Desulfobacterota,DSWW01,DSWW01,DSWW01,0,0
M39,Aegir_M39_B141,FDIMNBAG_232.region001,Polyketide,T1PKS,15.63,8,Bacteria,Desulfobacterota,DSWW01,DSWW01,DSWW01,0,0
M39,Aegir_M39_B141,FDIMNBAG_415.region001,Terpene,Terpene generic,7.42,8,Bacteria,Desulfobacterota,DSWW01,DSWW01,DSWW01,0,0
M39,Aegir_M39_B142,GEPOGDIE_170.region001,RiPP,ranthipeptide,7.5,9,Bacteria,Fermentibacterota,Fermentibacteria,Fermentibacterales,Fermentibacteraceae,Sabulitectum,0
M39,Aegir_M39_B143,NFGOFIFO_135.region001,NRP,NRP generic,3.01,1,Bacteria,Calditrichota,Calditrichia,Calditrichales,Calditrichaceae,0,0
M39,Aegir_M39_B143,NFGOFIFO_179.region001,NRP,NRP generic,4.88,1,Bacteria,Calditrichota,Calditrichia,Calditrichales,Calditrichaceae,0,0
M39,Aegir_M39_B143,NFGOFIFO_207.region001,NRP,NRP generic,5.4,1,Bacteria,Calditrichota,Calditrichia,Calditrichales,Calditrichaceae,0,0
M39,Aegir_M39_B143,NFGOFIFO_301.region001,NRP,NRP generic,2.65,1,Bacteria,Calditrichota,Calditrichia,Calditrichales,Calditrichaceae,0,0
M39,Aegir_M39_B143,NFGOFIFO_351.region001,NRP,NRP generic,6.45,3,Bacteria,Calditrichota,Calditrichia,Calditrichales,Calditrichaceae,0,0
M39,Aegir_M39_B143,NFGOFIFO_493.region001,Terpene,Terpene generic,10.66,10,Bacteria,Calditrichota,Calditrichia,Calditrichales,Calditrichaceae,0,0
M39,Aegir_M39_B143,NFGOFIFO_498.region001,NRP,NRP generic,11.61,2,Bacteria,Calditrichota,Calditrichia,Calditrichales,Calditrichaceae,0,0
M39,Aegir_M39_B143,NFGOFIFO_511.region001,NRP,NRPS-like,6.08,2,Bacteria,Calditrichota,Calditrichia,Calditrichales,Calditrichaceae,0,0
M39,Aegir_M39_B143,NFGOFIFO_568.region001,NRP,NRP generic,5.01,1,Bacteria,Calditrichota,Calditrichia,Calditrichales,Calditrichaceae,0,0
M39,Aegir_M39_B144,LEDLLEGN_58.region001,RiPP,RiPP-like,10.83,11,Bacteria,Pseudomonadota,Gammaproteobacteria,Chromatiales,Sedimenticolaceae,Thiolapillus,0
M39,Aegir_M39_B144,LEDLLEGN_43.region001,RiPP,RRE-containing,10.53,12,Bacteria,Pseudomonadota,Gammaproteobacteria,Chromatiales,Sedimenticolaceae,Thiolapillus,0
M39,Aegir_M39_B144,LEDLLEGN_61.region001,Other,hydrogen-cyanide,12.79,13,Bacteria,Pseudomonadota,Gammaproteobacteria,Chromatiales,Sedimenticolaceae,Thiolapillus,0
M39,Aegir_M39_B144,LEDLLEGN_98.region001,NRP,NRPS-like,37.76,36,Bacteria,Pseudomonadota,Gammaproteobacteria,Chromatiales,Sedimenticolaceae,Thiolapillus,0
M39,Aegir_M39_B145,IJCCDICF_112.region001,RiPP,RiPP-like,2.72,2,Bacteria,Calditrichota,Calditrichia,Calditrichales,Calditrichaceae,Caldithrix,0
M39,Aegir_M39_B145,IJCCDICF_139.region001,NRP,NRP generic,6.38,2,Bacteria,Calditrichota,Calditrichia,Calditrichales,Calditrichaceae,Caldithrix,0
M39,Aegir_M39_B145,IJCCDICF_210.region001,NRP,NRPS-like,2.97,4,Bacteria,Calditrichota,Calditrichia,Calditrichales,Calditrichaceae,Caldithrix,0
M39,Aegir_M39_B145,IJCCDICF_402.region001,Terpene,Terpene generic,10.62,7,Bacteria,Calditrichota,Calditrichia,Calditrichales,Calditrichaceae,Caldithrix,0
M39,Aegir_M39_B145,IJCCDICF_415.region001,NRP,NRP generic,3.49,1,Bacteria,Calditrichota,Calditrichia,Calditrichales,Calditrichaceae,Caldithrix,0
M39,Aegir_M39_B145,IJCCDICF_427.region001,NRP,NRPS-like,2.58,1,Bacteria,Calditrichota,Calditrichia,Calditrichales,Calditrichaceae,Caldithrix,0
M39,Aegir_M39_B145,IJCCDICF_51.region001,NRP,NRP generic,2.95,1,Bacteria,Calditrichota,Calditrichia,Calditrichales,Calditrichaceae,Caldithrix,0
M39,Aegir_M39_B145,IJCCDICF_69.region001,NRP,NRP generic,3.09,1,Bacteria,Calditrichota,Calditrichia,Calditrichales,Calditrichaceae,Caldithrix,0
M39,Aegir_M39_B146,OICIJIOO_58.region001,Terpene,Terpene generic,20,18,Bacteria,Pseudomonadota,Gammaproteobacteria,Methylococcales,Methylomonadaceae,JALSJK01,JALSJK01 sp026989395
M39,Aegir_M39_B146,OICIJIOO_10.region001,NRP,NRPS-like,33.95,24,Bacteria,Pseudomonadota,Gammaproteobacteria,Methylococcales,Methylomonadaceae,JALSJK01,JALSJK01 sp026989395
M39,Aegir_M39_B146,OICIJIOO_39.region001,RiPP,RiPP-like,10.85,12,Bacteria,Pseudomonadota,Gammaproteobacteria,Methylococcales,Methylomonadaceae,JALSJK01,JALSJK01 sp026989395
M39,Aegir_M39_B146,OICIJIOO_144.region001,Other,betalactone,31.55,31,Bacteria,Pseudomonadota,Gammaproteobacteria,Methylococcales,Methylomonadaceae,JALSJK01,JALSJK01 sp026989395
M39,Aegir_M39_B146,OICIJIOO_157.region001,Other,hserlactone,11.66,9,Bacteria,Pseudomonadota,Gammaproteobacteria,Methylococcales,Methylomonadaceae,JALSJK01,JALSJK01 sp026989395
M39,Aegir_M39_B146,OICIJIOO_28.region001,RiPP,redox-cofactor,21.29,16,Bacteria,Pseudomonadota,Gammaproteobacteria,Methylococcales,Methylomonadaceae,JALSJK01,JALSJK01 sp026989395
M39,Aegir_M39_B146,OICIJIOO_102.region001,Other,hydrogen-cyanide,8.18,6,Bacteria,Pseudomonadota,Gammaproteobacteria,Methylococcales,Methylomonadaceae,JALSJK01,JALSJK01 sp026989395
M39,Aegir_M39_B146,OICIJIOO_87.region001,Other,arylpolyene,39.35,37,Bacteria,Pseudomonadota,Gammaproteobacteria,Methylococcales,Methylomonadaceae,JALSJK01,JALSJK01 sp026989395
M39,Aegir_M39_B147,FKCHBHNE_67.region001,RiPP,RiPP-like,10.09,4,Archaea,Thermoplasmatota,E2,DHVEG-1,DHVEG-1,B44-G15,0
M39,Aegir_M39_B147,FKCHBHNE_74.region001,Other,nucleoside,21.16,19,Archaea,Thermoplasmatota,E2,DHVEG-1,DHVEG-1,B44-G15,0
M39,Aegir_M39_B148,KAEGOJLK_584.region001,NRP,NRP generic,6.41,3,Bacteria,Chloroflexota,Anaerolineae,4572-78,4572-78,JANTHQ01,0
M39,Aegir_M39_B149,EDJGDHEF_50.region001,Other,hserlactone,16.33,19,Bacteria,Pseudomonadota,Gammaproteobacteria,Methylococcales,Methylomonadaceae,Methylomarinum,0
M39,Aegir_M39_B149,EDJGDHEF_149.region001,Other,hserlactone,13.79,13,Bacteria,Pseudomonadota,Gammaproteobacteria,Methylococcales,Methylomonadaceae,Methylomarinum,0
M39,Aegir_M39_B149,EDJGDHEF_101.region001,RiPP,RiPP-like,7.26,9,Bacteria,Pseudomonadota,Gammaproteobacteria,Methylococcales,Methylomonadaceae,Methylomarinum,0
M39,Aegir_M39_B149,EDJGDHEF_16.region001,Terpene,Terpene generic,14.37,11,Bacteria,Pseudomonadota,Gammaproteobacteria,Methylococcales,Methylomonadaceae,Methylomarinum,0
M39,Aegir_M39_B149,EDJGDHEF_25.region001,RiPP,redox-cofactor,17.05,21,Bacteria,Pseudomonadota,Gammaproteobacteria,Methylococcales,Methylomonadaceae,Methylomarinum,0
M39,Aegir_M39_B149,EDJGDHEF_49.region001,Other,arylpolyene,15.48,16,Bacteria,Pseudomonadota,Gammaproteobacteria,Methylococcales,Methylomonadaceae,Methylomarinum,0
M39,Aegir_M39_B15,JKANDIBI_105.region001,Hybrid,NRPS:T1PKS,32.82,9,Bacteria,Zhuqueibacterota,Zhuqueibacteria,Residuimicrobiales,Krinioviventaceae,JAJRST01,0
M39,Aegir_M39_B15,JKANDIBI_129.region001,Hybrid,NRPS:T1PKS,38.63,18,Bacteria,Zhuqueibacterota,Zhuqueibacteria,Residuimicrobiales,Krinioviventaceae,JAJRST01,0
M39,Aegir_M39_B15,JKANDIBI_16.region001,Polyketide,T3PKS,23.11,18,Bacteria,Zhuqueibacterota,Zhuqueibacteria,Residuimicrobiales,Krinioviventaceae,JAJRST01,0
M39,Aegir_M39_B15,JKANDIBI_276.region001,NRP,NRP generic,31.24,13,Bacteria,Zhuqueibacterota,Zhuqueibacteria,Residuimicrobiales,Krinioviventaceae,JAJRST01,0
M39,Aegir_M39_B15,JKANDIBI_5.region001,RiPP,RRE-containing,5.73,5,Bacteria,Zhuqueibacterota,Zhuqueibacteria,Residuimicrobiales,Krinioviventaceae,JAJRST01,0
M39,Aegir_M39_B15,JKANDIBI_61.region001,NRP,NRP generic,11.59,3,Bacteria,Zhuqueibacterota,Zhuqueibacteria,Residuimicrobiales,Krinioviventaceae,JAJRST01,0
M39,Aegir_M39_B150,GLJOBBPH_429.region001,NRP,NRPS-like,2.52,1,Bacteria,Pseudomonadota,Gammaproteobacteria,Beggiatoales,Beggiatoaceae,JAUXCJ01,0
M39,Aegir_M39_B150,GLJOBBPH_357.region001,NRP,NRPS-like,7.12,1,Bacteria,Pseudomonadota,Gammaproteobacteria,Beggiatoales,Beggiatoaceae,JAUXCJ01,0
M39,Aegir_M39_B150,GLJOBBPH_377.region001,Polyketide,T1PKS,10.37,4,Bacteria,Pseudomonadota,Gammaproteobacteria,Beggiatoales,Beggiatoaceae,JAUXCJ01,0
M39,Aegir_M39_B150,GLJOBBPH_51.region001,RiPP,RRE-containing,13.77,12,Bacteria,Pseudomonadota,Gammaproteobacteria,Beggiatoales,Beggiatoaceae,JAUXCJ01,0
M39,Aegir_M39_B150,GLJOBBPH_160.region001,Terpene,Terpene generic,11.24,13,Bacteria,Pseudomonadota,Gammaproteobacteria,Beggiatoales,Beggiatoaceae,JAUXCJ01,0
M39,Aegir_M39_B150,GLJOBBPH_145.region001,Terpene,Terpene generic,15.75,13,Bacteria,Pseudomonadota,Gammaproteobacteria,Beggiatoales,Beggiatoaceae,JAUXCJ01,0
M39,Aegir_M39_B151,FCBIIHDP_125.region001,Terpene,Terpene generic,21.79,13,Bacteria,Planctomycetota,PUPC01,PUPC01,PUPC01,0,0
M39,Aegir_M39_B151,FCBIIHDP_57.region001,RiPP,RRE-containing,20.27,21,Bacteria,Planctomycetota,PUPC01,PUPC01,PUPC01,0,0
M39,Aegir_M39_B151,FCBIIHDP_89.region001,RiPP,RRE-containing,15.21,16,Bacteria,Planctomycetota,PUPC01,PUPC01,PUPC01,0,0
M39,Aegir_M39_B153,FNBCAEOK_519.region001,Polyketide,T3PKS,9.39,9,Bacteria,Bdellovibrionota_B,Oligoflexia,Oligoflexales,JAWKNZ01,JAWKNZ01,0
M39,Aegir_M39_B153,FNBCAEOK_726.region001,Other,resorcinol,6.56,6,Bacteria,Bdellovibrionota_B,Oligoflexia,Oligoflexales,JAWKNZ01,JAWKNZ01,0
M39,Aegir_M39_B153,FNBCAEOK_891.region001,Other,phosphonate,11.37,10,Bacteria,Bdellovibrionota_B,Oligoflexia,Oligoflexales,JAWKNZ01,JAWKNZ01,0
M39,Aegir_M39_B153,FNBCAEOK_279.region001,RiPP,RiPP-like,3,4,Bacteria,Bdellovibrionota_B,Oligoflexia,Oligoflexales,JAWKNZ01,JAWKNZ01,0
M39,Aegir_M39_B153,FNBCAEOK_924.region001,RiPP,RiPP-like,6.38,4,Bacteria,Bdellovibrionota_B,Oligoflexia,Oligoflexales,JAWKNZ01,JAWKNZ01,0
M39,Aegir_M39_B154,IPGEANND_7.region001,Other,hydrogen-cyanide,13.34,12,Bacteria,Krumholzibacteriota,Krumholzibacteriia,Krumholzibacteriales,Krumholzibacteriaceae,4484-7,0
M39,Aegir_M39_B154,IPGEANND_9.region001,RiPP,RRE-containing,20.47,12,Bacteria,Krumholzibacteriota,Krumholzibacteriia,Krumholzibacteriales,Krumholzibacteriaceae,4484-7,0
M39,Aegir_M39_B155,KKPGHLON_124.region001,Polyketide,T3PKS,33.57,29,Bacteria,Planctomycetota,UBA1135,UBA2386,GCA-002748355,JAJRTL01,0
M39,Aegir_M39_B155,KKPGHLON_31.region001,Terpene,Terpene generic,21.8,17,Bacteria,Planctomycetota,UBA1135,UBA2386,GCA-002748355,JAJRTL01,0
M39,Aegir_M39_B156,ALMMFMMH_12.region001,RiPP,LAP,8.78,9,Bacteria,Patescibacteriota,Minisyncoccia,Minisyncoccales,JAGGXC01,JAGGXC01,0
M39,Aegir_M39_B158,DAIGHAGO_238.region001,RiPP,RRE-containing,11.28,13,Bacteria,Pseudomonadota,Alphaproteobacteria,Rhodobacterales,Rhodobacteraceae,UBA3077,0
M39,Aegir_M39_B158,DAIGHAGO_373.region001,RiPP,RiPP-like,7.87,8,Bacteria,Pseudomonadota,Alphaproteobacteria,Rhodobacterales,Rhodobacteraceae,UBA3077,0
M39,Aegir_M39_B158,DAIGHAGO_184.region001,Terpene,Terpene generic,4.15,5,Bacteria,Pseudomonadota,Alphaproteobacteria,Rhodobacterales,Rhodobacteraceae,UBA3077,0
M39,Aegir_M39_B158,DAIGHAGO_171.region001,Other,hserlactone,7.57,8,Bacteria,Pseudomonadota,Alphaproteobacteria,Rhodobacterales,Rhodobacteraceae,UBA3077,0
M39,Aegir_M39_B159,LKLMGDAM_249.region001,RiPP,RRE-containing,3.25,4,Bacteria,Planctomycetota,SZUA-567,JAFGGJ01,JAFGGJ01,0,0
M39,Aegir_M39_B16,LAEAKBMI_163.region001,RiPP,RiPP-like,2.35,3,Bacteria,Pseudomonadota,Alphaproteobacteria,Rhodobacterales,Rhodobacteraceae,NVQY01,0
M39,Aegir_M39_B16,LAEAKBMI_422.region001,Terpene,Terpene generic,3.14,3,Bacteria,Pseudomonadota,Alphaproteobacteria,Rhodobacterales,Rhodobacteraceae,NVQY01,0
M39,Aegir_M39_B160,ENHKGPJA_248.region001,RiPP,RRE-containing,11.91,7,Bacteria,Pseudomonadota,Gammaproteobacteria,Arenicellales,Poriferihabitantaceae,JAAELZ01,0
M39,Aegir_M39_B160,ENHKGPJA_29.region001,RiPP,RRE-containing,4.13,6,Bacteria,Pseudomonadota,Gammaproteobacteria,Arenicellales,Poriferihabitantaceae,JAAELZ01,0
M39,Aegir_M39_B160,ENHKGPJA_324.region001,RiPP,RRE-containing,3.63,4,Bacteria,Pseudomonadota,Gammaproteobacteria,Arenicellales,Poriferihabitantaceae,JAAELZ01,0
M39,Aegir_M39_B160,ENHKGPJA_326.region001,RiPP,RiPP-like,4.42,2,Bacteria,Pseudomonadota,Gammaproteobacteria,Arenicellales,Poriferihabitantaceae,JAAELZ01,0
M39,Aegir_M39_B161,EACKFKNK_79.region001,Other,betalactone,28.52,32,Archaea,Halobacteriota,Archaeoglobi,Archaeoglobales,Archaeoglobaceae,Archaeoglobus_A,0
M39,Aegir_M39_B161,EACKFKNK_97.region001,RiPP,RiPP-like,4.66,10,Archaea,Halobacteriota,Archaeoglobi,Archaeoglobales,Archaeoglobaceae,Archaeoglobus_A,0
M39,Aegir_M39_B163,GPNINHOO_24.region001,Terpene,Terpene generic,13.29,11,Bacteria,Pseudomonadota,Gammaproteobacteria,Nitrosococcales,Methylophagaceae,0,0
M39,Aegir_M39_B163,GPNINHOO_11.region001,Terpene,Terpene generic,12.29,12,Bacteria,Pseudomonadota,Gammaproteobacteria,Nitrosococcales,Methylophagaceae,0,0
M39,Aegir_M39_B163,GPNINHOO_91.region001,RiPP,redox-cofactor,8.35,9,Bacteria,Pseudomonadota,Gammaproteobacteria,Nitrosococcales,Methylophagaceae,0,0
M39,Aegir_M39_B163,GPNINHOO_5.region001,RiPP,RiPP-like,7.79,7,Bacteria,Pseudomonadota,Gammaproteobacteria,Nitrosococcales,Methylophagaceae,0,0
M39,Aegir_M39_B164,PNPOMJDI_313.region001,RiPP,ranthipeptide,22.28,21,Bacteria,Myxococcota,Polyangia,Haliangiales,Haliangiaceae,NORP324,0
M39,Aegir_M39_B164,PNPOMJDI_93.region001,RiPP,RiPP-like,10.83,11,Bacteria,Myxococcota,Polyangia,Haliangiales,Haliangiaceae,NORP324,0
M39,Aegir_M39_B164,PNPOMJDI_2.region001,Terpene,Terpene generic,20.98,21,Bacteria,Myxococcota,Polyangia,Haliangiales,Haliangiaceae,NORP324,0
M39,Aegir_M39_B164,PNPOMJDI_311.region001,RiPP,RiPP-like,10.74,6,Bacteria,Myxococcota,Polyangia,Haliangiales,Haliangiaceae,NORP324,0
M39,Aegir_M39_B164,PNPOMJDI_85.region001,NRP,NRPS-like,8.84,6,Bacteria,Myxococcota,Polyangia,Haliangiales,Haliangiaceae,NORP324,0
M39,Aegir_M39_B164,PNPOMJDI_56.region001,RiPP,RiPP-like,9.53,12,Bacteria,Myxococcota,Polyangia,Haliangiales,Haliangiaceae,NORP324,0
M39,Aegir_M39_B166,GHHMGHBK_117.region001,RiPP,RiPP-like,10.78,10,Bacteria,Pseudomonadota,Alphaproteobacteria,Rhodobacterales,Rhodobacteraceae,UBA3077,0
M39,Aegir_M39_B166,GHHMGHBK_53.region001,Hybrid,NRPS:lanthipeptide,42.53,28,Bacteria,Pseudomonadota,Alphaproteobacteria,Rhodobacterales,Rhodobacteraceae,UBA3077,0
M39,Aegir_M39_B166,GHHMGHBK_54.region001,Terpene,Terpene generic,11.79,16,Bacteria,Pseudomonadota,Alphaproteobacteria,Rhodobacterales,Rhodobacteraceae,UBA3077,0
M39,Aegir_M39_B166,GHHMGHBK_99.region001,Other,hserlactone,20.64,17,Bacteria,Pseudomonadota,Alphaproteobacteria,Rhodobacterales,Rhodobacteraceae,UBA3077,0
M39,Aegir_M39_B167,NKOFHIIF_622.region001,RiPP,RRE-containing,3.94,3,Bacteria,Chloroflexota,Anaerolineae,Caldilineales,Caldilineaceae,JAJRVT01,0
M39,Aegir_M39_B167,NKOFHIIF_627.region001,RiPP,RRE-containing,8.01,9,Bacteria,Chloroflexota,Anaerolineae,Caldilineales,Caldilineaceae,JAJRVT01,0
M39,Aegir_M39_B168,CPJGGNFP_72.region001,Other,phosphonate,9.65,9,Bacteria,Pseudomonadota,Gammaproteobacteria,Xanthomonadales,SZUA-36,SZUA-51,0
M39,Aegir_M39_B168,CPJGGNFP_141.region001,RiPP,RiPP-like,10.73,12,Bacteria,Pseudomonadota,Gammaproteobacteria,Xanthomonadales,SZUA-36,SZUA-51,0
M39,Aegir_M39_B17,CBJJPFKK_13.region001,Polyketide,T3PKS,38.74,37,Bacteria,Aquificota,Aquificia,Aquificales,Hydrogenothermaceae,Persephonella_A,0
M39,Aegir_M39_B17,CBJJPFKK_32.region001,RiPP,RRE-containing,20.24,21,Bacteria,Aquificota,Aquificia,Aquificales,Hydrogenothermaceae,Persephonella_A,0
M39,Aegir_M39_B17,CBJJPFKK_17.region001,NRP,NRPS-like,20.66,23,Bacteria,Aquificota,Aquificia,Aquificales,Hydrogenothermaceae,Persephonella_A,0
M39,Aegir_M39_B170,FJOFPHMJ_17.region001,Terpene,Terpene generic,21.81,16,Bacteria,Bacteroidota_A,Kapaibacteriia,Kapaibacteriales,UBA2268,CAIOZA01,0
M39,Aegir_M39_B171,EIKHOBMN_203.region001,RiPP,RiPP-like,2.84,3,Bacteria,Campylobacterota,Campylobacteria,Campylobacterales,Sulfurimonadaceae,Sulfurimonas,0
M39,Aegir_M39_B172,EBJEFPEO_13.region001,RiPP,RiPP-like,10.85,9,Bacteria,Acidobacteriota,Thermoanaerobaculia,Thermoanaerobaculales,Sulfomarinibacteraceae,JAADFK01,0
M39,Aegir_M39_B172,EBJEFPEO_44.region001,Polyketide,T3PKS,8.35,7,Bacteria,Acidobacteriota,Thermoanaerobaculia,Thermoanaerobaculales,Sulfomarinibacteraceae,JAADFK01,0
M39,Aegir_M39_B172,EBJEFPEO_4.region001,Terpene,Terpene generic,26.03,16,Bacteria,Acidobacteriota,Thermoanaerobaculia,Thermoanaerobaculales,Sulfomarinibacteraceae,JAADFK01,0
M39,Aegir_M39_B173,LOGKCIHJ_109.region001,Terpene,Terpene generic,5.37,5,Bacteria,Bipolaricaulota,Bipolaricaulia,UBA7950,UBA9294,S016-54,0
M39,Aegir_M39_B173,LOGKCIHJ_31.region001,Terpene,Terpene generic,4.99,4,Bacteria,Bipolaricaulota,Bipolaricaulia,UBA7950,UBA9294,S016-54,0
M39,Aegir_M39_B174,PAJIPFJH_122.region001,RiPP,RRE-containing,15.93,15,Bacteria,Pseudomonadota,Gammaproteobacteria,Methylococcales,Methylomonadaceae,0,0
M39,Aegir_M39_B174,PAJIPFJH_141.region001,NRP,NRP generic,39.72,33,Bacteria,Pseudomonadota,Gammaproteobacteria,Methylococcales,Methylomonadaceae,0,0
M39,Aegir_M39_B174,PAJIPFJH_161.region001,Hybrid,hglE-KS:T1PKS,47.8,33,Bacteria,Pseudomonadota,Gammaproteobacteria,Methylococcales,Methylomonadaceae,0,0
M39,Aegir_M39_B174,PAJIPFJH_32.region001,Other,hserlactone,6,7,Bacteria,Pseudomonadota,Gammaproteobacteria,Methylococcales,Methylomonadaceae,0,0
M39,Aegir_M39_B174,PAJIPFJH_84.region001,RiPP,RiPP-like,6.4,6,Bacteria,Pseudomonadota,Gammaproteobacteria,Methylococcales,Methylomonadaceae,0,0
M39,Aegir_M39_B174,PAJIPFJH_136.region001,Terpene,Terpene generic,23.08,20,Bacteria,Pseudomonadota,Gammaproteobacteria,Methylococcales,Methylomonadaceae,0,0
M39,Aegir_M39_B174,PAJIPFJH_52.region001,RiPP,redox-cofactor,20.65,21,Bacteria,Pseudomonadota,Gammaproteobacteria,Methylococcales,Methylomonadaceae,0,0
M39,Aegir_M39_B175,JCDKLONH_37.region001,RiPP,RiPP-like,6.02,8,Bacteria,Pseudomonadota,Gammaproteobacteria,Arenicellales,Poriferihabitantaceae,0,0
M39,Aegir_M39_B175,JCDKLONH_113.region001,RiPP,RRE-containing,12.55,13,Bacteria,Pseudomonadota,Gammaproteobacteria,Arenicellales,Poriferihabitantaceae,0,0
M39,Aegir_M39_B175,JCDKLONH_167.region001,RiPP,RRE-containing,14.6,12,Bacteria,Pseudomonadota,Gammaproteobacteria,Arenicellales,Poriferihabitantaceae,0,0
M39,Aegir_M39_B177,DPONBGFN_110.region001,Hybrid,arylpolyene:resorcinol,45.85,43,Bacteria,Bacteroidota,Bacteroidia,Flavobacteriales,Salibacteraceae,CAJXZP01,0
M39,Aegir_M39_B178,AIAADNBJ_131.region001,RiPP,RiPP-like,10.89,7,Bacteria,Planctomycetota,UBA1135,UBA1135,GCA-002686595,JBBDIB01,0
M39,Aegir_M39_B178,AIAADNBJ_148.region001,NRP,NRP generic,40.05,29,Bacteria,Planctomycetota,UBA1135,UBA1135,GCA-002686595,JBBDIB01,0
M39,Aegir_M39_B178,AIAADNBJ_15.region001,NRP,NRPS-like,15.13,11,Bacteria,Planctomycetota,UBA1135,UBA1135,GCA-002686595,JBBDIB01,0
M39,Aegir_M39_B178,AIAADNBJ_180.region001,Polyketide,T3PKS,21.11,13,Bacteria,Planctomycetota,UBA1135,UBA1135,GCA-002686595,JBBDIB01,0
M39,Aegir_M39_B178,AIAADNBJ_205.region001,Other,resorcinol,11.27,10,Bacteria,Planctomycetota,UBA1135,UBA1135,GCA-002686595,JBBDIB01,0
M39,Aegir_M39_B178,AIAADNBJ_43.region001,Terpene,Terpene generic,21.87,17,Bacteria,Planctomycetota,UBA1135,UBA1135,GCA-002686595,JBBDIB01,0
M39,Aegir_M39_B179,DCMKIBAL_70.region001,RiPP,RRE-containing,14.68,15,Bacteria,Bacteroidota,Bacteroidia,Bacteroidales,S143-33,S143-33,0
M39,Aegir_M39_B18,OGOLDCED_105.region001,RiPP,RRE-containing,12.44,14,Bacteria,Bacteroidota,Bacteroidia,Bacteroidales,JAADGE01,JAADGE01,0
M39,Aegir_M39_B18,OGOLDCED_116.region001,Other,arylpolyene,20.3,15,Bacteria,Bacteroidota,Bacteroidia,Bacteroidales,JAADGE01,JAADGE01,0
M39,Aegir_M39_B18,OGOLDCED_13.region001,Other,arylpolyene,23.48,22,Bacteria,Bacteroidota,Bacteroidia,Bacteroidales,JAADGE01,JAADGE01,0
M39,Aegir_M39_B18,OGOLDCED_26.region001,Other,resorcinol,19.86,18,Bacteria,Bacteroidota,Bacteroidia,Bacteroidales,JAADGE01,JAADGE01,0
M39,Aegir_M39_B18,OGOLDCED_79.region001,Other,acyl_amino_acids,28.68,27,Bacteria,Bacteroidota,Bacteroidia,Bacteroidales,JAADGE01,JAADGE01,0
M39,Aegir_M39_B180,PILMEDLM_25.region001,RiPP,RiPP-like,11.73,7,Bacteria,Desulfobacterota,DSM-4660,Desulfatiglandales,Desulfatiglandaceae,B111-G9,0
M39,Aegir_M39_B180,PILMEDLM_183.region001,Other,hydrogen-cyanide,8.42,7,Bacteria,Desulfobacterota,DSM-4660,Desulfatiglandales,Desulfatiglandaceae,B111-G9,0
M39,Aegir_M39_B180,PILMEDLM_80.region001,RiPP,RiPP-like,11.76,9,Bacteria,Desulfobacterota,DSM-4660,Desulfatiglandales,Desulfatiglandaceae,B111-G9,0
M39,Aegir_M39_B181,FNBCNFFH_185.region001,RiPP,RiPP-like,10.87,8,Bacteria,Myxococcota,Polyangia,Polyangiales,SG8-38,JAADHO01,0
M39,Aegir_M39_B181,FNBCNFFH_18.region001,Other,arylpolyene,23.43,19,Bacteria,Myxococcota,Polyangia,Polyangiales,SG8-38,JAADHO01,0
M39,Aegir_M39_B181,FNBCNFFH_221.region001,Polyketide,hglE-KS,30.17,21,Bacteria,Myxococcota,Polyangia,Polyangiales,SG8-38,JAADHO01,0
M39,Aegir_M39_B181,FNBCNFFH_267.region001,Hybrid,hydrogen-cyanide:T3PKS,54.42,47,Bacteria,Myxococcota,Polyangia,Polyangiales,SG8-38,JAADHO01,0
M39,Aegir_M39_B181,FNBCNFFH_320.region001,Terpene,Terpene generic,26.52,16,Bacteria,Myxococcota,Polyangia,Polyangiales,SG8-38,JAADHO01,0
M39,Aegir_M39_B181,FNBCNFFH_51.region001,Other,arylpolyene,42.57,38,Bacteria,Myxococcota,Polyangia,Polyangiales,SG8-38,JAADHO01,0
M39,Aegir_M39_B182,LIPJKAHJ_33.region001,Other,hserlactone,20.67,20,Bacteria,Pseudomonadota,Alphaproteobacteria,Rhodobacterales,Rhodobacteraceae,Profundibacter,Profundibacter amoris
M39,Aegir_M39_B182,LIPJKAHJ_11.region001,Terpene,Terpene generic,14.27,14,Bacteria,Pseudomonadota,Alphaproteobacteria,Rhodobacterales,Rhodobacteraceae,Profundibacter,Profundibacter amoris
M39,Aegir_M39_B182,LIPJKAHJ_36.region001,RiPP,RiPP-like,10.86,12,Bacteria,Pseudomonadota,Alphaproteobacteria,Rhodobacterales,Rhodobacteraceae,Profundibacter,Profundibacter amoris
M39,Aegir_M39_B182,LIPJKAHJ_67.region001,Other,hserlactone,20.59,25,Bacteria,Pseudomonadota,Alphaproteobacteria,Rhodobacterales,Rhodobacteraceae,Profundibacter,Profundibacter amoris
M39,Aegir_M39_B183,CBIJBIGH_173.region001,Terpene,Terpene generic,8.82,8,Bacteria,Desulfobacterota,JdFR-97,JdFR-97,JdFR-97,JdFR-97,0
M39,Aegir_M39_B183,CBIJBIGH_190.region001,RiPP,ranthipeptide,11.06,9,Bacteria,Desulfobacterota,JdFR-97,JdFR-97,JdFR-97,JdFR-97,0
M39,Aegir_M39_B183,CBIJBIGH_198.region001,Other,betalactone,17.66,16,Bacteria,Desulfobacterota,JdFR-97,JdFR-97,JdFR-97,JdFR-97,0
M39,Aegir_M39_B183,CBIJBIGH_4.region001,RiPP,RiPP-like,8.43,6,Bacteria,Desulfobacterota,JdFR-97,JdFR-97,JdFR-97,JdFR-97,0
M39,Aegir_M39_B184,EDPJEEBL_131.region001,Other,hydrogen-cyanide,8.72,5,Archaea,Asgardarchaeota,Heimdallarchaeia,Heimdallarchaeales,Heimdallarchaeaceae,0,0
M39,Aegir_M39_B185,BGKBPJDF_127.region001,NRP,NRP generic,19.34,6,Bacteria,Zhuqueibacterota,JdFR-76,JdFR-76,DREG01,DREG01,0
M39,Aegir_M39_B185,BGKBPJDF_163.region001,NRP,NRPS-like,5.23,1,Bacteria,Zhuqueibacterota,JdFR-76,JdFR-76,DREG01,DREG01,0
M39,Aegir_M39_B185,BGKBPJDF_304.region001,NRP,NRP generic,11.19,1,Bacteria,Zhuqueibacterota,JdFR-76,JdFR-76,DREG01,DREG01,0
M39,Aegir_M39_B185,BGKBPJDF_357.region001,NRP,NRP generic,10.15,1,Bacteria,Zhuqueibacterota,JdFR-76,JdFR-76,DREG01,DREG01,0
M39,Aegir_M39_B185,BGKBPJDF_369.region001,Terpene,Terpene generic,14.16,11,Bacteria,Zhuqueibacterota,JdFR-76,JdFR-76,DREG01,DREG01,0
M39,Aegir_M39_B185,BGKBPJDF_47.region001,RiPP,RRE-containing,20.37,17,Bacteria,Zhuqueibacterota,JdFR-76,JdFR-76,DREG01,DREG01,0
M39,Aegir_M39_B185,BGKBPJDF_51.region001,Hybrid,NRPS:T1PKS,26.23,7,Bacteria,Zhuqueibacterota,JdFR-76,JdFR-76,DREG01,DREG01,0
M39,Aegir_M39_B185,BGKBPJDF_99.region001,Other,arylpolyene,5.49,3,Bacteria,Zhuqueibacterota,JdFR-76,JdFR-76,DREG01,DREG01,0
M39,Aegir_M39_B186,JNBGNNLM_212.region001,Other,arylpolyene,10.64,8,Bacteria,Pseudomonadota,Gammaproteobacteria,Methylococcales,Methylomonadaceae,QPIN01,0
M39,Aegir_M39_B186,JNBGNNLM_229.region001,RiPP,RiPP-like,10.85,10,Bacteria,Pseudomonadota,Gammaproteobacteria,Methylococcales,Methylomonadaceae,QPIN01,0
M39,Aegir_M39_B186,JNBGNNLM_315.region001,RiPP,RiPP-like,5.42,6,Bacteria,Pseudomonadota,Gammaproteobacteria,Methylococcales,Methylomonadaceae,QPIN01,0
M39,Aegir_M39_B186,JNBGNNLM_361.region001,Other,arylpolyene,7.02,8,Bacteria,Pseudomonadota,Gammaproteobacteria,Methylococcales,Methylomonadaceae,QPIN01,0
M39,Aegir_M39_B186,JNBGNNLM_215.region001,Terpene,Terpene generic,2.32,2,Bacteria,Pseudomonadota,Gammaproteobacteria,Methylococcales,Methylomonadaceae,QPIN01,0
M39,Aegir_M39_B186,JNBGNNLM_104.region001,Terpene,Terpene generic,9.35,5,Bacteria,Pseudomonadota,Gammaproteobacteria,Methylococcales,Methylomonadaceae,QPIN01,0
M39,Aegir_M39_B187,KKKOIOLA_34.region001,RiPP,RRE-containing,19.47,19,Bacteria,Aquificota,Aquificia,Aquificales,Hydrogenothermaceae,QNZC01,0
M39,Aegir_M39_B188,JCKFNMMM_145.region001,Other,arylpolyene,12.25,15,Bacteria,Myxococcota,JAADFL01,JAADFL01,JAADFL01,0,0
M39,Aegir_M39_B188,JCKFNMMM_162.region001,Terpene,Terpene generic,18.39,16,Bacteria,Myxococcota,JAADFL01,JAADFL01,JAADFL01,0,0
M39,Aegir_M39_B188,JCKFNMMM_165.region001,Polyketide,T1PKS,26.05,16,Bacteria,Myxococcota,JAADFL01,JAADFL01,JAADFL01,0,0
M39,Aegir_M39_B188,JCKFNMMM_185.region001,RiPP,RRE-containing,8.58,7,Bacteria,Myxococcota,JAADFL01,JAADFL01,JAADFL01,0,0
M39,Aegir_M39_B188,JCKFNMMM_191.region001,RiPP,RRE-containing,13.47,11,Bacteria,Myxococcota,JAADFL01,JAADFL01,JAADFL01,0,0
M39,Aegir_M39_B188,JCKFNMMM_25.region001,RiPP,ranthipeptide,12.77,10,Bacteria,Myxococcota,JAADFL01,JAADFL01,JAADFL01,0,0
M39,Aegir_M39_B188,JCKFNMMM_262.region001,RiPP,RiPP-like,10.86,11,Bacteria,Myxococcota,JAADFL01,JAADFL01,JAADFL01,0,0
M39,Aegir_M39_B188,JCKFNMMM_283.region001,RiPP,RRE-containing,19.58,12,Bacteria,Myxococcota,JAADFL01,JAADFL01,JAADFL01,0,0
M39,Aegir_M39_B188,JCKFNMMM_332.region001,Terpene,Terpene generic,16,13,Bacteria,Myxococcota,JAADFL01,JAADFL01,JAADFL01,0,0
M39,Aegir_M39_B188,JCKFNMMM_340.region001,Polyketide,HR-T2PKS,19.86,17,Bacteria,Myxococcota,JAADFL01,JAADFL01,JAADFL01,0,0
M39,Aegir_M39_B19,JNHAIHPN_149.region001,Other,arylpolyene,38.41,27,Bacteria,Verrucomicrobiota,Kiritimatiellia,UBA8416,JAUUYL01,0,0
M39,Aegir_M39_B19,JNHAIHPN_165.region001,Other,arylpolyene,26.61,21,Bacteria,Verrucomicrobiota,Kiritimatiellia,UBA8416,JAUUYL01,0,0
M39,Aegir_M39_B19,JNHAIHPN_184.region001,Other,acyl_amino_acids,16.48,13,Bacteria,Verrucomicrobiota,Kiritimatiellia,UBA8416,JAUUYL01,0,0
M39,Aegir_M39_B19,JNHAIHPN_4.region001,Other,ladderane,8.49,6,Bacteria,Verrucomicrobiota,Kiritimatiellia,UBA8416,JAUUYL01,0,0
M39,Aegir_M39_B19,JNHAIHPN_96.region001,Other,arylpolyene,16.17,17,Bacteria,Verrucomicrobiota,Kiritimatiellia,UBA8416,JAUUYL01,0,0
M39,Aegir_M39_B190,BOGPHCML_86.region001,RiPP,RiPP-like,10.85,11,Bacteria,Pseudomonadota,Gammaproteobacteria,UWMA-0217,UWMA-0217,JALSHZ01,0
M39,Aegir_M39_B190,BOGPHCML_104.region001,RiPP,RiPP-like,10.95,12,Bacteria,Pseudomonadota,Gammaproteobacteria,UWMA-0217,UWMA-0217,JALSHZ01,0
M39,Aegir_M39_B191,EEGHMLPD_225.region001,NRP,NRPS-like,9.82,11,Bacteria,Pseudomonadota,Gammaproteobacteria,Methylococcales,Methylomonadaceae,Methyloprofundus,Methyloprofundus sp900128525
M39,Aegir_M39_B191,EEGHMLPD_256.region001,Terpene,Terpene generic,14.86,11,Bacteria,Pseudomonadota,Gammaproteobacteria,Methylococcales,Methylomonadaceae,Methyloprofundus,Methyloprofundus sp900128525
M39,Aegir_M39_B191,EEGHMLPD_89.region001,RiPP,redox-cofactor,11.34,13,Bacteria,Pseudomonadota,Gammaproteobacteria,Methylococcales,Methylomonadaceae,Methyloprofundus,Methyloprofundus sp900128525
M39,Aegir_M39_B191,EEGHMLPD_38.region001,RiPP,RiPP-like,3.38,5,Bacteria,Pseudomonadota,Gammaproteobacteria,Methylococcales,Methylomonadaceae,Methyloprofundus,Methyloprofundus sp900128525
M39,Aegir_M39_B192,HEEDOPCH_142.region001,Other,hydrogen-cyanide,12.8,12,Bacteria,Pseudomonadota,Gammaproteobacteria,Methylococcales,Methylomonadaceae,QPIN01,0
M39,Aegir_M39_B192,HEEDOPCH_110.region001,Terpene,Terpene generic,16.47,12,Bacteria,Pseudomonadota,Gammaproteobacteria,Methylococcales,Methylomonadaceae,QPIN01,0
M39,Aegir_M39_B192,HEEDOPCH_120.region001,NRP,NRP generic,43.82,26,Bacteria,Pseudomonadota,Gammaproteobacteria,Methylococcales,Methylomonadaceae,QPIN01,0
M39,Aegir_M39_B192,HEEDOPCH_18.region001,RiPP,RiPP-like,8.63,8,Bacteria,Pseudomonadota,Gammaproteobacteria,Methylococcales,Methylomonadaceae,QPIN01,0
M39,Aegir_M39_B192,HEEDOPCH_56.region001,RiPP,redox-cofactor,22.13,22,Bacteria,Pseudomonadota,Gammaproteobacteria,Methylococcales,Methylomonadaceae,QPIN01,0
M39,Aegir_M39_B192,HEEDOPCH_64.region001,RiPP,RiPP-like,6.03,5,Bacteria,Pseudomonadota,Gammaproteobacteria,Methylococcales,Methylomonadaceae,QPIN01,0
M39,Aegir_M39_B192,HEEDOPCH_11.region001,Other,arylpolyene,7.6,7,Bacteria,Pseudomonadota,Gammaproteobacteria,Methylococcales,Methylomonadaceae,QPIN01,0
M39,Aegir_M39_B192,HEEDOPCH_161.region001,RiPP,RiPP-like,6.82,7,Bacteria,Pseudomonadota,Gammaproteobacteria,Methylococcales,Methylomonadaceae,QPIN01,0
M39,Aegir_M39_B193,IPACGEIK_1.region001,Other,2-dos aminoglycoside,21.06,23,Archaea,Thermoproteota,Thermoprotei,Thermofilales,B69-G16,B69-G16,0
M39,Aegir_M39_B194,MHOBFLEE_163.region001,RiPP,RiPP-like,2.56,3,Bacteria,Desulfobacterota,Desulfobacteria,Desulfobacterales,UBA11574,JAAXQD01,0
M39,Aegir_M39_B194,MHOBFLEE_164.region001,RiPP,RiPP-like,3.06,2,Bacteria,Desulfobacterota,Desulfobacteria,Desulfobacterales,UBA11574,JAAXQD01,0
M39,Aegir_M39_B194,MHOBFLEE_173.region001,RiPP,RRE-containing,3.93,4,Bacteria,Desulfobacterota,Desulfobacteria,Desulfobacterales,UBA11574,JAAXQD01,0
M39,Aegir_M39_B194,MHOBFLEE_233.region001,Polyketide,hglE-KS,8.45,3,Bacteria,Desulfobacterota,Desulfobacteria,Desulfobacterales,UBA11574,JAAXQD01,0
M39,Aegir_M39_B194,MHOBFLEE_241.region001,RiPP,RRE-containing,8.19,8,Bacteria,Desulfobacterota,Desulfobacteria,Desulfobacterales,UBA11574,JAAXQD01,0
M39,Aegir_M39_B194,MHOBFLEE_398.region001,Polyketide,T1PKS,10.42,4,Bacteria,Desulfobacterota,Desulfobacteria,Desulfobacterales,UBA11574,JAAXQD01,0
M39,Aegir_M39_B195,GJNOLOFI_12.region001,Other,arylpolyene,11.96,11,Bacteria,Desulfobacterota,DSM-4660,Desulfatiglandales,Desulfatiglandaceae,Desulfacyla,0
M39,Aegir_M39_B195,GJNOLOFI_142.region001,Other,arylpolyene,39.2,37,Bacteria,Desulfobacterota,DSM-4660,Desulfatiglandales,Desulfatiglandaceae,Desulfacyla,0
M39,Aegir_M39_B195,GJNOLOFI_209.region001,RiPP,RiPP-like,8.06,7,Bacteria,Desulfobacterota,DSM-4660,Desulfatiglandales,Desulfatiglandaceae,Desulfacyla,0
M39,Aegir_M39_B195,GJNOLOFI_238.region001,RiPP,RiPP-like,8.36,5,Bacteria,Desulfobacterota,DSM-4660,Desulfatiglandales,Desulfatiglandaceae,Desulfacyla,0
M39,Aegir_M39_B195,GJNOLOFI_270.region001,RiPP,ranthipeptide,4.05,3,Bacteria,Desulfobacterota,DSM-4660,Desulfatiglandales,Desulfatiglandaceae,Desulfacyla,0
M39,Aegir_M39_B195,GJNOLOFI_271.region001,RiPP,RRE-containing,3.47,4,Bacteria,Desulfobacterota,DSM-4660,Desulfatiglandales,Desulfatiglandaceae,Desulfacyla,0
M39,Aegir_M39_B195,GJNOLOFI_296.region001,RiPP,RRE-containing,11.37,12,Bacteria,Desulfobacterota,DSM-4660,Desulfatiglandales,Desulfatiglandaceae,Desulfacyla,0
M39,Aegir_M39_B195,GJNOLOFI_380.region001,RiPP,RRE-containing,10.82,9,Bacteria,Desulfobacterota,DSM-4660,Desulfatiglandales,Desulfatiglandaceae,Desulfacyla,0
M39,Aegir_M39_B195,GJNOLOFI_416.region001,Terpene,Terpene generic,8.48,7,Bacteria,Desulfobacterota,DSM-4660,Desulfatiglandales,Desulfatiglandaceae,Desulfacyla,0
M39,Aegir_M39_B195,GJNOLOFI_420.region001,Other,arylpolyene,17.19,19,Bacteria,Desulfobacterota,DSM-4660,Desulfatiglandales,Desulfatiglandaceae,Desulfacyla,0
M39,Aegir_M39_B195,GJNOLOFI_98.region001,RiPP,RiPP-like,9.71,8,Bacteria,Desulfobacterota,DSM-4660,Desulfatiglandales,Desulfatiglandaceae,Desulfacyla,0
M39,Aegir_M39_B196,BKLBJKCE_188.region001,Other,arylpolyene,13.43,14,Bacteria,Desulfobacterota,Desulfobacteria,Desulfobacterales,JALSRD01,JALSRD01,0
M39,Aegir_M39_B196,BKLBJKCE_190.region001,Other,hydrogen-cyanide,13.23,7,Bacteria,Desulfobacterota,Desulfobacteria,Desulfobacterales,JALSRD01,JALSRD01,0
M39,Aegir_M39_B196,BKLBJKCE_20.region001,Polyketide,T1PKS,8.76,4,Bacteria,Desulfobacterota,Desulfobacteria,Desulfobacterales,JALSRD01,JALSRD01,0
M39,Aegir_M39_B196,BKLBJKCE_217.region001,RiPP,RiPP-like,11.9,8,Bacteria,Desulfobacterota,Desulfobacteria,Desulfobacterales,JALSRD01,JALSRD01,0
M39,Aegir_M39_B196,BKLBJKCE_24.region001,RiPP,RRE-containing,7.18,8,Bacteria,Desulfobacterota,Desulfobacteria,Desulfobacterales,JALSRD01,JALSRD01,0
M39,Aegir_M39_B196,BKLBJKCE_255.region001,Terpene,Terpene generic,12.94,13,Bacteria,Desulfobacterota,Desulfobacteria,Desulfobacterales,JALSRD01,JALSRD01,0
M39,Aegir_M39_B196,BKLBJKCE_300.region001,Other,arylpolyene,25.74,25,Bacteria,Desulfobacterota,Desulfobacteria,Desulfobacterales,JALSRD01,JALSRD01,0
M39,Aegir_M39_B196,BKLBJKCE_315.region001,Terpene,Terpene generic,5.58,6,Bacteria,Desulfobacterota,Desulfobacteria,Desulfobacterales,JALSRD01,JALSRD01,0
M39,Aegir_M39_B196,BKLBJKCE_397.region001,Other,hydrogen-cyanide,8.17,7,Bacteria,Desulfobacterota,Desulfobacteria,Desulfobacterales,JALSRD01,JALSRD01,0
M39,Aegir_M39_B198,OHIALCHJ_181.region001,Other,betalactone,30.09,22,Bacteria,Bacteroidota,Bacteroidia,Cytophagales,Cyclobacteriaceae,0,0
M39,Aegir_M39_B198,OHIALCHJ_57.region001,Hybrid,arylpolyene:resorcinol,52.88,38,Bacteria,Bacteroidota,Bacteroidia,Cytophagales,Cyclobacteriaceae,0,0
M39,Aegir_M39_B198,OHIALCHJ_63.region001,RiPP,RRE-containing,20.25,15,Bacteria,Bacteroidota,Bacteroidia,Cytophagales,Cyclobacteriaceae,0,0
M39,Aegir_M39_B199,KEIMIPLH_314.region001,RiPP,RRE-containing,13.62,13,Bacteria,Bacteroidota,Bacteroidia,Flavobacteriales,Flavobacteriaceae,S010-17,0
M39,Aegir_M39_B199,KEIMIPLH_50.region001,RiPP,RiPP-like,4.96,3,Bacteria,Bacteroidota,Bacteroidia,Flavobacteriales,Flavobacteriaceae,S010-17,0
M39,Aegir_M39_B2,GFCMJPMJ_114.region001,RiPP,RiPP-like,9.52,8,Bacteria,Campylobacterota,Campylobacteria,Campylobacterales,Sulfurimonadaceae,S145-25,0
M39,Aegir_M39_B2,GFCMJPMJ_14.region001,Other,arylpolyene,7.94,11,Bacteria,Campylobacterota,Campylobacteria,Campylobacterales,Sulfurimonadaceae,S145-25,0
M39,Aegir_M39_B2,GFCMJPMJ_188.region001,Other,arylpolyene,7.19,9,Bacteria,Campylobacterota,Campylobacteria,Campylobacterales,Sulfurimonadaceae,S145-25,0
M39,Aegir_M39_B2,GFCMJPMJ_69.region001,Other,resorcinol,6.42,7,Bacteria,Campylobacterota,Campylobacteria,Campylobacterales,Sulfurimonadaceae,S145-25,0
M39,Aegir_M39_B20,KNGHPBFF_123.region001,Other,arylpolyene,4.94,6,Bacteria,Bacteroidota,Bacteroidia,Flavobacteriales,Crocinitomicaceae,Crocinitomix,0
M39,Aegir_M39_B20,KNGHPBFF_139.region001,Hybrid,NRPS:T1PKS,19.34,3,Bacteria,Bacteroidota,Bacteroidia,Flavobacteriales,Crocinitomicaceae,Crocinitomix,0
M39,Aegir_M39_B20,KNGHPBFF_13.region001,NRP,NRP generic,5.28,1,Bacteria,Bacteroidota,Bacteroidia,Flavobacteriales,Crocinitomicaceae,Crocinitomix,0
M39,Aegir_M39_B20,KNGHPBFF_250.region001,Polyketide,T3PKS,10.31,9,Bacteria,Bacteroidota,Bacteroidia,Flavobacteriales,Crocinitomicaceae,Crocinitomix,0
M39,Aegir_M39_B20,KNGHPBFF_308.region001,NRP,NRP generic,13.5,1,Bacteria,Bacteroidota,Bacteroidia,Flavobacteriales,Crocinitomicaceae,Crocinitomix,0
M39,Aegir_M39_B20,KNGHPBFF_318.region001,NRP,NRP generic,9,5,Bacteria,Bacteroidota,Bacteroidia,Flavobacteriales,Crocinitomicaceae,Crocinitomix,0
M39,Aegir_M39_B20,KNGHPBFF_375.region001,NRP,NRP generic,5.96,4,Bacteria,Bacteroidota,Bacteroidia,Flavobacteriales,Crocinitomicaceae,Crocinitomix,0
M39,Aegir_M39_B20,KNGHPBFF_385.region001,RiPP,lanthipeptide,7.09,3,Bacteria,Bacteroidota,Bacteroidia,Flavobacteriales,Crocinitomicaceae,Crocinitomix,0
M39,Aegir_M39_B20,KNGHPBFF_415.region001,Other,resorcinol,6.01,6,Bacteria,Bacteroidota,Bacteroidia,Flavobacteriales,Crocinitomicaceae,Crocinitomix,0
M39,Aegir_M39_B20,KNGHPBFF_475.region001,NRP,NRP generic,6.55,1,Bacteria,Bacteroidota,Bacteroidia,Flavobacteriales,Crocinitomicaceae,Crocinitomix,0
M39,Aegir_M39_B20,KNGHPBFF_550.region001,NRP,NRP generic,3.6,1,Bacteria,Bacteroidota,Bacteroidia,Flavobacteriales,Crocinitomicaceae,Crocinitomix,0
M39,Aegir_M39_B20,KNGHPBFF_90.region001,NRP,NRP generic,17.53,2,Bacteria,Bacteroidota,Bacteroidia,Flavobacteriales,Crocinitomicaceae,Crocinitomix,0
M39,Aegir_M39_B20,KNGHPBFF_204.region001,RiPP,lanthipeptide,7.6,3,Bacteria,Bacteroidota,Bacteroidia,Flavobacteriales,Crocinitomicaceae,Crocinitomix,0
M39,Aegir_M39_B20,KNGHPBFF_356.region001,Other,arylpolyene,16.12,15,Bacteria,Bacteroidota,Bacteroidia,Flavobacteriales,Crocinitomicaceae,Crocinitomix,0
M39,Aegir_M39_B20,KNGHPBFF_25.region001,RiPP,RiPP-like,8.06,8,Bacteria,Bacteroidota,Bacteroidia,Flavobacteriales,Crocinitomicaceae,Crocinitomix,0
M39,Aegir_M39_B20,KNGHPBFF_508.region001,Polyketide,T3PKS,8.04,12,Bacteria,Bacteroidota,Bacteroidia,Flavobacteriales,Crocinitomicaceae,Crocinitomix,0
M39,Aegir_M39_B20,KNGHPBFF_228.region001,RiPP,microviridin,12.38,13,Bacteria,Bacteroidota,Bacteroidia,Flavobacteriales,Crocinitomicaceae,Crocinitomix,0
M39,Aegir_M39_B20,KNGHPBFF_333.region001,Terpene,Terpene generic,13.57,16,Bacteria,Bacteroidota,Bacteroidia,Flavobacteriales,Crocinitomicaceae,Crocinitomix,0
M39,Aegir_M39_B21,OONNNJMN_291.region001,RiPP,RRE-containing,3.02,2,Bacteria,Bacteroidota,Bacteroidia,Bacteroidales,UBA1556,0,0
M39,Aegir_M39_B23,CIBCBEEE_109.region001,RiPP,RiPP-like,7.07,7,Bacteria,Pseudomonadota,Gammaproteobacteria,Methylococcales,Methylomonadaceae,0,0
M39,Aegir_M39_B23,CIBCBEEE_111.region001,NRP,NRPS-like,18.64,12,Bacteria,Pseudomonadota,Gammaproteobacteria,Methylococcales,Methylomonadaceae,0,0
M39,Aegir_M39_B23,CIBCBEEE_122.region001,Terpene,Terpene generic,10.8,7,Bacteria,Pseudomonadota,Gammaproteobacteria,Methylococcales,Methylomonadaceae,0,0
M39,Aegir_M39_B23,CIBCBEEE_156.region001,Other,hydrogen-cyanide,12.8,8,Bacteria,Pseudomonadota,Gammaproteobacteria,Methylococcales,Methylomonadaceae,0,0
M39,Aegir_M39_B23,CIBCBEEE_22.region001,RiPP,redox-cofactor,11.78,13,Bacteria,Pseudomonadota,Gammaproteobacteria,Methylococcales,Methylomonadaceae,0,0
M39,Aegir_M39_B23,CIBCBEEE_91.region001,Hybrid,NRPS-like:arylpolyene,31.02,27,Bacteria,Pseudomonadota,Gammaproteobacteria,Methylococcales,Methylomonadaceae,0,0
M39,Aegir_M39_B24,MINEOLEI_165.region001,Terpene,Terpene generic,3.31,5,Bacteria,Pseudomonadota,Alphaproteobacteria,Rhodobacterales,Rhodobacteraceae,Profundibacter,0
M39,Aegir_M39_B24,MINEOLEI_324.region001,RiPP,RiPP-like,8.53,12,Bacteria,Pseudomonadota,Alphaproteobacteria,Rhodobacterales,Rhodobacteraceae,Profundibacter,0
M39,Aegir_M39_B24,MINEOLEI_230.region001,Other,hserlactone,15.21,15,Bacteria,Pseudomonadota,Alphaproteobacteria,Rhodobacterales,Rhodobacteraceae,Profundibacter,0
M39,Aegir_M39_B25,IAPKAMMO_109.region001,Polyketide,T1PKS,9.57,2,Bacteria,Planctomycetota,JADGBV01,JADGBV01,JADGBV01,0,0
M39,Aegir_M39_B25,IAPKAMMO_130.region001,NRP,NRP generic,2.49,1,Bacteria,Planctomycetota,JADGBV01,JADGBV01,JADGBV01,0,0
M39,Aegir_M39_B25,IAPKAMMO_162.region001,Other,acyl_amino_acids,3.29,2,Bacteria,Planctomycetota,JADGBV01,JADGBV01,JADGBV01,0,0
M39,Aegir_M39_B25,IAPKAMMO_177.region001,Polyketide,T3PKS,24.12,21,Bacteria,Planctomycetota,JADGBV01,JADGBV01,JADGBV01,0,0
M39,Aegir_M39_B25,IAPKAMMO_248.region001,Other,acyl_amino_acids,14.71,15,Bacteria,Planctomycetota,JADGBV01,JADGBV01,JADGBV01,0,0
M39,Aegir_M39_B25,IAPKAMMO_310.region001,Other,acyl_amino_acids,2.5,2,Bacteria,Planctomycetota,JADGBV01,JADGBV01,JADGBV01,0,0
M39,Aegir_M39_B25,IAPKAMMO_313.region001,NRP,NRPS-like,7.67,4,Bacteria,Planctomycetota,JADGBV01,JADGBV01,JADGBV01,0,0
M39,Aegir_M39_B25,IAPKAMMO_326.region001,NRP,NRP generic,10.5,2,Bacteria,Planctomycetota,JADGBV01,JADGBV01,JADGBV01,0,0
M39,Aegir_M39_B25,IAPKAMMO_354.region001,Other,acyl_amino_acids,21.73,16,Bacteria,Planctomycetota,JADGBV01,JADGBV01,JADGBV01,0,0
M39,Aegir_M39_B25,IAPKAMMO_357.region001,Other,acyl_amino_acids,24.65,25,Bacteria,Planctomycetota,JADGBV01,JADGBV01,JADGBV01,0,0
M39,Aegir_M39_B25,IAPKAMMO_56.region001,Terpene,Terpene generic,19.66,20,Bacteria,Planctomycetota,JADGBV01,JADGBV01,JADGBV01,0,0
M39,Aegir_M39_B25,IAPKAMMO_74.region001,NRP,NRP generic,6.27,2,Bacteria,Planctomycetota,JADGBV01,JADGBV01,JADGBV01,0,0
M39,Aegir_M39_B25,IAPKAMMO_81.region001,Other,acyl_amino_acids,15.65,11,Bacteria,Planctomycetota,JADGBV01,JADGBV01,JADGBV01,0,0
M39,Aegir_M39_B25,IAPKAMMO_89.region001,Other,acyl_amino_acids,15.01,13,Bacteria,Planctomycetota,JADGBV01,JADGBV01,JADGBV01,0,0
M39,Aegir_M39_B25,IAPKAMMO_61.region001,Hybrid,lassopeptide:RRE-containing,9.26,9,Bacteria,Planctomycetota,JADGBV01,JADGBV01,JADGBV01,0,0
M39,Aegir_M39_B25,IAPKAMMO_161.region001,Other,acyl_amino_acids,9.83,9,Bacteria,Planctomycetota,JADGBV01,JADGBV01,JADGBV01,0,0
M39,Aegir_M39_B25,IAPKAMMO_220.region001,Other,acyl_amino_acids,5.37,4,Bacteria,Planctomycetota,JADGBV01,JADGBV01,JADGBV01,0,0
M39,Aegir_M39_B25,IAPKAMMO_17.region001,Other,acyl_amino_acids,13.35,12,Bacteria,Planctomycetota,JADGBV01,JADGBV01,JADGBV01,0,0
M39,Aegir_M39_B25,IAPKAMMO_312.region001,RiPP,RRE-containing,15.82,15,Bacteria,Planctomycetota,JADGBV01,JADGBV01,JADGBV01,0,0
M39,Aegir_M39_B25,IAPKAMMO_148.region001,Other,acyl_amino_acids,3.67,3,Bacteria,Planctomycetota,JADGBV01,JADGBV01,JADGBV01,0,0
M39,Aegir_M39_B25,IAPKAMMO_206.region001,Other,acyl_amino_acids,3.97,2,Bacteria,Planctomycetota,JADGBV01,JADGBV01,JADGBV01,0,0
M39,Aegir_M39_B25,IAPKAMMO_165.region001,Other,acyl_amino_acids,2.9,2,Bacteria,Planctomycetota,JADGBV01,JADGBV01,JADGBV01,0,0
M39,Aegir_M39_B26,PODDHOJH_222.region001,Other,nucleoside,13.41,10,Bacteria,Chloroflexota,Anaerolineae,B4-G1,DUEL01,JBDOIF01,0
M39,Aegir_M39_B27,INCGMNIA_224.region001,RiPP,RRE-containing,5.23,6,Bacteria,WOR-3,Hydrothermia,JBDRYB01,JBDRYB01,0,0
M39,Aegir_M39_B27,INCGMNIA_59.region001,RiPP,RRE-containing,3.62,7,Bacteria,WOR-3,Hydrothermia,JBDRYB01,JBDRYB01,0,0
M39,Aegir_M39_B29,LDFDGFAA_173.region001,NRP,NRPS-like,2.33,3,Bacteria,Calditrichota,Calditrichia,Calditrichales,Calditrichaceae,Caldithrix,0
M39,Aegir_M39_B29,LDFDGFAA_263.region001,NRP,NRP generic,10.16,2,Bacteria,Calditrichota,Calditrichia,Calditrichales,Calditrichaceae,Caldithrix,0
M39,Aegir_M39_B29,LDFDGFAA_541.region001,NRP,NRPS-like,2.94,1,Bacteria,Calditrichota,Calditrichia,Calditrichales,Calditrichaceae,Caldithrix,0
M39,Aegir_M39_B29,LDFDGFAA_640.region001,NRP,NRP generic,5.53,2,Bacteria,Calditrichota,Calditrichia,Calditrichales,Calditrichaceae,Caldithrix,0
M39,Aegir_M39_B29,LDFDGFAA_706.region001,Other,betalactone,13.43,11,Bacteria,Calditrichota,Calditrichia,Calditrichales,Calditrichaceae,Caldithrix,0
M39,Aegir_M39_B29,LDFDGFAA_71.region001,NRP,NRPS-like,2.41,1,Bacteria,Calditrichota,Calditrichia,Calditrichales,Calditrichaceae,Caldithrix,0
M39,Aegir_M39_B29,LDFDGFAA_732.region001,NRP,NRP generic,2.04,1,Bacteria,Calditrichota,Calditrichia,Calditrichales,Calditrichaceae,Caldithrix,0
M39,Aegir_M39_B29,LDFDGFAA_24.region001,Terpene,Terpene generic,5.08,4,Bacteria,Calditrichota,Calditrichia,Calditrichales,Calditrichaceae,Caldithrix,0
M39,Aegir_M39_B29,LDFDGFAA_224.region001,RiPP,RRE-containing,2,3,Bacteria,Calditrichota,Calditrichia,Calditrichales,Calditrichaceae,Caldithrix,0
M39,Aegir_M39_B3,OHFHPIDA_203.region001,Hybrid,PUFA:T1PKS,28.39,18,Bacteria,Chloroflexota,Anaerolineae,Promineifilales,Promineifilaceae,S016-13,0
M39,Aegir_M39_B3,OHFHPIDA_266.region001,Terpene,Terpene generic,11.98,10,Bacteria,Chloroflexota,Anaerolineae,Promineifilales,Promineifilaceae,S016-13,0
M39,Aegir_M39_B3,OHFHPIDA_75.region001,RiPP,RRE-containing,13.67,10,Bacteria,Chloroflexota,Anaerolineae,Promineifilales,Promineifilaceae,S016-13,0
M39,Aegir_M39_B30,HOCLGGFK_132.region001,RiPP,RiPP-like,7.89,9,Bacteria,Aquificota,Aquificia,Aquificales,Hydrogenothermaceae,JAADDV01,0
M39,Aegir_M39_B30,HOCLGGFK_111.region001,RiPP,RRE-containing,20.24,16,Bacteria,Aquificota,Aquificia,Aquificales,Hydrogenothermaceae,JAADDV01,0
M39,Aegir_M39_B30,HOCLGGFK_34.region001,NRP,NRPS-like,9.98,11,Bacteria,Aquificota,Aquificia,Aquificales,Hydrogenothermaceae,JAADDV01,0
M39,Aegir_M39_B31,POFLEAAM_250.region001,Other,arylpolyene,2.89,4,Bacteria,Bacteroidota,Bacteroidia,Bacteroidales,F082,B16-G9,0
M39,Aegir_M39_B31,POFLEAAM_334.region001,Other,arylpolyene,4.02,2,Bacteria,Bacteroidota,Bacteroidia,Bacteroidales,F082,B16-G9,0
M39,Aegir_M39_B31,POFLEAAM_394.region001,NRP,NRPS-like,3.65,3,Bacteria,Bacteroidota,Bacteroidia,Bacteroidales,F082,B16-G9,0
M39,Aegir_M39_B31,POFLEAAM_372.region001,RiPP,RiPP-like,5.98,6,Bacteria,Bacteroidota,Bacteroidia,Bacteroidales,F082,B16-G9,0
M39,Aegir_M39_B31,POFLEAAM_184.region001,Other,arylpolyene,10.19,10,Bacteria,Bacteroidota,Bacteroidia,Bacteroidales,F082,B16-G9,0
M39,Aegir_M39_B32,JGCEHHJG_105.region001,Terpene,Terpene generic,12.57,11,Bacteria,Myxococcota,Polyangia,Haliangiales,Haliangiaceae,0,0
M39,Aegir_M39_B32,JGCEHHJG_32.region001,RiPP,ranthipeptide,11.68,8,Bacteria,Myxococcota,Polyangia,Haliangiales,Haliangiaceae,0,0
M39,Aegir_M39_B32,JGCEHHJG_432.region001,Polyketide,T1PKS,4.87,2,Bacteria,Myxococcota,Polyangia,Haliangiales,Haliangiaceae,0,0
M39,Aegir_M39_B32,JGCEHHJG_612.region001,NRP,NRPS-like,3.71,2,Bacteria,Myxococcota,Polyangia,Haliangiales,Haliangiaceae,0,0
M39,Aegir_M39_B33,ANLNIOLN_177.region001,RiPP,RiPP-like,3.6,6,Bacteria,Pseudomonadota,Gammaproteobacteria,Thiomicrospirales,Thiomicrospiraceae,Sulfurivirga,0
M39,Aegir_M39_B33,ANLNIOLN_185.region001,RiPP,RiPP-like,5.57,6,Bacteria,Pseudomonadota,Gammaproteobacteria,Thiomicrospirales,Thiomicrospiraceae,Sulfurivirga,0
M39,Aegir_M39_B33,ANLNIOLN_241.region001,Polyketide,T3PKS,2.13,2,Bacteria,Pseudomonadota,Gammaproteobacteria,Thiomicrospirales,Thiomicrospiraceae,Sulfurivirga,0
M39,Aegir_M39_B34,MPGNNOLM_117.region001,RiPP,RRE-containing,4.68,8,Bacteria,Desulfobacterota,Syntrophobacteria,Syntrophobacterales,Syntrophobacteraceae,0,0
M39,Aegir_M39_B34,MPGNNOLM_149.region001,Terpene,Terpene generic,6.86,7,Bacteria,Desulfobacterota,Syntrophobacteria,Syntrophobacterales,Syntrophobacteraceae,0,0
M39,Aegir_M39_B34,MPGNNOLM_22.region001,Hybrid,proteusin:RiPP-like,3.49,4,Bacteria,Desulfobacterota,Syntrophobacteria,Syntrophobacterales,Syntrophobacteraceae,0,0
M39,Aegir_M39_B34,MPGNNOLM_289.region001,RiPP,thiopeptide,9.54,8,Bacteria,Desulfobacterota,Syntrophobacteria,Syntrophobacterales,Syntrophobacteraceae,0,0
M39,Aegir_M39_B34,MPGNNOLM_32.region001,NRP,NRP generic,5.83,2,Bacteria,Desulfobacterota,Syntrophobacteria,Syntrophobacterales,Syntrophobacteraceae,0,0
M39,Aegir_M39_B34,MPGNNOLM_388.region001,NRP,NRPS-like,2.66,2,Bacteria,Desulfobacterota,Syntrophobacteria,Syntrophobacterales,Syntrophobacteraceae,0,0
M39,Aegir_M39_B34,MPGNNOLM_486.region001,RiPP,RiPP-like,2.67,2,Bacteria,Desulfobacterota,Syntrophobacteria,Syntrophobacterales,Syntrophobacteraceae,0,0
M39,Aegir_M39_B34,MPGNNOLM_539.region001,RiPP,RiPP-like,4.1,1,Bacteria,Desulfobacterota,Syntrophobacteria,Syntrophobacterales,Syntrophobacteraceae,0,0
M39,Aegir_M39_B34,MPGNNOLM_64.region001,Hybrid,NRPS-like:T1PKS,8.43,3,Bacteria,Desulfobacterota,Syntrophobacteria,Syntrophobacterales,Syntrophobacteraceae,0,0
M39,Aegir_M39_B34,MPGNNOLM_73.region001,RiPP,RiPP-like,3.16,4,Bacteria,Desulfobacterota,Syntrophobacteria,Syntrophobacterales,Syntrophobacteraceae,0,0
M39,Aegir_M39_B35,FOFKHIPA_28.region001,NRP,NRPS-like,15.75,10,Bacteria,Myxococcota,Bradymonadia,Bradymonadales,Bradymonadaceae,CALJNB01,0
M39,Aegir_M39_B35,FOFKHIPA_889.region001,Other,arylpolyene,5.69,7,Bacteria,Myxococcota,Bradymonadia,Bradymonadales,Bradymonadaceae,CALJNB01,0
M39,Aegir_M39_B35,FOFKHIPA_201.region001,Polyketide,hglE-KS,18.56,13,Bacteria,Myxococcota,Bradymonadia,Bradymonadales,Bradymonadaceae,CALJNB01,0
M39,Aegir_M39_B35,FOFKHIPA_346.region001,RiPP,RiPP-like,3.9,3,Bacteria,Myxococcota,Bradymonadia,Bradymonadales,Bradymonadaceae,CALJNB01,0
M39,Aegir_M39_B35,FOFKHIPA_200.region001,RiPP,RRE-containing,6.82,8,Bacteria,Myxococcota,Bradymonadia,Bradymonadales,Bradymonadaceae,CALJNB01,0
M39,Aegir_M39_B38,LLKGMAIK_200.region001,Other,hydrogen-cyanide,9.33,8,Bacteria,Chloroflexota,Anaerolineae,B4-G1,B4-G1,B4-G1,0
M39,Aegir_M39_B39,NPMBOLIF_107.region001,Other,arylpolyene,25.46,25,Bacteria,Myxococcota_A,UBA9160,UBA9160,UBA4427,UBA4427,0
M39,Aegir_M39_B39,NPMBOLIF_114.region001,RiPP,RiPP-like,10.93,9,Bacteria,Myxococcota_A,UBA9160,UBA9160,UBA4427,UBA4427,0
M39,Aegir_M39_B39,NPMBOLIF_29.region001,Terpene,Terpene generic,22.98,22,Bacteria,Myxococcota_A,UBA9160,UBA9160,UBA4427,UBA4427,0
M39,Aegir_M39_B39,NPMBOLIF_4.region001,RiPP,RiPP-like,9.7,11,Bacteria,Myxococcota_A,UBA9160,UBA9160,UBA4427,UBA4427,0
M39,Aegir_M39_B39,NPMBOLIF_58.region001,Other,betalactone,27.69,19,Bacteria,Myxococcota_A,UBA9160,UBA9160,UBA4427,UBA4427,0
M39,Aegir_M39_B39,NPMBOLIF_68.region001,Polyketide,T1PKS,30.16,23,Bacteria,Myxococcota_A,UBA9160,UBA9160,UBA4427,UBA4427,0
M39,Aegir_M39_B39,NPMBOLIF_73.region001,Hybrid,NRPS-like:T1PKS,28.77,18,Bacteria,Myxococcota_A,UBA9160,UBA9160,UBA4427,UBA4427,0
M39,Aegir_M39_B40,JEICAJEH_25.region001,Terpene,Terpene generic,18.91,19,Bacteria,Pseudomonadota,Gammaproteobacteria,Enterobacterales,GCA-002770795,DRNA01,0
M39,Aegir_M39_B40,JEICAJEH_66.region001,RiPP,RiPP-like,10.93,10,Bacteria,Pseudomonadota,Gammaproteobacteria,Enterobacterales,GCA-002770795,DRNA01,0
M39,Aegir_M39_B40,JEICAJEH_18.region001,RiPP,RiPP-like,11.74,8,Bacteria,Pseudomonadota,Gammaproteobacteria,Enterobacterales,GCA-002770795,DRNA01,0
M39,Aegir_M39_B41,JEGBJGEC_29.region001,RiPP,RRE-containing,20.25,17,Bacteria,Bacteroidota,Bacteroidia,Cytophagales,Cyclobacteriaceae,S012-113,0
M39,Aegir_M39_B43,LPCKDOMF_14.region001,RiPP,RiPP-like,5.81,6,Bacteria,Campylobacterota,Campylobacteria,Campylobacterales,Sulfurimonadaceae,Sulfurimonas,0
M39,Aegir_M39_B44,IPKLMCOG_23.region001,Terpene,Terpene generic,15.79,17,Bacteria,Bipolaricaulota,Bipolaricaulia,Bipolaricaulales,Bipolaricaulaceae,UBA3574,0
M39,Aegir_M39_B45,BHJKMAJD_66.region001,RiPP,RiPP-like,11.18,10,Archaea,Halobacteriota,Syntropharchaeia,Alkanophagales,Methanospirareceae,G60ANME1,G60ANME1 sp025464325
M39,Aegir_M39_B47,LEIPLLPH_105.region001,RiPP,RRE-containing,18.32,11,Bacteria,Acidobacteriota,Thermoanaerobaculia,Thermoanaerobaculales,Sulfomarinibacteraceae,JAMOVQ01,0
M39,Aegir_M39_B47,LEIPLLPH_100.region001,RiPP,RiPP-like,10.88,9,Bacteria,Acidobacteriota,Thermoanaerobaculia,Thermoanaerobaculales,Sulfomarinibacteraceae,JAMOVQ01,0
M39,Aegir_M39_B47,LEIPLLPH_119.region001,RiPP,RRE-containing,12.33,10,Bacteria,Acidobacteriota,Thermoanaerobaculia,Thermoanaerobaculales,Sulfomarinibacteraceae,JAMOVQ01,0
M39,Aegir_M39_B47,LEIPLLPH_42.region001,RiPP,RRE-containing,5.68,5,Bacteria,Acidobacteriota,Thermoanaerobaculia,Thermoanaerobaculales,Sulfomarinibacteraceae,JAMOVQ01,0
M39,Aegir_M39_B48,BPODBAHM_100.region001,RiPP,RiPP-like,12.23,11,Bacteria,Pseudomonadota,Gammaproteobacteria,Xanthomonadales,Marinicellaceae,NORP309,0
M39,Aegir_M39_B48,BPODBAHM_39.region001,RiPP,RRE-containing,20.26,20,Bacteria,Pseudomonadota,Gammaproteobacteria,Xanthomonadales,Marinicellaceae,NORP309,0
M39,Aegir_M39_B49,EHCFMGAI_48.region001,RiPP,RiPP-like,10.89,11,Bacteria,Myxococcota_A,UBA9160,UBA9160,UBA4427,UBA4427,0
M39,Aegir_M39_B49,EHCFMGAI_18.region001,Polyketide,T1PKS,46.41,40,Bacteria,Myxococcota_A,UBA9160,UBA9160,UBA4427,UBA4427,0
M39,Aegir_M39_B49,EHCFMGAI_4.region001,Polyketide,T1PKS,27.27,19,Bacteria,Myxococcota_A,UBA9160,UBA9160,UBA4427,UBA4427,0
M39,Aegir_M39_B49,EHCFMGAI_48.region002,Other,arylpolyene,41.17,38,Bacteria,Myxococcota_A,UBA9160,UBA9160,UBA4427,UBA4427,0
M39,Aegir_M39_B5,CBKCKAFE_11.region001,Hybrid,arylpolyene:resorcinol,52.5,49,Bacteria,Bacteroidota,Bacteroidia,Flavobacteriales,Flavobacteriaceae,S010-17,0
M39,Aegir_M39_B51,DKEELOGD_73.region001,Terpene,Terpene generic,4.57,3,Bacteria,Desulfobacterota,DSM-4660,Desulfatiglandales,JALVZP01,0,0
M39,Aegir_M39_B51,DKEELOGD_85.region001,RiPP,RiPP-like,11.73,14,Bacteria,Desulfobacterota,DSM-4660,Desulfatiglandales,JALVZP01,0,0
M39,Aegir_M39_B52,LKAFJBHK_77.region001,RiPP,ranthipeptide,36.52,30,Bacteria,Bacteroidota,Bacteroidia,Bacteroidales,NBLH01,NBLH01,0
M39,Aegir_M39_B53,DHNEMAIL_61.region001,Other,resorcinol,22.83,20,Bacteria,Pseudomonadota,Gammaproteobacteria,Nitrosococcales,Methylophagaceae,GCA-002733105,0
M39,Aegir_M39_B53,DHNEMAIL_97.region001,RiPP,ranthipeptide,11.43,13,Bacteria,Pseudomonadota,Gammaproteobacteria,Nitrosococcales,Methylophagaceae,GCA-002733105,0
M39,Aegir_M39_B53,DHNEMAIL_273.region001,RiPP,RiPP-like,2.52,2,Bacteria,Pseudomonadota,Gammaproteobacteria,Nitrosococcales,Methylophagaceae,GCA-002733105,0
M39,Aegir_M39_B53,DHNEMAIL_207.region001,RiPP,RiPP-like,5.57,5,Bacteria,Pseudomonadota,Gammaproteobacteria,Nitrosococcales,Methylophagaceae,GCA-002733105,0
M39,Aegir_M39_B54,HDEKGLIK_101.region001,RiPP,thioamitides,2.81,3,Archaea,Halobacteriota,Syntropharchaeia,Alkanophagales,Methanospirareceae,Methanoxibalbensis,0
M39,Aegir_M39_B55,NLFFCBIA_2.region001,RiPP,redox-cofactor,22.12,24,Bacteria,Pseudomonadota,Gammaproteobacteria,Methylococcales,Methylomonadaceae,QPIN01,0
M39,Aegir_M39_B55,NLFFCBIA_81.region001,Other,hserlactone,12.08,10,Bacteria,Pseudomonadota,Gammaproteobacteria,Methylococcales,Methylomonadaceae,QPIN01,0
M39,Aegir_M39_B55,NLFFCBIA_11.region001,Terpene,Terpene generic,16.67,12,Bacteria,Pseudomonadota,Gammaproteobacteria,Methylococcales,Methylomonadaceae,QPIN01,0
M39,Aegir_M39_B55,NLFFCBIA_4.region001,NRP,NRP generic,43.83,36,Bacteria,Pseudomonadota,Gammaproteobacteria,Methylococcales,Methylomonadaceae,QPIN01,0
M39,Aegir_M39_B55,NLFFCBIA_47.region001,Other,arylpolyene,25.73,26,Bacteria,Pseudomonadota,Gammaproteobacteria,Methylococcales,Methylomonadaceae,QPIN01,0
M39,Aegir_M39_B55,NLFFCBIA_54.region001,Other,ectoine,10.39,8,Bacteria,Pseudomonadota,Gammaproteobacteria,Methylococcales,Methylomonadaceae,QPIN01,0
M39,Aegir_M39_B55,NLFFCBIA_76.region001,RiPP,RiPP-like,10.85,11,Bacteria,Pseudomonadota,Gammaproteobacteria,Methylococcales,Methylomonadaceae,QPIN01,0
M39,Aegir_M39_B56,PEMCANAD_106.region001,Other,hydrogen-cyanide,9.47,8,Bacteria,Desulfobacterota,Desulfobacteria,Desulfobacterales,JAFDCJ01,JAOZPY01,0
M39,Aegir_M39_B56,PEMCANAD_126.region001,RiPP,RRE-containing,10.78,7,Bacteria,Desulfobacterota,Desulfobacteria,Desulfobacterales,JAFDCJ01,JAOZPY01,0
M39,Aegir_M39_B56,PEMCANAD_12.region001,RiPP,RiPP-like,11.8,11,Bacteria,Desulfobacterota,Desulfobacteria,Desulfobacterales,JAFDCJ01,JAOZPY01,0
M39,Aegir_M39_B56,PEMCANAD_130.region001,Other,hydrogen-cyanide,12.92,12,Bacteria,Desulfobacterota,Desulfobacteria,Desulfobacterales,JAFDCJ01,JAOZPY01,0
M39,Aegir_M39_B56,PEMCANAD_145.region001,RiPP,RiPP-like,11.73,8,Bacteria,Desulfobacterota,Desulfobacteria,Desulfobacterales,JAFDCJ01,JAOZPY01,0
M39,Aegir_M39_B56,PEMCANAD_155.region001,Hybrid,hglE-KS:T1PKS,18.1,13,Bacteria,Desulfobacterota,Desulfobacteria,Desulfobacterales,JAFDCJ01,JAOZPY01,0
M39,Aegir_M39_B56,PEMCANAD_15.region001,Other,arylpolyene,25.02,24,Bacteria,Desulfobacterota,Desulfobacteria,Desulfobacterales,JAFDCJ01,JAOZPY01,0
M39,Aegir_M39_B56,PEMCANAD_54.region001,Polyketide,T1PKS,25.16,17,Bacteria,Desulfobacterota,Desulfobacteria,Desulfobacterales,JAFDCJ01,JAOZPY01,0
M39,Aegir_M39_B56,PEMCANAD_60.region001,Other,arylpolyene,21.94,24,Bacteria,Desulfobacterota,Desulfobacteria,Desulfobacterales,JAFDCJ01,JAOZPY01,0
M39,Aegir_M39_B56,PEMCANAD_62.region001,Other,arylpolyene,27.66,30,Bacteria,Desulfobacterota,Desulfobacteria,Desulfobacterales,JAFDCJ01,JAOZPY01,0
M39,Aegir_M39_B56,PEMCANAD_95.region001,RiPP,RRE-containing,12.96,10,Bacteria,Desulfobacterota,Desulfobacteria,Desulfobacterales,JAFDCJ01,JAOZPY01,0
M39,Aegir_M39_B57,PKOHFBCK_276.region001,RiPP,RRE-containing,7.02,5,Bacteria,Zhuqueibacterota,JdFR-76,JdFR-76,4484-219,4484-219,0
M39,Aegir_M39_B57,PKOHFBCK_383.region001,Terpene,Terpene generic,2.71,3,Bacteria,Zhuqueibacterota,JdFR-76,JdFR-76,4484-219,4484-219,0
M39,Aegir_M39_B58,JGFFHJOO_118.region001,RiPP,RRE-containing,5.33,5,Archaea,Thermoplasmatota,E2,DHVEG-1,B18-G2,B18-G2,0
M39,Aegir_M39_B60,IGDGJELM_12.region001,Other,arylpolyene,41.23,34,Bacteria,Myxococcota,B64-G9,B64-G9,B64-G9,JALVPF01,0
M39,Aegir_M39_B60,IGDGJELM_43.region001,RiPP,RRE-containing,20.25,15,Bacteria,Myxococcota,B64-G9,B64-G9,B64-G9,JALVPF01,0
M39,Aegir_M39_B60,IGDGJELM_46.region001,Terpene,Terpene generic,21.01,17,Bacteria,Myxococcota,B64-G9,B64-G9,B64-G9,JALVPF01,0
M39,Aegir_M39_B60,IGDGJELM_46.region002,Terpene,Terpene generic,21.91,19,Bacteria,Myxococcota,B64-G9,B64-G9,B64-G9,JALVPF01,0
M39,Aegir_M39_B60,IGDGJELM_61.region001,Polyketide,hglE-KS,47.64,36,Bacteria,Myxococcota,B64-G9,B64-G9,B64-G9,JALVPF01,0
M39,Aegir_M39_B60,IGDGJELM_65.region001,Other,arylpolyene,42.15,36,Bacteria,Myxococcota,B64-G9,B64-G9,B64-G9,JALVPF01,0
M39,Aegir_M39_B60,IGDGJELM_60.region001,Other,arylpolyene,29.05,26,Bacteria,Myxococcota,B64-G9,B64-G9,B64-G9,JALVPF01,0
M39,Aegir_M39_B60,IGDGJELM_1.region001,RiPP,RRE-containing,11.3,7,Bacteria,Myxococcota,B64-G9,B64-G9,B64-G9,JALVPF01,0
M39,Aegir_M39_B62,GBJKAJGP_140.region001,Other,hydrogen-cyanide,4.74,6,Bacteria,Desulfobacterota,Desulfobacteria,Desulfobacterales,Desulfobacteraceae,Desulfobacula,0
M39,Aegir_M39_B62,GBJKAJGP_21.region001,Hybrid,acyl_amino_acids:hserlactone,4.48,3,Bacteria,Desulfobacterota,Desulfobacteria,Desulfobacterales,Desulfobacteraceae,Desulfobacula,0
M39,Aegir_M39_B62,GBJKAJGP_238.region001,Other,betalactone,21.31,22,Bacteria,Desulfobacterota,Desulfobacteria,Desulfobacterales,Desulfobacteraceae,Desulfobacula,0
M39,Aegir_M39_B62,GBJKAJGP_25.region001,Other,hydrogen-cyanide,12.52,11,Bacteria,Desulfobacterota,Desulfobacteria,Desulfobacterales,Desulfobacteraceae,Desulfobacula,0
M39,Aegir_M39_B62,GBJKAJGP_278.region001,Polyketide,T1PKS,3.95,1,Bacteria,Desulfobacterota,Desulfobacteria,Desulfobacterales,Desulfobacteraceae,Desulfobacula,0
M39,Aegir_M39_B62,GBJKAJGP_36.region001,RiPP,RiPP-like,11.73,8,Bacteria,Desulfobacterota,Desulfobacteria,Desulfobacterales,Desulfobacteraceae,Desulfobacula,0
M39,Aegir_M39_B62,GBJKAJGP_8.region001,RiPP,RRE-containing,2.38,4,Bacteria,Desulfobacterota,Desulfobacteria,Desulfobacterales,Desulfobacteraceae,Desulfobacula,0
M39,Aegir_M39_B63,PMCGENNM_188.region001,Terpene,Terpene generic,12.37,9,Bacteria,Bacteroidota_A,Ignavibacteria,Ignavibacteriales,Melioribacteraceae,GCA-2746605,0
M39,Aegir_M39_B63,PMCGENNM_85.region001,NRP,NRPS-like,11.57,1,Bacteria,Bacteroidota_A,Ignavibacteria,Ignavibacteriales,Melioribacteraceae,GCA-2746605,0
M39,Aegir_M39_B63,PMCGENNM_191.region001,NRP,NRP generic,15.01,5,Bacteria,Bacteroidota_A,Ignavibacteria,Ignavibacteriales,Melioribacteraceae,GCA-2746605,0
M39,Aegir_M39_B63,PMCGENNM_184.region001,Hybrid,NRPS:NRPS-like:T1PKS,31.58,13,Bacteria,Bacteroidota_A,Ignavibacteria,Ignavibacteriales,Melioribacteraceae,GCA-2746605,0
M39,Aegir_M39_B63,PMCGENNM_89.region001,RiPP,RRE-containing,18.46,13,Bacteria,Bacteroidota_A,Ignavibacteria,Ignavibacteriales,Melioribacteraceae,GCA-2746605,0
M39,Aegir_M39_B63,PMCGENNM_264.region001,NRP,NRP generic,20.43,3,Bacteria,Bacteroidota_A,Ignavibacteria,Ignavibacteriales,Melioribacteraceae,GCA-2746605,0
M39,Aegir_M39_B64,BHJOCGJN_115.region001,Other,acyl_amino_acids,16.67,10,Bacteria,Chloroflexota,Anaerolineae,B4-G1,B4-G1,JALWUZ01,0
M39,Aegir_M39_B67,HCGIIHJE_19.region001,RiPP,RiPP-like,10.44,8,Bacteria,Bacteroidota,Bacteroidia,Flavobacteriales,Flavobacteriaceae,S010-17,0
M39,Aegir_M39_B67,HCGIIHJE_5.region001,Hybrid,arylpolyene:resorcinol,40.98,42,Bacteria,Bacteroidota,Bacteroidia,Flavobacteriales,Flavobacteriaceae,S010-17,0
M39,Aegir_M39_B68,BMNDMLLO_348.region001,NRP,NRP generic,4.12,1,Bacteria,Myxococcota,Polyangia,HGW-17,SLPX01,0,0
M39,Aegir_M39_B68,BMNDMLLO_425.region001,Terpene,Terpene generic,9.85,6,Bacteria,Myxococcota,Polyangia,HGW-17,SLPX01,0,0
M39,Aegir_M39_B69,EGDKBMJK_202.region001,RiPP,thiopeptide,13.71,13,Bacteria,Planctomycetota,UBA1135,UBA1135,GCA-002686595,GCA-2862085,0
M39,Aegir_M39_B69,EGDKBMJK_324.region001,NRP,NRPS-like,42,33,Bacteria,Planctomycetota,UBA1135,UBA1135,GCA-002686595,GCA-2862085,0
M39,Aegir_M39_B69,EGDKBMJK_96.region001,Polyketide,T3PKS,25.73,17,Bacteria,Planctomycetota,UBA1135,UBA1135,GCA-002686595,GCA-2862085,0
M39,Aegir_M39_B7,OKKCHLFC_181.region001,RiPP,RiPP-like,3.83,3,Bacteria,Desulfobacterota,JACQYL01,JACQYL01,0,0,0
M39,Aegir_M39_B7,OKKCHLFC_349.region001,RiPP,ranthipeptide,2.98,4,Bacteria,Desulfobacterota,JACQYL01,JACQYL01,0,0,0
M39,Aegir_M39_B7,OKKCHLFC_469.region001,RiPP,RRE-containing,9.01,6,Bacteria,Desulfobacterota,JACQYL01,JACQYL01,0,0,0
M39,Aegir_M39_B7,OKKCHLFC_583.region001,RiPP,RiPP-like,3.24,4,Bacteria,Desulfobacterota,JACQYL01,JACQYL01,0,0,0
M39,Aegir_M39_B70,JNJEJPMG_296.region001,RiPP,RiPP-like,5.58,7,Bacteria,Chloroflexota,Anaerolineae,Anaerolineales,UBA11858,UBA11858,0
M39,Aegir_M39_B71,OEDHKPFD_120.region001,RiPP,RiPP-like,8.47,6,Bacteria,Pseudomonadota,Gammaproteobacteria,Methylococcales,Methylomonadaceae,QPIN01,QPIN01 sp021647585
M39,Aegir_M39_B71,OEDHKPFD_155.region001,Polyketide,T1PKS,19.65,10,Bacteria,Pseudomonadota,Gammaproteobacteria,Methylococcales,Methylomonadaceae,QPIN01,QPIN01 sp021647585
M39,Aegir_M39_B71,OEDHKPFD_164.region001,Other,arylpolyene,16.59,18,Bacteria,Pseudomonadota,Gammaproteobacteria,Methylococcales,Methylomonadaceae,QPIN01,QPIN01 sp021647585
M39,Aegir_M39_B71,OEDHKPFD_19.region001,RiPP,RiPP-like,7.68,9,Bacteria,Pseudomonadota,Gammaproteobacteria,Methylococcales,Methylomonadaceae,QPIN01,QPIN01 sp021647585
M39,Aegir_M39_B71,OEDHKPFD_39.region001,RiPP,ranthipeptide,11.93,11,Bacteria,Pseudomonadota,Gammaproteobacteria,Methylococcales,Methylomonadaceae,QPIN01,QPIN01 sp021647585
M39,Aegir_M39_B71,OEDHKPFD_97.region001,Other,betalactone,15.86,15,Bacteria,Pseudomonadota,Gammaproteobacteria,Methylococcales,Methylomonadaceae,QPIN01,QPIN01 sp021647585
M39,Aegir_M39_B71,OEDHKPFD_111.region001,Terpene,Terpene generic,14.56,13,Bacteria,Pseudomonadota,Gammaproteobacteria,Methylococcales,Methylomonadaceae,QPIN01,QPIN01 sp021647585
M39,Aegir_M39_B72,ELFKHDCH_229.region001,RiPP,RiPP-like,5.74,5,Bacteria,Bacteroidota,Bacteroidia,Flavobacteriales,Salibacteraceae,UBA2108,0
M39,Aegir_M39_B72,ELFKHDCH_235.region001,Hybrid,arylpolyene:resorcinol,35.52,35,Bacteria,Bacteroidota,Bacteroidia,Flavobacteriales,Salibacteraceae,UBA2108,0
M39,Aegir_M39_B72,ELFKHDCH_302.region001,Polyketide,T3PKS,3.12,3,Bacteria,Bacteroidota,Bacteroidia,Flavobacteriales,Salibacteraceae,UBA2108,0
M39,Aegir_M39_B73,HLAJGKCK_180.region001,Polyketide,T1PKS,3.74,1,Bacteria,Myxococcota,UBA796,UBA796,GCA-2862545,JACKEQ01,0
M39,Aegir_M39_B73,HLAJGKCK_80.region001,Other,arylpolyene,3.53,4,Bacteria,Myxococcota,UBA796,UBA796,GCA-2862545,JACKEQ01,0
M39,Aegir_M39_B73,HLAJGKCK_757.region001,RiPP,RRE-containing,5.45,9,Bacteria,Myxococcota,UBA796,UBA796,GCA-2862545,JACKEQ01,0
M39,Aegir_M39_B73,HLAJGKCK_224.region001,RiPP,RiPP-like,10.87,6,Bacteria,Myxococcota,UBA796,UBA796,GCA-2862545,JACKEQ01,0
M39,Aegir_M39_B73,HLAJGKCK_405.region001,Polyketide,T1PKS,10.73,3,Bacteria,Myxococcota,UBA796,UBA796,GCA-2862545,JACKEQ01,0
M39,Aegir_M39_B73,HLAJGKCK_475.region001,Polyketide,T3PKS,10.8,9,Bacteria,Myxococcota,UBA796,UBA796,GCA-2862545,JACKEQ01,0
M39,Aegir_M39_B73,HLAJGKCK_461.region001,Other,arylpolyene,44.64,45,Bacteria,Myxococcota,UBA796,UBA796,GCA-2862545,JACKEQ01,0
M39,Aegir_M39_B73,HLAJGKCK_418.region001,NRP,NRPS-like,10.82,13,Bacteria,Myxococcota,UBA796,UBA796,GCA-2862545,JACKEQ01,0
M39,Aegir_M39_B74,EPGHDDAG_38.region001,RiPP,RRE-containing,13.76,12,Bacteria,WOR-3,Hydrothermia,JBDRYB01,JBDRYB01,0,0
M39,Aegir_M39_B74,EPGHDDAG_91.region001,RiPP,RRE-containing,10.99,11,Bacteria,WOR-3,Hydrothermia,JBDRYB01,JBDRYB01,0,0
M39,Aegir_M39_B75,GOFKCKIN_105.region001,RiPP,RiPP-like,8.46,8,Bacteria,Pseudomonadota,Gammaproteobacteria,Methylococcales,0,0,0
M39,Aegir_M39_B75,GOFKCKIN_139.region001,Terpene,Terpene generic,17.31,17,Bacteria,Pseudomonadota,Gammaproteobacteria,Methylococcales,0,0,0
M39,Aegir_M39_B75,GOFKCKIN_160.region001,NRP,NRPS-like,25.89,25,Bacteria,Pseudomonadota,Gammaproteobacteria,Methylococcales,0,0,0
M39,Aegir_M39_B75,GOFKCKIN_25.region001,Other,arylpolyene,27.19,24,Bacteria,Pseudomonadota,Gammaproteobacteria,Methylococcales,0,0,0
M39,Aegir_M39_B75,GOFKCKIN_48.region001,Terpene,Terpene generic,21.92,16,Bacteria,Pseudomonadota,Gammaproteobacteria,Methylococcales,0,0,0
M39,Aegir_M39_B75,GOFKCKIN_92.region001,Hybrid,NRPS-like:T1PKS,46.19,28,Bacteria,Pseudomonadota,Gammaproteobacteria,Methylococcales,0,0,0
M39,Aegir_M39_B76,FFMOECEE_278.region001,Polyketide,T3PKS,13.53,12,Bacteria,Zhuqueibacterota,Zhuqueibacteria,Residuimicrobiales,Krinioviventaceae,Hydrothermomicrobium,0
M39,Aegir_M39_B76,FFMOECEE_523.region001,RiPP,RRE-containing,18.3,13,Bacteria,Zhuqueibacterota,Zhuqueibacteria,Residuimicrobiales,Krinioviventaceae,Hydrothermomicrobium,0
M39,Aegir_M39_B77,PCIMOJGB_111.region001,Other,arylpolyene,38.27,39,Bacteria,Bacteroidota,Bacteroidia,Bacteroidales,UBA1556,QNXT01,0
M39,Aegir_M39_B77,PCIMOJGB_119.region001,Other,arylpolyene,2.27,3,Bacteria,Bacteroidota,Bacteroidia,Bacteroidales,UBA1556,QNXT01,0
M39,Aegir_M39_B77,PCIMOJGB_167.region001,RiPP,RRE-containing,20.25,15,Bacteria,Bacteroidota,Bacteroidia,Bacteroidales,UBA1556,QNXT01,0
M39,Aegir_M39_B78,MCBAFCPB_37.region001,Polyketide,T3PKS,32.89,21,Bacteria,Krumholzibacteriota,Krumholzibacteriia,LZORAL124-64-63,LZORAL124-64-63,JAGRNP01,0
M39,Aegir_M39_B78,MCBAFCPB_57.region001,RiPP,RRE-containing,19.18,17,Bacteria,Krumholzibacteriota,Krumholzibacteriia,LZORAL124-64-63,LZORAL124-64-63,JAGRNP01,0
M39,Aegir_M39_B79,ECMLGHLP_27.region001,RiPP,ranthipeptide,21.37,15,Bacteria,Chloroflexota,Anaerolineae,JAFGEY01,JAFGEY01,BS750m-G44,0
M39,Aegir_M39_B79,ECMLGHLP_74.region001,Polyketide,hglE-KS,19.98,10,Bacteria,Chloroflexota,Anaerolineae,JAFGEY01,JAFGEY01,BS750m-G44,0
M39,Aegir_M39_B8,MAHBBFHA_230.region001,RiPP,RiPP-like,4.63,6,Bacteria,Campylobacterota,Campylobacteria,Campylobacterales,Sulfurospirillaceae,Sulfurospirillum_A,0
M39,Aegir_M39_B81,JJMLPPNE_135.region001,RiPP,RiPP-like,10.8,12,Bacteria,Chloroflexota,Anaerolineae,SpSt-600,SpSt-600,HyVt-206,0
M39,Aegir_M39_B81,JJMLPPNE_160.region001,Other,nucleoside,18.81,19,Bacteria,Chloroflexota,Anaerolineae,SpSt-600,SpSt-600,HyVt-206,0
M39,Aegir_M39_B82,DMCDPPBI_182.region001,Other,arylpolyene,5.96,8,Bacteria,Desulfobacterota,Desulfobulbia,Desulfobulbales,Desulfocapsaceae,Desulforhopalus,Desulforhopalus sp947311315
M39,Aegir_M39_B82,DMCDPPBI_185.region001,Other,arylpolyene,7.05,7,Bacteria,Desulfobacterota,Desulfobulbia,Desulfobulbales,Desulfocapsaceae,Desulforhopalus,Desulforhopalus sp947311315
M39,Aegir_M39_B82,DMCDPPBI_186.region001,RiPP,RiPP-like,7.19,6,Bacteria,Desulfobacterota,Desulfobulbia,Desulfobulbales,Desulfocapsaceae,Desulforhopalus,Desulforhopalus sp947311315
M39,Aegir_M39_B82,DMCDPPBI_31.region001,Other,resorcinol,2.86,2,Bacteria,Desulfobacterota,Desulfobulbia,Desulfobulbales,Desulfocapsaceae,Desulforhopalus,Desulforhopalus sp947311315
M39,Aegir_M39_B82,DMCDPPBI_560.region001,Other,arylpolyene,2.35,2,Bacteria,Desulfobacterota,Desulfobulbia,Desulfobulbales,Desulfocapsaceae,Desulforhopalus,Desulforhopalus sp947311315
M39,Aegir_M39_B83,EACHEOOA_49.region001,Polyketide,T3PKS,6.92,7,Bacteria,Verrucomicrobiota,Kiritimatiellia,Kiritimatiellales,Pontiellaceae,Pontiella,0
M39,Aegir_M39_B84,KCHELPBI_10.region001,RiPP,RRE-containing,9.7,16,Bacteria,Desulfobacterota,Desulfofervidia,Desulfofervidales,Desulfofervidaceae,Desulfofervidus,0
M39,Aegir_M39_B84,KCHELPBI_228.region001,RiPP,RiPP-like,6.52,6,Bacteria,Desulfobacterota,Desulfofervidia,Desulfofervidales,Desulfofervidaceae,Desulfofervidus,0
M39,Aegir_M39_B88,OGCDBPDJ_143.region001,Terpene,Terpene generic,11.77,11,Bacteria,Acidobacteriota,Polarisedimenticolia,J045,J045,JAMOQA01,0
M39,Aegir_M39_B88,OGCDBPDJ_51.region001,RiPP,ranthipeptide,6.53,6,Bacteria,Acidobacteriota,Polarisedimenticolia,J045,J045,JAMOQA01,0
M39,Aegir_M39_B88,OGCDBPDJ_276.region001,Hybrid,arylpolyene:Terpene,17.14,15,Bacteria,Acidobacteriota,Polarisedimenticolia,J045,J045,JAMOQA01,0
M39,Aegir_M39_B88,OGCDBPDJ_25.region001,RiPP,RRE-containing,10.96,15,Bacteria,Acidobacteriota,Polarisedimenticolia,J045,J045,JAMOQA01,0
M39,Aegir_M39_B88,OGCDBPDJ_5.region001,RiPP,RRE-containing,17.3,11,Bacteria,Acidobacteriota,Polarisedimenticolia,J045,J045,JAMOQA01,0
M39,Aegir_M39_B88,OGCDBPDJ_176.region001,RiPP,RRE-containing,12.37,13,Bacteria,Acidobacteriota,Polarisedimenticolia,J045,J045,JAMOQA01,0
M39,Aegir_M39_B89,MCIIGNFI_14.region001,Other,hydrogen-cyanide,15.72,12,Bacteria,Acidobacteriota,Aminicenantia,S016-38,S016-38,S016-38,0
M39,Aegir_M39_B9,GIEECOIE_14.region001,RiPP,RRE-containing,20.32,26,Archaea,Thermoplasmatota,E2,UBA202,JdFR-43,JAPDJP01,0
M39,Aegir_M39_B90,EHFDCMEE_109.region001,RiPP,RRE-containing,9.83,10,Bacteria,Campylobacterota,Campylobacteria,Campylobacterales,Nitratiruptoraceae,Nitratiruptor,0
M39,Aegir_M39_B92,JHHPGEIM_182.region001,RiPP,ranthipeptide,10.54,10,Bacteria,Desulfobacterota,DSWW01,DSWW01,DSWW01,S015-6,0
M39,Aegir_M39_B92,JHHPGEIM_237.region001,Terpene,Terpene generic,9.61,9,Bacteria,Desulfobacterota,DSWW01,DSWW01,DSWW01,S015-6,0
M39,Aegir_M39_B92,JHHPGEIM_282.region001,Polyketide,hglE-KS,13.33,6,Bacteria,Desulfobacterota,DSWW01,DSWW01,DSWW01,S015-6,0
M39,Aegir_M39_B92,JHHPGEIM_28.region001,RiPP,RiPP-like,10.24,7,Bacteria,Desulfobacterota,DSWW01,DSWW01,DSWW01,S015-6,0
M39,Aegir_M39_B92,JHHPGEIM_376.region001,Hybrid,hglE-KS:T1PKS,13.63,4,Bacteria,Desulfobacterota,DSWW01,DSWW01,DSWW01,S015-6,0
M39,Aegir_M39_B92,JHHPGEIM_442.region001,Polyketide,hglE-KS,14.73,9,Bacteria,Desulfobacterota,DSWW01,DSWW01,DSWW01,S015-6,0
M39,Aegir_M39_B93,AMDMEECB_4.region001,RiPP,RRE-containing,3.52,7,Bacteria,Campylobacterota,Campylobacteria,Campylobacterales,Sulfurovaceae,Sulfurovum,0
M39,Aegir_M39_B93,AMDMEECB_147.region001,RiPP,RiPP-like,6.83,7,Bacteria,Campylobacterota,Campylobacteria,Campylobacterales,Sulfurovaceae,Sulfurovum,0
M39,Aegir_M39_B94,FNBAOPIA_74.region001,Other,betalactone,24.42,16,Bacteria,Spirochaetota,Spirochaetia,B11-G9,B11-G9,S145-15,0
M39,Aegir_M39_B94,FNBAOPIA_73.region001,Other,betalactone,22,20,Bacteria,Spirochaetota,Spirochaetia,B11-G9,B11-G9,S145-15,0
M39,Aegir_M39_B96,LBJGNDLM_86.region001,RiPP,RiPP-like,6.99,4,Bacteria,Campylobacterota,Campylobacteria,Campylobacterales,Sulfurovaceae,JAADEQ01,0
M39,Aegir_M39_B98,KEGBFKGK_100.region001,Terpene,Terpene generic,14.86,11,Bacteria,Desulfobacterota,Desulfobacteria,Desulfobacterales,JALSRD01,JALSRD01,0
M39,Aegir_M39_B98,KEGBFKGK_10.region001,Hybrid,hglE-KS:T1PKS,27.83,18,Bacteria,Desulfobacterota,Desulfobacteria,Desulfobacterales,JALSRD01,JALSRD01,0
M39,Aegir_M39_B98,KEGBFKGK_1.region001,Other,hydrogen-cyanide,13.23,8,Bacteria,Desulfobacterota,Desulfobacteria,Desulfobacterales,JALSRD01,JALSRD01,0
M39,Aegir_M39_B98,KEGBFKGK_47.region001,RiPP,RiPP-like,11.73,9,Bacteria,Desulfobacterota,Desulfobacteria,Desulfobacterales,JALSRD01,JALSRD01,0
M39,Aegir_M39_B98,KEGBFKGK_61.region001,Terpene,Terpene generic,21,19,Bacteria,Desulfobacterota,Desulfobacteria,Desulfobacterales,JALSRD01,JALSRD01,0
M39,Aegir_M39_B98,KEGBFKGK_79.region001,Polyketide,T1PKS,47.82,34,Bacteria,Desulfobacterota,Desulfobacteria,Desulfobacterales,JALSRD01,JALSRD01,0
M39,Aegir_M39_B98,KEGBFKGK_93.region001,RiPP,RRE-containing,20.39,15,Bacteria,Desulfobacterota,Desulfobacteria,Desulfobacterales,JALSRD01,JALSRD01,0
M39,Aegir_M39_B99,AAIIPECO_13.region001,Other,hydrogen-cyanide,4.69,5,Bacteria,Desulfobacterota,Desulfobacteria,Desulfobacterales,Desulfosarcinaceae,JALVQM01,0
M39,Aegir_M39_B99,AAIIPECO_18.region001,Other,hydrogen-cyanide,17.96,17,Bacteria,Desulfobacterota,Desulfobacteria,Desulfobacterales,Desulfosarcinaceae,JALVQM01,0
M39,Aegir_M39_B99,AAIIPECO_23.region001,Polyketide,hglE-KS,18.25,12,Bacteria,Desulfobacterota,Desulfobacteria,Desulfobacterales,Desulfosarcinaceae,JALVQM01,0
M39,Aegir_M39_B99,AAIIPECO_2.region001,RiPP,RiPP-like,7.51,5,Bacteria,Desulfobacterota,Desulfobacteria,Desulfobacterales,Desulfosarcinaceae,JALVQM01,0
M39,Aegir_M39_B99,AAIIPECO_41.region001,Other,betalactone,12.37,12,Bacteria,Desulfobacterota,Desulfobacteria,Desulfobacterales,Desulfosarcinaceae,JALVQM01,0
M39,Aegir_M39_B99,AAIIPECO_57.region001,Hybrid,hglE-KS:T1PKS,31.26,21,Bacteria,Desulfobacterota,Desulfobacteria,Desulfobacterales,Desulfosarcinaceae,JALVQM01,0
M39,Aegir_M39_B99,AAIIPECO_76.region001,RiPP,RiPP-like,11.73,9,Bacteria,Desulfobacterota,Desulfobacteria,Desulfobacterales,Desulfosarcinaceae,JALVQM01,0
M33,Barite_M33_B1,KDLEJDLB_15.region001,RiPP,RRE-containing,3.6,5,Bacteria,Omnitrophota,Koll11,Tantalellales,Tantalellaceae,DAOVKF01,0
M33,Barite_M33_B10,JLLMDFFJ_140.region001,RiPP,RiPP-like,2.5,3,Bacteria,Pseudomonadota,Gammaproteobacteria,Pseudomonadales,Azotimanducaceae,JAHRVQ01,0
M33,Barite_M33_B10,JLLMDFFJ_331.region001,Other,arylpolyene,5.01,4,Bacteria,Pseudomonadota,Gammaproteobacteria,Pseudomonadales,Azotimanducaceae,JAHRVQ01,0
M33,Barite_M33_B100,EHILNAML_11.region001,NRP,CDPS,3.86,4,Bacteria,Pseudomonadota,Alphaproteobacteria,Micavibrionales,CSBR16-224,0,0
M33,Barite_M33_B100,EHILNAML_133.region001,RiPP,RiPP-like,7.82,10,Bacteria,Pseudomonadota,Alphaproteobacteria,Micavibrionales,CSBR16-224,0,0
M33,Barite_M33_B100,EHILNAML_215.region001,Other,resorcinol,8.78,7,Bacteria,Pseudomonadota,Alphaproteobacteria,Micavibrionales,CSBR16-224,0,0
M33,Barite_M33_B100,EHILNAML_236.region001,NRP,NRPS-like,10.17,7,Bacteria,Pseudomonadota,Alphaproteobacteria,Micavibrionales,CSBR16-224,0,0
M33,Barite_M33_B100,EHILNAML_308.region001,NRP,CDPS,3.7,4,Bacteria,Pseudomonadota,Alphaproteobacteria,Micavibrionales,CSBR16-224,0,0
M33,Barite_M33_B100,EHILNAML_69.region001,Terpene,Terpene generic,3.68,3,Bacteria,Pseudomonadota,Alphaproteobacteria,Micavibrionales,CSBR16-224,0,0
M33,Barite_M33_B101,MNIOLPGK_192.region001,RiPP,RiPP-like,5.01,8,Bacteria,Bacteroidota,Bacteroidia,Flavobacteriales,Flavobacteriaceae,S010-17,0
M33,Barite_M33_B101,MNIOLPGK_141.region001,RiPP,RRE-containing,10.64,10,Bacteria,Bacteroidota,Bacteroidia,Flavobacteriales,Flavobacteriaceae,S010-17,0
M33,Barite_M33_B102,BFHHFIMI_139.region001,NRP,NRPS-like,41.11,37,Bacteria,Planctomycetota,UBA1135,UBA1135,GCA-002686595,NORP259,0
M33,Barite_M33_B102,BFHHFIMI_174.region001,RiPP,RiPP-like,10.89,9,Bacteria,Planctomycetota,UBA1135,UBA1135,GCA-002686595,NORP259,0
M33,Barite_M33_B102,BFHHFIMI_206.region001,RiPP,RiPP-like,11.36,9,Bacteria,Planctomycetota,UBA1135,UBA1135,GCA-002686595,NORP259,0
M33,Barite_M33_B102,BFHHFIMI_62.region001,NRP,NRPS-like,28.81,18,Bacteria,Planctomycetota,UBA1135,UBA1135,GCA-002686595,NORP259,0
M33,Barite_M33_B103,DOFAKDOK_135.region001,Other,betalactone,23.4,18,Bacteria,Pseudomonadota,Gammaproteobacteria,SZUA-229,SZUA-229,SZUA-229,0
M33,Barite_M33_B103,DOFAKDOK_62.region001,Terpene,Terpene generic,13.12,8,Bacteria,Pseudomonadota,Gammaproteobacteria,SZUA-229,SZUA-229,SZUA-229,0
M33,Barite_M33_B103,DOFAKDOK_94.region001,RiPP,RiPP-like,7.78,5,Bacteria,Pseudomonadota,Gammaproteobacteria,SZUA-229,SZUA-229,SZUA-229,0
M33,Barite_M33_B104,JEHDAJPF_122.region001,Other,arylpolyene,40.74,40,Bacteria,Pseudomonadota,Gammaproteobacteria,Methylococcales,Methylomonadaceae,Methyloprofundus,0
M33,Barite_M33_B104,JEHDAJPF_36.region001,Terpene,Terpene generic,23,18,Bacteria,Pseudomonadota,Gammaproteobacteria,Methylococcales,Methylomonadaceae,Methyloprofundus,0
M33,Barite_M33_B104,JEHDAJPF_54.region001,NRP,NRP generic,37.19,37,Bacteria,Pseudomonadota,Gammaproteobacteria,Methylococcales,Methylomonadaceae,Methyloprofundus,0
M33,Barite_M33_B104,JEHDAJPF_30.region001,RiPP,redox-cofactor,22.35,21,Bacteria,Pseudomonadota,Gammaproteobacteria,Methylococcales,Methylomonadaceae,Methyloprofundus,0
M33,Barite_M33_B104,JEHDAJPF_41.region001,RiPP,RiPP-like,10.85,9,Bacteria,Pseudomonadota,Gammaproteobacteria,Methylococcales,Methylomonadaceae,Methyloprofundus,0
M33,Barite_M33_B105,ADJNEHKA_121.region001,RiPP,RiPP-like,6.91,6,Bacteria,Pseudomonadota,Gammaproteobacteria,Methylococcales,Methylomonadaceae,0,0
M33,Barite_M33_B105,ADJNEHKA_166.region001,Other,arylpolyene,11.56,10,Bacteria,Pseudomonadota,Gammaproteobacteria,Methylococcales,Methylomonadaceae,0,0
M33,Barite_M33_B105,ADJNEHKA_168.region001,NRP,NRPS-like,12.83,7,Bacteria,Pseudomonadota,Gammaproteobacteria,Methylococcales,Methylomonadaceae,0,0
M33,Barite_M33_B105,ADJNEHKA_178.region001,Other,ectoine,5.73,6,Bacteria,Pseudomonadota,Gammaproteobacteria,Methylococcales,Methylomonadaceae,0,0
M33,Barite_M33_B105,ADJNEHKA_179.region001,Terpene,Terpene generic,7.08,8,Bacteria,Pseudomonadota,Gammaproteobacteria,Methylococcales,Methylomonadaceae,0,0
M33,Barite_M33_B105,ADJNEHKA_185.region001,RiPP,RRE-containing,11.17,16,Bacteria,Pseudomonadota,Gammaproteobacteria,Methylococcales,Methylomonadaceae,0,0
M33,Barite_M33_B105,ADJNEHKA_31.region001,RiPP,RRE-containing,8.8,10,Bacteria,Pseudomonadota,Gammaproteobacteria,Methylococcales,Methylomonadaceae,0,0
M33,Barite_M33_B106,LFCNJEPG_12.region001,RiPP,RiPP-like,10.86,9,Bacteria,Pseudomonadota,Gammaproteobacteria,QNFE01,QNFE01,0,0
M33,Barite_M33_B106,LFCNJEPG_12.region002,RiPP,RiPP-like,11.74,12,Bacteria,Pseudomonadota,Gammaproteobacteria,QNFE01,QNFE01,0,0
M33,Barite_M33_B106,LFCNJEPG_1.region001,RiPP,RiPP-like,9.2,11,Bacteria,Pseudomonadota,Gammaproteobacteria,QNFE01,QNFE01,0,0
M33,Barite_M33_B106,LFCNJEPG_4.region001,RiPP,RiPP-like,10.87,11,Bacteria,Pseudomonadota,Gammaproteobacteria,QNFE01,QNFE01,0,0
M33,Barite_M33_B107,EMINPHIH_21.region001,Terpene,Terpene generic,20.86,22,Bacteria,Pseudomonadota,Gammaproteobacteria,Nitrosococcales,Methylophagaceae,GCA-002733105,0
M33,Barite_M33_B107,EMINPHIH_24.region001,RiPP,RiPP-like,10.85,11,Bacteria,Pseudomonadota,Gammaproteobacteria,Nitrosococcales,Methylophagaceae,GCA-002733105,0
M33,Barite_M33_B107,EMINPHIH_29.region001,RiPP,RiPP-like,11.74,11,Bacteria,Pseudomonadota,Gammaproteobacteria,Nitrosococcales,Methylophagaceae,GCA-002733105,0
M33,Barite_M33_B107,EMINPHIH_5.region001,RiPP,RiPP-like,10.87,11,Bacteria,Pseudomonadota,Gammaproteobacteria,Nitrosococcales,Methylophagaceae,GCA-002733105,0
M33,Barite_M33_B107,EMINPHIH_9.region001,Terpene,Terpene generic,16.68,14,Bacteria,Pseudomonadota,Gammaproteobacteria,Nitrosococcales,Methylophagaceae,GCA-002733105,0
M33,Barite_M33_B107,EMINPHIH_6.region001,RiPP,redox-cofactor,22.17,26,Bacteria,Pseudomonadota,Gammaproteobacteria,Nitrosococcales,Methylophagaceae,GCA-002733105,0
M33,Barite_M33_B108,BCLDLBDD_118.region001,RiPP,RiPP-like,10.87,13,Bacteria,Verrucomicrobiota,Verrucomicrobiia,Opitutales,Opitutaceae,Cephaloticoccus,0
M33,Barite_M33_B108,BCLDLBDD_11.region001,Polyketide,T3PKS,22.05,28,Bacteria,Verrucomicrobiota,Verrucomicrobiia,Opitutales,Opitutaceae,Cephaloticoccus,0
M33,Barite_M33_B108,BCLDLBDD_123.region001,RiPP,RRE-containing,13.25,13,Bacteria,Verrucomicrobiota,Verrucomicrobiia,Opitutales,Opitutaceae,Cephaloticoccus,0
M33,Barite_M33_B108,BCLDLBDD_124.region001,RiPP,RRE-containing,20.87,17,Bacteria,Verrucomicrobiota,Verrucomicrobiia,Opitutales,Opitutaceae,Cephaloticoccus,0
M33,Barite_M33_B109,NKNCIDFI_243.region001,NRP,NRP generic,20.28,10,Bacteria,Bacteroidota,Bacteroidia,Chitinophagales,Saprospiraceae,BCD1,0
M33,Barite_M33_B110,FEKFMOAO_1006.region001,Other,arylpolyene,2.69,5,Bacteria,Myxococcota_A,UBA9160,UBA9160,UBA4427,UBA4427,0
M33,Barite_M33_B110,FEKFMOAO_289.region001,Polyketide,T1PKS,4.15,2,Bacteria,Myxococcota_A,UBA9160,UBA9160,UBA4427,UBA4427,0
M33,Barite_M33_B110,FEKFMOAO_314.region001,Polyketide,hglE-KS,4.52,2,Bacteria,Myxococcota_A,UBA9160,UBA9160,UBA4427,UBA4427,0
M33,Barite_M33_B110,FEKFMOAO_316.region001,RiPP,RiPP-like,2.46,4,Bacteria,Myxococcota_A,UBA9160,UBA9160,UBA4427,UBA4427,0
M33,Barite_M33_B110,FEKFMOAO_372.region001,NRP,NRPS-like,2.08,1,Bacteria,Myxococcota_A,UBA9160,UBA9160,UBA4427,UBA4427,0
M33,Barite_M33_B111,JMHGKCAM_67.region001,RiPP,RRE-containing,13.02,19,Bacteria,Campylobacterota,Campylobacteria,Campylobacterales,Sulfurovaceae,Sulfurovum,Sulfurovum sp030949325
M33,Barite_M33_B111,JMHGKCAM_55.region001,RiPP,RiPP-like,6.72,6,Bacteria,Campylobacterota,Campylobacteria,Campylobacterales,Sulfurovaceae,Sulfurovum,Sulfurovum sp030949325
M33,Barite_M33_B112,NPLDDKJN_201.region001,Polyketide,T3PKS,7.65,7,Bacteria,Bacteroidota,Bacteroidia,Cytophagales,Cyclobacteriaceae,Reichenbachiella,0
M33,Barite_M33_B112,NPLDDKJN_303.region001,Other,phosphonate,7,6,Bacteria,Bacteroidota,Bacteroidia,Cytophagales,Cyclobacteriaceae,Reichenbachiella,0
M33,Barite_M33_B112,NPLDDKJN_577.region001,Other,arylpolyene,4.62,6,Bacteria,Bacteroidota,Bacteroidia,Cytophagales,Cyclobacteriaceae,Reichenbachiella,0
M33,Barite_M33_B112,NPLDDKJN_692.region001,Other,arylpolyene,8.06,10,Bacteria,Bacteroidota,Bacteroidia,Cytophagales,Cyclobacteriaceae,Reichenbachiella,0
M33,Barite_M33_B113,BMEKDGJI_104.region001,Terpene,Terpene generic,17.96,17,Bacteria,Pseudomonadota,Gammaproteobacteria,Beggiatoales,Beggiatoaceae,0,0
M33,Barite_M33_B113,BMEKDGJI_3.region001,NRP,NRPS-like,34.48,28,Bacteria,Pseudomonadota,Gammaproteobacteria,Beggiatoales,Beggiatoaceae,0,0
M33,Barite_M33_B113,BMEKDGJI_9.region001,RiPP,RiPP-like,7.27,3,Bacteria,Pseudomonadota,Gammaproteobacteria,Beggiatoales,Beggiatoaceae,0,0
M33,Barite_M33_B114,HJEFFHPK_141.region001,Other,arylpolyene,6.05,5,Bacteria,Pseudomonadota,Gammaproteobacteria,SZUA-229,SZUA-229,GCA-2746365,0
M33,Barite_M33_B114,HJEFFHPK_70.region001,RiPP,RiPP-like,5.93,4,Bacteria,Pseudomonadota,Gammaproteobacteria,SZUA-229,SZUA-229,GCA-2746365,0
M33,Barite_M33_B115,BIPDNBCM_163.region001,RiPP,lanthipeptide,16.68,14,Bacteria,Bacteroidota,Bacteroidia,Flavobacteriales,Salibacteraceae,CAJXZP01,0
M33,Barite_M33_B13,DOFEOPKJ_132.region001,RiPP,RiPP-like,7.89,9,Bacteria,Pseudomonadota,Gammaproteobacteria,Chromatiales,Chromatiaceae,0,0
M33,Barite_M33_B13,DOFEOPKJ_368.region001,Other,arylpolyene,14.37,17,Bacteria,Pseudomonadota,Gammaproteobacteria,Chromatiales,Chromatiaceae,0,0
M33,Barite_M33_B13,DOFEOPKJ_456.region001,RiPP,RRE-containing,14.66,11,Bacteria,Pseudomonadota,Gammaproteobacteria,Chromatiales,Chromatiaceae,0,0
M33,Barite_M33_B13,DOFEOPKJ_58.region001,Terpene,Terpene generic,7.73,10,Bacteria,Pseudomonadota,Gammaproteobacteria,Chromatiales,Chromatiaceae,0,0
M33,Barite_M33_B14,DBOFCDMG_58.region001,RiPP,RRE-containing,10.35,15,Bacteria,Campylobacterota,Campylobacteria,Campylobacterales,Sulfurovaceae,Sulfurovum,0
M33,Barite_M33_B14,DBOFCDMG_77.region001,RiPP,RiPP-like,7.19,6,Bacteria,Campylobacterota,Campylobacteria,Campylobacterales,Sulfurovaceae,Sulfurovum,0
M33,Barite_M33_B17,MANEPPGP_398.region001,Polyketide,T3PKS,3.01,2,Bacteria,Planctomycetota,UBA1135,UBA1135,UBA1135,GCA-2746235,0
M33,Barite_M33_B17,MANEPPGP_469.region001,NRP,NRPS-like,2.68,2,Bacteria,Planctomycetota,UBA1135,UBA1135,UBA1135,GCA-2746235,0
M33,Barite_M33_B18,CBFAIEJC_14.region001,Terpene,Terpene generic,20.8,21,Bacteria,Pseudomonadota,Alphaproteobacteria,Micavibrionales,Micavibrionaceae,0,0
M33,Barite_M33_B18,CBFAIEJC_29.region001,Other,hserlactone,16.86,19,Bacteria,Pseudomonadota,Alphaproteobacteria,Micavibrionales,Micavibrionaceae,0,0
M33,Barite_M33_B2,JBFOKAIG_13.region001,Other,hserlactone,20.65,17,Bacteria,Pseudomonadota,Alphaproteobacteria,Caulobacterales,Maricaulaceae,Robiginitomaculum_A,0
M33,Barite_M33_B2,JBFOKAIG_13.region002,RiPP,RiPP-like,10.74,11,Bacteria,Pseudomonadota,Alphaproteobacteria,Caulobacterales,Maricaulaceae,Robiginitomaculum_A,0
M33,Barite_M33_B2,JBFOKAIG_1.region001,Other,betalactone,18.45,12,Bacteria,Pseudomonadota,Alphaproteobacteria,Caulobacterales,Maricaulaceae,Robiginitomaculum_A,0
M33,Barite_M33_B20,NGKECJEJ_179.region001,Terpene,Terpene generic,12.81,14,Bacteria,Pseudomonadota,Alphaproteobacteria,Sphingomonadales,Kordiimonadaceae,Kordiimonas,0
M33,Barite_M33_B20,NGKECJEJ_235.region001,RiPP,RiPP-like,10.88,8,Bacteria,Pseudomonadota,Alphaproteobacteria,Sphingomonadales,Kordiimonadaceae,Kordiimonas,0
M33,Barite_M33_B21,PKDJBPAN_103.region001,NRP,NRP generic,35.06,18,Bacteria,Bacteroidota,Bacteroidia,Cytophagales,Cyclobacteriaceae,Roseivirga,0
M33,Barite_M33_B21,PKDJBPAN_152.region001,NRP,NRP generic,30.65,16,Bacteria,Bacteroidota,Bacteroidia,Cytophagales,Cyclobacteriaceae,Roseivirga,0
M33,Barite_M33_B21,PKDJBPAN_28.region001,Polyketide,T3PKS,28.48,24,Bacteria,Bacteroidota,Bacteroidia,Cytophagales,Cyclobacteriaceae,Roseivirga,0
M33,Barite_M33_B21,PKDJBPAN_55.region001,RiPP,lassopeptide,27.12,26,Bacteria,Bacteroidota,Bacteroidia,Cytophagales,Cyclobacteriaceae,Roseivirga,0
M33,Barite_M33_B21,PKDJBPAN_80.region001,RiPP,RiPP-like,10.93,10,Bacteria,Bacteroidota,Bacteroidia,Cytophagales,Cyclobacteriaceae,Roseivirga,0
M33,Barite_M33_B21,PKDJBPAN_85.region001,NRP,NRP generic,54.23,12,Bacteria,Bacteroidota,Bacteroidia,Cytophagales,Cyclobacteriaceae,Roseivirga,0
M33,Barite_M33_B21,PKDJBPAN_8.region001,Terpene,Terpene generic,21.13,17,Bacteria,Bacteroidota,Bacteroidia,Cytophagales,Cyclobacteriaceae,Roseivirga,0
M33,Barite_M33_B21,PKDJBPAN_94.region001,RiPP,lanthipeptide,26.46,19,Bacteria,Bacteroidota,Bacteroidia,Cytophagales,Cyclobacteriaceae,Roseivirga,0
M33,Barite_M33_B21,PKDJBPAN_95.region001,Terpene,Terpene generic,13.33,15,Bacteria,Bacteroidota,Bacteroidia,Cytophagales,Cyclobacteriaceae,Roseivirga,0
M33,Barite_M33_B22,HKHLFAFE_178.region001,RiPP,RiPP-like,2.38,2,Bacteria,Pseudomonadota,Gammaproteobacteria,Thiotrichales,Thiotrichaceae,HyVt-477,0
M33,Barite_M33_B23,JICMBPMM_115.region001,RiPP,RiPP-like,10.84,8,Bacteria,Pseudomonadota,Gammaproteobacteria,Methylococcales,Methylomonadaceae,WTBX01,0
M33,Barite_M33_B23,JICMBPMM_201.region001,RiPP,ranthipeptide,7.78,8,Bacteria,Pseudomonadota,Gammaproteobacteria,Methylococcales,Methylomonadaceae,WTBX01,0
M33,Barite_M33_B23,JICMBPMM_213.region001,NRP,NRP generic,29.2,30,Bacteria,Pseudomonadota,Gammaproteobacteria,Methylococcales,Methylomonadaceae,WTBX01,0
M33,Barite_M33_B23,JICMBPMM_2.region001,Hybrid,NRPS:NRPS-like,27.26,23,Bacteria,Pseudomonadota,Gammaproteobacteria,Methylococcales,Methylomonadaceae,WTBX01,0
M33,Barite_M33_B23,JICMBPMM_39.region001,Other,arylpolyene,4.99,6,Bacteria,Pseudomonadota,Gammaproteobacteria,Methylococcales,Methylomonadaceae,WTBX01,0
M33,Barite_M33_B23,JICMBPMM_48.region001,Terpene,Terpene generic,15.66,16,Bacteria,Pseudomonadota,Gammaproteobacteria,Methylococcales,Methylomonadaceae,WTBX01,0
M33,Barite_M33_B23,JICMBPMM_6.region001,RiPP,RiPP-like,10.85,9,Bacteria,Pseudomonadota,Gammaproteobacteria,Methylococcales,Methylomonadaceae,WTBX01,0
M33,Barite_M33_B23,JICMBPMM_86.region001,NRP,CDPS,14.46,10,Bacteria,Pseudomonadota,Gammaproteobacteria,Methylococcales,Methylomonadaceae,WTBX01,0
M33,Barite_M33_B24,CHKIDLOL_85.region001,RiPP,RiPP-like,3,4,Bacteria,Pseudomonadota,Alphaproteobacteria,Rickettsiales,JAUIEX01,0,0
M33,Barite_M33_B26,MPHHIGMO_112.region001,Terpene,Terpene generic,3.11,5,Bacteria,Pseudomonadota,Alphaproteobacteria,Rhizobiales,OSC116,OCS116,0
M33,Barite_M33_B26,MPHHIGMO_88.region001,RiPP,RiPP-like,4.47,5,Bacteria,Pseudomonadota,Alphaproteobacteria,Rhizobiales,OSC116,OCS116,0
M33,Barite_M33_B27,EOOHJCDJ_354.region001,NRP,CDPS,2.46,3,Bacteria,Pseudomonadota,Alphaproteobacteria,Micavibrionales,CSBR16-224,0,0
M33,Barite_M33_B28,OEEHPCBC_103.region001,NRP,NRP generic,3.82,2,Bacteria,Verrucomicrobiota,Verrucomicrobiia,Verrucomicrobiales,DEV007,Arctic95D-9,0
M33,Barite_M33_B28,OEEHPCBC_349.region001,Terpene,Terpene generic,8.98,6,Bacteria,Verrucomicrobiota,Verrucomicrobiia,Verrucomicrobiales,DEV007,Arctic95D-9,0
M33,Barite_M33_B28,OEEHPCBC_358.region001,Terpene,Terpene generic,2.9,3,Bacteria,Verrucomicrobiota,Verrucomicrobiia,Verrucomicrobiales,DEV007,Arctic95D-9,0
M33,Barite_M33_B28,OEEHPCBC_45.region001,RiPP,RiPP-like,6.52,7,Bacteria,Verrucomicrobiota,Verrucomicrobiia,Verrucomicrobiales,DEV007,Arctic95D-9,0
M33,Barite_M33_B28,OEEHPCBC_574.region001,NRP,NRP generic,4.19,1,Bacteria,Verrucomicrobiota,Verrucomicrobiia,Verrucomicrobiales,DEV007,Arctic95D-9,0
M33,Barite_M33_B28,OEEHPCBC_59.region001,Terpene,Terpene generic,12.14,15,Bacteria,Verrucomicrobiota,Verrucomicrobiia,Verrucomicrobiales,DEV007,Arctic95D-9,0
M33,Barite_M33_B28,OEEHPCBC_658.region001,Polyketide,T3PKS,4.97,3,Bacteria,Verrucomicrobiota,Verrucomicrobiia,Verrucomicrobiales,DEV007,Arctic95D-9,0
M33,Barite_M33_B29,NJGHEJCP_160.region001,NRP,NRPS-like,4.64,6,Bacteria,Pseudomonadota,Gammaproteobacteria,SZUA-229,SZUA-229,GCA-2746365,0
M33,Barite_M33_B29,NJGHEJCP_187.region001,RiPP,RiPP-like,5.67,7,Bacteria,Pseudomonadota,Gammaproteobacteria,SZUA-229,SZUA-229,GCA-2746365,0
M33,Barite_M33_B29,NJGHEJCP_232.region001,RiPP,RiPP-like,5.03,7,Bacteria,Pseudomonadota,Gammaproteobacteria,SZUA-229,SZUA-229,GCA-2746365,0
M33,Barite_M33_B29,NJGHEJCP_235.region001,Hybrid,NRPS:NRPS-like:T1PKS,17.98,8,Bacteria,Pseudomonadota,Gammaproteobacteria,SZUA-229,SZUA-229,GCA-2746365,0
M33,Barite_M33_B29,NJGHEJCP_31.region001,RiPP,RiPP-like,4.02,3,Bacteria,Pseudomonadota,Gammaproteobacteria,SZUA-229,SZUA-229,GCA-2746365,0
M33,Barite_M33_B29,NJGHEJCP_46.region001,Other,hydrogen-cyanide,9.91,8,Bacteria,Pseudomonadota,Gammaproteobacteria,SZUA-229,SZUA-229,GCA-2746365,0
M33,Barite_M33_B29,NJGHEJCP_65.region001,Hybrid,NRPS:NRPS-like:T1PKS,46.79,24,Bacteria,Pseudomonadota,Gammaproteobacteria,SZUA-229,SZUA-229,GCA-2746365,0
M33,Barite_M33_B3,KECNKLFF_9.region001,RiPP,RiPP-like,6.97,7,Bacteria,Pseudomonadota,Alphaproteobacteria,Caulobacterales,Maricaulaceae,Robiginitomaculum_B,0
M33,Barite_M33_B30,COHBHEGN_38.region001,Other,arylpolyene,41.25,36,Bacteria,Bacteroidota,Bacteroidia,Flavobacteriales,Flavobacteriaceae,Urechidicola,0
M33,Barite_M33_B30,COHBHEGN_43.region001,RiPP,RiPP-like,10.24,10,Bacteria,Bacteroidota,Bacteroidia,Flavobacteriales,Flavobacteriaceae,Urechidicola,0
M33,Barite_M33_B30,COHBHEGN_65.region001,Hybrid,arylpolyene:betalactone:resorcinol,58.88,62,Bacteria,Bacteroidota,Bacteroidia,Flavobacteriales,Flavobacteriaceae,Urechidicola,0
M33,Barite_M33_B31,ALBGKPPL_108.region001,Other,resorcinol,3.74,4,Bacteria,Pseudomonadota,Gammaproteobacteria,Enterobacterales,Kangiellaceae,GCA-002733465,0
M33,Barite_M33_B31,ALBGKPPL_221.region001,NRP,NRP generic,6.96,1,Bacteria,Pseudomonadota,Gammaproteobacteria,Enterobacterales,Kangiellaceae,GCA-002733465,0
M33,Barite_M33_B31,ALBGKPPL_355.region001,Other,arylpolyene,7.77,8,Bacteria,Pseudomonadota,Gammaproteobacteria,Enterobacterales,Kangiellaceae,GCA-002733465,0
M33,Barite_M33_B31,ALBGKPPL_545.region001,NRP,NRPS-like,2.71,1,Bacteria,Pseudomonadota,Gammaproteobacteria,Enterobacterales,Kangiellaceae,GCA-002733465,0
M33,Barite_M33_B31,ALBGKPPL_86.region001,NRP,NRPS-like,7.63,3,Bacteria,Pseudomonadota,Gammaproteobacteria,Enterobacterales,Kangiellaceae,GCA-002733465,0
M33,Barite_M33_B32,MFEMIGBH_44.region001,RiPP,thiopeptide,33.81,36,Bacteria,Pseudomonadota,Gammaproteobacteria,GCA-001735895,GCA-001735895,0,0
M33,Barite_M33_B32,MFEMIGBH_48.region001,RiPP,RiPP-like,10.87,11,Bacteria,Pseudomonadota,Gammaproteobacteria,GCA-001735895,GCA-001735895,0,0
M33,Barite_M33_B32,MFEMIGBH_88.region001,RiPP,RiPP-like,6.07,4,Bacteria,Pseudomonadota,Gammaproteobacteria,GCA-001735895,GCA-001735895,0,0
M33,Barite_M33_B32,MFEMIGBH_86.region001,RiPP,RiPP-like,7.51,8,Bacteria,Pseudomonadota,Gammaproteobacteria,GCA-001735895,GCA-001735895,0,0
M33,Barite_M33_B33,IGGPEIED_158.region001,RiPP,RiPP-like,2.78,3,Bacteria,Pseudomonadota,Alphaproteobacteria,Caulobacterales,Maricaulaceae,Robiginitomaculum_A,0
M33,Barite_M33_B33,IGGPEIED_17.region001,Terpene,Terpene generic,4.85,4,Bacteria,Pseudomonadota,Alphaproteobacteria,Caulobacterales,Maricaulaceae,Robiginitomaculum_A,0
M33,Barite_M33_B34,NNIJCGEL_162.region001,Other,hydrogen-cyanide,8.47,9,Bacteria,Pseudomonadota,Gammaproteobacteria,Methylococcales,Methylomonadaceae,Methyloprofundus,0
M33,Barite_M33_B34,NNIJCGEL_207.region001,RiPP,RRE-containing,2.47,3,Bacteria,Pseudomonadota,Gammaproteobacteria,Methylococcales,Methylomonadaceae,Methyloprofundus,0
M33,Barite_M33_B34,NNIJCGEL_242.region001,NRP,NRPS-like,2.5,2,Bacteria,Pseudomonadota,Gammaproteobacteria,Methylococcales,Methylomonadaceae,Methyloprofundus,0
M33,Barite_M33_B34,NNIJCGEL_22.region001,NRP,NRPS-like,6.17,5,Bacteria,Pseudomonadota,Gammaproteobacteria,Methylococcales,Methylomonadaceae,Methyloprofundus,0
M33,Barite_M33_B34,NNIJCGEL_27.region001,Terpene,Terpene generic,4.29,2,Bacteria,Pseudomonadota,Gammaproteobacteria,Methylococcales,Methylomonadaceae,Methyloprofundus,0
M33,Barite_M33_B34,NNIJCGEL_135.region001,RiPP,RiPP-like,7.37,7,Bacteria,Pseudomonadota,Gammaproteobacteria,Methylococcales,Methylomonadaceae,Methyloprofundus,0
M33,Barite_M33_B35,MMHLBHKL_421.region001,NRP,NRPS-like,13.62,11,Bacteria,Pseudomonadota,Gammaproteobacteria,Methylococcales,Methylomonadaceae,Methyloprofundus,0
M33,Barite_M33_B35,MMHLBHKL_430.region001,RiPP,RiPP-like,4.12,5,Bacteria,Pseudomonadota,Gammaproteobacteria,Methylococcales,Methylomonadaceae,Methyloprofundus,0
M33,Barite_M33_B35,MMHLBHKL_449.region001,Other,arylpolyene,11.98,11,Bacteria,Pseudomonadota,Gammaproteobacteria,Methylococcales,Methylomonadaceae,Methyloprofundus,0
M33,Barite_M33_B35,MMHLBHKL_346.region001,RiPP,redox-cofactor,8.5,11,Bacteria,Pseudomonadota,Gammaproteobacteria,Methylococcales,Methylomonadaceae,Methyloprofundus,0
M33,Barite_M33_B35,MMHLBHKL_130.region001,Terpene,Terpene generic,13.7,12,Bacteria,Pseudomonadota,Gammaproteobacteria,Methylococcales,Methylomonadaceae,Methyloprofundus,0
M33,Barite_M33_B36,KPIBPLGM_265.region001,Polyketide,T1PKS,19.75,14,Bacteria,Pseudomonadota,Alphaproteobacteria,Rhodobacterales,Rhodobacteraceae,UBA3077,0
M33,Barite_M33_B36,KPIBPLGM_272.region001,RiPP,RRE-containing,3.15,4,Bacteria,Pseudomonadota,Alphaproteobacteria,Rhodobacterales,Rhodobacteraceae,UBA3077,0
M33,Barite_M33_B36,KPIBPLGM_289.region001,RiPP,RRE-containing,8.02,9,Bacteria,Pseudomonadota,Alphaproteobacteria,Rhodobacterales,Rhodobacteraceae,UBA3077,0
M33,Barite_M33_B36,KPIBPLGM_307.region001,NRP,NRPS-like,6.48,4,Bacteria,Pseudomonadota,Alphaproteobacteria,Rhodobacterales,Rhodobacteraceae,UBA3077,0
M33,Barite_M33_B36,KPIBPLGM_15.region001,Other,hserlactone,12.18,8,Bacteria,Pseudomonadota,Alphaproteobacteria,Rhodobacterales,Rhodobacteraceae,UBA3077,0
M33,Barite_M33_B37,NKGBANJE_51.region001,Other,hserlactone,17.11,12,Bacteria,Pseudomonadota,Gammaproteobacteria,Pseudomonadales,Halieaceae,JBALVT01,0
M33,Barite_M33_B37,NKGBANJE_74.region001,RiPP,RiPP-like,10.85,8,Bacteria,Pseudomonadota,Gammaproteobacteria,Pseudomonadales,Halieaceae,JBALVT01,0
M33,Barite_M33_B37,NKGBANJE_74.region002,RiPP,LAP,22.16,18,Bacteria,Pseudomonadota,Gammaproteobacteria,Pseudomonadales,Halieaceae,JBALVT01,0
M33,Barite_M33_B37,NKGBANJE_55.region001,Polyketide,hglE-KS,37.14,22,Bacteria,Pseudomonadota,Gammaproteobacteria,Pseudomonadales,Halieaceae,JBALVT01,0
M33,Barite_M33_B38,JMMHIICP_3.region001,RiPP,RiPP-like,6.48,10,Bacteria,Pseudomonadota,Gammaproteobacteria,Enterobacterales,Kangiellaceae,GCA-002733465,0
M33,Barite_M33_B38,JMMHIICP_88.region001,NRP,NRP generic,40.15,35,Bacteria,Pseudomonadota,Gammaproteobacteria,Enterobacterales,Kangiellaceae,GCA-002733465,0
M33,Barite_M33_B4,NGHILOBA_106.region001,RiPP,RiPP-like,10.13,8,Bacteria,Pseudomonadota,Gammaproteobacteria,Arenicellales,Poriferihabitantaceae,JAAELZ01,0
M33,Barite_M33_B4,NGHILOBA_38.region001,Hybrid,NRPS:NRPS-like:RRE-containing,36.18,29,Bacteria,Pseudomonadota,Gammaproteobacteria,Arenicellales,Poriferihabitantaceae,JAAELZ01,0
M33,Barite_M33_B4,NGHILOBA_3.region001,RiPP,RiPP-like,10.86,13,Bacteria,Pseudomonadota,Gammaproteobacteria,Arenicellales,Poriferihabitantaceae,JAAELZ01,0
M33,Barite_M33_B4,NGHILOBA_52.region001,RiPP,RRE-containing,13.35,14,Bacteria,Pseudomonadota,Gammaproteobacteria,Arenicellales,Poriferihabitantaceae,JAAELZ01,0
M33,Barite_M33_B40,PHKBGOOM_31.region001,NRP,NRPS-like,3.92,1,Bacteria,Planctomycetota,Planctomycetia,Pirellulales,Lacipirellulaceae,0,0
M33,Barite_M33_B40,PHKBGOOM_464.region001,NRP,NRPS-like,5.32,4,Bacteria,Planctomycetota,Planctomycetia,Pirellulales,Lacipirellulaceae,0,0
M33,Barite_M33_B41,BGLBHDLA_141.region001,Polyketide,T3PKS,11.81,13,Bacteria,Planctomycetota,Phycisphaerae,Phycisphaerales,UBA1924,UBA1924,0
M33,Barite_M33_B41,BGLBHDLA_5.region001,Polyketide,T3PKS,9.78,10,Bacteria,Planctomycetota,Phycisphaerae,Phycisphaerales,UBA1924,UBA1924,0
M33,Barite_M33_B42,BMMDGOPI_13.region001,Other,hserlactone,20.88,20,Bacteria,Pseudomonadota,Alphaproteobacteria,Micavibrionales,Micavibrionaceae,JAJRYK01,0
M33,Barite_M33_B43,OLHBDDCL_116.region001,Terpene,Terpene generic,20.82,16,Bacteria,Verrucomicrobiota,Verrucomicrobiia,Verrucomicrobiales,Akkermansiaceae,Oceaniferula,0
M33,Barite_M33_B43,OLHBDDCL_148.region001,Other,arylpolyene,29.81,30,Bacteria,Verrucomicrobiota,Verrucomicrobiia,Verrucomicrobiales,Akkermansiaceae,Oceaniferula,0
M33,Barite_M33_B43,OLHBDDCL_160.region001,Other,betalactone,14.27,14,Bacteria,Verrucomicrobiota,Verrucomicrobiia,Verrucomicrobiales,Akkermansiaceae,Oceaniferula,0
M33,Barite_M33_B43,OLHBDDCL_171.region001,Terpene,Terpene generic,13.16,12,Bacteria,Verrucomicrobiota,Verrucomicrobiia,Verrucomicrobiales,Akkermansiaceae,Oceaniferula,0
M33,Barite_M33_B43,OLHBDDCL_231.region001,Other,phenazine,3.18,3,Bacteria,Verrucomicrobiota,Verrucomicrobiia,Verrucomicrobiales,Akkermansiaceae,Oceaniferula,0
M33,Barite_M33_B43,OLHBDDCL_240.region001,Polyketide,T3PKS,13.43,16,Bacteria,Verrucomicrobiota,Verrucomicrobiia,Verrucomicrobiales,Akkermansiaceae,Oceaniferula,0
M33,Barite_M33_B44,OPOFCGAF_16.region001,RiPP,RiPP-like,10.91,9,Bacteria,Pseudomonadota,Alphaproteobacteria,Micavibrionales,Micavibrionaceae,0,0
M33,Barite_M33_B44,OPOFCGAF_4.region001,Terpene,Terpene generic,20.81,23,Bacteria,Pseudomonadota,Alphaproteobacteria,Micavibrionales,Micavibrionaceae,0,0
M33,Barite_M33_B45,MEICBBJD_113.region001,RiPP,RiPP-like,10.82,12,Bacteria,Pseudomonadota,Gammaproteobacteria,GCA-001735895,GCA-001735895,0,0
M33,Barite_M33_B45,MEICBBJD_150.region001,RiPP,RiPP-like,7.16,3,Bacteria,Pseudomonadota,Gammaproteobacteria,GCA-001735895,GCA-001735895,0,0
M33,Barite_M33_B45,MEICBBJD_174.region001,RiPP,RiPP-like,6.78,9,Bacteria,Pseudomonadota,Gammaproteobacteria,GCA-001735895,GCA-001735895,0,0
M33,Barite_M33_B45,MEICBBJD_38.region001,RiPP,RiPP-like,4.62,5,Bacteria,Pseudomonadota,Gammaproteobacteria,GCA-001735895,GCA-001735895,0,0
M33,Barite_M33_B46,LFFIDLNF_133.region001,RiPP,RiPP-like,4.4,2,Bacteria,Pseudomonadota,Gammaproteobacteria,Xanthomonadales,Marinicellaceae,NORP309,0
M33,Barite_M33_B46,LFFIDLNF_83.region001,RiPP,RRE-containing,15.07,15,Bacteria,Pseudomonadota,Gammaproteobacteria,Xanthomonadales,Marinicellaceae,NORP309,0
M33,Barite_M33_B47,FADKJNDK_149.region001,RiPP,RiPP-like,10.85,13,Bacteria,Pseudomonadota,Gammaproteobacteria,SZUA-229,SZUA-229,GCA-2746365,0
M33,Barite_M33_B47,FADKJNDK_159.region001,RiPP,redox-cofactor,22.12,20,Bacteria,Pseudomonadota,Gammaproteobacteria,SZUA-229,SZUA-229,GCA-2746365,0
M33,Barite_M33_B47,FADKJNDK_20.region001,RiPP,RiPP-like,10.88,10,Bacteria,Pseudomonadota,Gammaproteobacteria,SZUA-229,SZUA-229,GCA-2746365,0
M33,Barite_M33_B47,FADKJNDK_61.region001,RiPP,RiPP-like,10.86,9,Bacteria,Pseudomonadota,Gammaproteobacteria,SZUA-229,SZUA-229,GCA-2746365,0
M33,Barite_M33_B47,FADKJNDK_6.region001,RiPP,RiPP-like,11.76,10,Bacteria,Pseudomonadota,Gammaproteobacteria,SZUA-229,SZUA-229,GCA-2746365,0
M33,Barite_M33_B47,FADKJNDK_99.region001,NRP,NRPS-like,17.41,17,Bacteria,Pseudomonadota,Gammaproteobacteria,SZUA-229,SZUA-229,GCA-2746365,0
M33,Barite_M33_B48,AHIPEJFA_117.region001,RiPP,RRE-containing,16.26,17,Bacteria,Pseudomonadota,Gammaproteobacteria,Xanthomonadales,SZUA-36,SZUA-51,0
M33,Barite_M33_B48,AHIPEJFA_18.region001,RiPP,RiPP-like,7.19,10,Bacteria,Pseudomonadota,Gammaproteobacteria,Xanthomonadales,SZUA-36,SZUA-51,0
M33,Barite_M33_B48,AHIPEJFA_201.region001,Other,arylpolyene,15.75,16,Bacteria,Pseudomonadota,Gammaproteobacteria,Xanthomonadales,SZUA-36,SZUA-51,0
M33,Barite_M33_B49,PHLOBIOC_232.region001,NRP,NRP generic,4.78,3,Bacteria,Pseudomonadota,Gammaproteobacteria,Pseudomonadales,Azotimanducaceae,GCA-002726655,0
M33,Barite_M33_B49,PHLOBIOC_276.region001,RiPP,RRE-containing,6.46,5,Bacteria,Pseudomonadota,Gammaproteobacteria,Pseudomonadales,Azotimanducaceae,GCA-002726655,0
M33,Barite_M33_B49,PHLOBIOC_354.region001,RiPP,RRE-containing,20.3,14,Bacteria,Pseudomonadota,Gammaproteobacteria,Pseudomonadales,Azotimanducaceae,GCA-002726655,0
M33,Barite_M33_B5,OOHDNELP_149.region001,Terpene,Terpene generic,7.61,6,Bacteria,Nitrospirota,Nitrospiria,Nitrospirales,UBA8639,Nitrospira_E,0
M33,Barite_M33_B5,OOHDNELP_196.region001,RiPP,RiPP-like,3.73,3,Bacteria,Nitrospirota,Nitrospiria,Nitrospirales,UBA8639,Nitrospira_E,0
M33,Barite_M33_B5,OOHDNELP_204.region001,NRP,NRPS-like,24.04,20,Bacteria,Nitrospirota,Nitrospiria,Nitrospirales,UBA8639,Nitrospira_E,0
M33,Barite_M33_B5,OOHDNELP_226.region001,Terpene,Terpene generic,5.54,7,Bacteria,Nitrospirota,Nitrospiria,Nitrospirales,UBA8639,Nitrospira_E,0
M33,Barite_M33_B5,OOHDNELP_286.region001,Terpene,Terpene generic,5.37,4,Bacteria,Nitrospirota,Nitrospiria,Nitrospirales,UBA8639,Nitrospira_E,0
M33,Barite_M33_B5,OOHDNELP_57.region001,Terpene,Terpene generic,7.36,7,Bacteria,Nitrospirota,Nitrospiria,Nitrospirales,UBA8639,Nitrospira_E,0
M33,Barite_M33_B5,OOHDNELP_87.region001,RiPP,RiPP-like,4.3,6,Bacteria,Nitrospirota,Nitrospiria,Nitrospirales,UBA8639,Nitrospira_E,0
M33,Barite_M33_B50,GKNHFJHD_56.region001,RiPP,RiPP-like,5.9,9,Bacteria,Pseudomonadota,Gammaproteobacteria,Pseudomonadales,Azotimanducaceae,JAHRVQ01,0
M33,Barite_M33_B50,GKNHFJHD_168.region001,RiPP,RiPP-like,8.51,9,Bacteria,Pseudomonadota,Gammaproteobacteria,Pseudomonadales,Azotimanducaceae,JAHRVQ01,0
M33,Barite_M33_B51,FMNJNAMI_116.region001,RiPP,thiopeptide,6.14,5,Bacteria,Desulfobacterota,Dissulfuribacteria,Dissulfuribacterales,UBA3076,UBA3076,0
M33,Barite_M33_B51,FMNJNAMI_117.region001,RiPP,RiPP-like,6.29,7,Bacteria,Desulfobacterota,Dissulfuribacteria,Dissulfuribacterales,UBA3076,UBA3076,0
M33,Barite_M33_B51,FMNJNAMI_145.region001,RiPP,thiopeptide,12.67,12,Bacteria,Desulfobacterota,Dissulfuribacteria,Dissulfuribacterales,UBA3076,UBA3076,0
M33,Barite_M33_B51,FMNJNAMI_154.region001,RiPP,RiPP-like,5.28,8,Bacteria,Desulfobacterota,Dissulfuribacteria,Dissulfuribacterales,UBA3076,UBA3076,0
M33,Barite_M33_B52,JCAIBNCO_1044.region001,Terpene,Terpene generic,3.35,2,Bacteria,Planctomycetota,Planctomycetia,Planctomycetales,Planctomycetaceae,Thalassoglobus,0
M33,Barite_M33_B52,JCAIBNCO_256.region001,RiPP,RiPP-like,3.03,4,Bacteria,Planctomycetota,Planctomycetia,Planctomycetales,Planctomycetaceae,Thalassoglobus,0
M33,Barite_M33_B52,JCAIBNCO_599.region001,Terpene,Terpene generic,3.99,2,Bacteria,Planctomycetota,Planctomycetia,Planctomycetales,Planctomycetaceae,Thalassoglobus,0
M33,Barite_M33_B52,JCAIBNCO_733.region001,Terpene,Terpene generic,2.54,1,Bacteria,Planctomycetota,Planctomycetia,Planctomycetales,Planctomycetaceae,Thalassoglobus,0
M33,Barite_M33_B52,JCAIBNCO_852.region001,Terpene,Terpene generic,4.68,3,Bacteria,Planctomycetota,Planctomycetia,Planctomycetales,Planctomycetaceae,Thalassoglobus,0
M33,Barite_M33_B53,CPPAPOMF_283.region001,Polyketide,T3PKS,4.87,5,Bacteria,Bacteroidota,Bacteroidia,Flavobacteriales,Schleiferiaceae,JAOARK01,0
M33,Barite_M33_B53,CPPAPOMF_362.region001,RiPP,RiPP-like,4.42,7,Bacteria,Bacteroidota,Bacteroidia,Flavobacteriales,Schleiferiaceae,JAOARK01,0
M33,Barite_M33_B55,CFPHHOAB_101.region001,Other,arylpolyene,3.7,4,Bacteria,Bdellovibrionota,Bdellovibrionia,Bdellovibrionales,JAGQZY01,JAGQZY01,0
M33,Barite_M33_B55,CFPHHOAB_287.region001,RiPP,RRE-containing,2.9,3,Bacteria,Bdellovibrionota,Bdellovibrionia,Bdellovibrionales,JAGQZY01,JAGQZY01,0
M33,Barite_M33_B55,CFPHHOAB_73.region001,Other,arylpolyene,9.31,8,Bacteria,Bdellovibrionota,Bdellovibrionia,Bdellovibrionales,JAGQZY01,JAGQZY01,0
M33,Barite_M33_B56,ENICKNPH_148.region001,Polyketide,T3PKS,23.43,17,Bacteria,Bacteroidota,Bacteroidia,Flavobacteriales,Flavobacteriaceae,Lutimonas,0
M33,Barite_M33_B56,ENICKNPH_42.region001,Hybrid,arylpolyene:resorcinol,27.53,30,Bacteria,Bacteroidota,Bacteroidia,Flavobacteriales,Flavobacteriaceae,Lutimonas,0
M33,Barite_M33_B56,ENICKNPH_54.region001,RiPP,RiPP-like,8.13,9,Bacteria,Bacteroidota,Bacteroidia,Flavobacteriales,Flavobacteriaceae,Lutimonas,0
M33,Barite_M33_B57,EJJBLPMI_141.region001,Other,arylpolyene,20.85,25,Bacteria,Pseudomonadota,Gammaproteobacteria,Xanthomonadales,Marinicellaceae,NORP309,0
M33,Barite_M33_B57,EJJBLPMI_255.region001,RiPP,RRE-containing,9.36,11,Bacteria,Pseudomonadota,Gammaproteobacteria,Xanthomonadales,Marinicellaceae,NORP309,0
M33,Barite_M33_B57,EJJBLPMI_60.region001,Other,arylpolyene,2.9,3,Bacteria,Pseudomonadota,Gammaproteobacteria,Xanthomonadales,Marinicellaceae,NORP309,0
M33,Barite_M33_B58,LMIOODIL_110.region001,NRP,NRPS-like,12.74,12,Bacteria,Myxococcota,Bradymonadia,UBA4248,0,0,0
M33,Barite_M33_B58,LMIOODIL_111.region001,Polyketide,hglE-KS,11.77,3,Bacteria,Myxococcota,Bradymonadia,UBA4248,0,0,0
M33,Barite_M33_B58,LMIOODIL_162.region001,Polyketide,hglE-KS,24.52,17,Bacteria,Myxococcota,Bradymonadia,UBA4248,0,0,0
M33,Barite_M33_B58,LMIOODIL_163.region001,RiPP,lassopeptide,14.27,11,Bacteria,Myxococcota,Bradymonadia,UBA4248,0,0,0
M33,Barite_M33_B58,LMIOODIL_215.region001,Terpene,Terpene generic,20.94,10,Bacteria,Myxococcota,Bradymonadia,UBA4248,0,0,0
M33,Barite_M33_B58,LMIOODIL_241.region001,Terpene,Terpene generic,22.05,14,Bacteria,Myxococcota,Bradymonadia,UBA4248,0,0,0
M33,Barite_M33_B58,LMIOODIL_256.region001,NRP,NRP generic,45.62,20,Bacteria,Myxococcota,Bradymonadia,UBA4248,0,0,0
M33,Barite_M33_B58,LMIOODIL_262.region001,RiPP,RiPP-like,6.67,5,Bacteria,Myxococcota,Bradymonadia,UBA4248,0,0,0
M33,Barite_M33_B58,LMIOODIL_27.region001,Terpene,Terpene generic,7.59,6,Bacteria,Myxococcota,Bradymonadia,UBA4248,0,0,0
M33,Barite_M33_B58,LMIOODIL_312.region001,RiPP,RiPP-like,7.14,7,Bacteria,Myxococcota,Bradymonadia,UBA4248,0,0,0
M33,Barite_M33_B58,LMIOODIL_32.region001,Terpene,Terpene generic,21.98,16,Bacteria,Myxococcota,Bradymonadia,UBA4248,0,0,0
M33,Barite_M33_B6,LPIDFHMF_151.region001,RiPP,RiPP-like,10.85,11,Bacteria,Pseudomonadota,Gammaproteobacteria,Methylococcales,Methylomonadaceae,QPIN01,0
M33,Barite_M33_B6,LPIDFHMF_181.region001,Other,arylpolyene,11.38,11,Bacteria,Pseudomonadota,Gammaproteobacteria,Methylococcales,Methylomonadaceae,QPIN01,0
M33,Barite_M33_B6,LPIDFHMF_182.region001,NRP,NRP generic,30.14,24,Bacteria,Pseudomonadota,Gammaproteobacteria,Methylococcales,Methylomonadaceae,QPIN01,0
M33,Barite_M33_B6,LPIDFHMF_190.region001,RiPP,redox-cofactor,13.8,13,Bacteria,Pseudomonadota,Gammaproteobacteria,Methylococcales,Methylomonadaceae,QPIN01,0
M33,Barite_M33_B6,LPIDFHMF_211.region001,RiPP,RiPP-like,10.84,9,Bacteria,Pseudomonadota,Gammaproteobacteria,Methylococcales,Methylomonadaceae,QPIN01,0
M33,Barite_M33_B6,LPIDFHMF_27.region001,Other,hydrogen-cyanide,8.71,7,Bacteria,Pseudomonadota,Gammaproteobacteria,Methylococcales,Methylomonadaceae,QPIN01,0
M33,Barite_M33_B6,LPIDFHMF_71.region001,RiPP,RiPP-like,5.77,7,Bacteria,Pseudomonadota,Gammaproteobacteria,Methylococcales,Methylomonadaceae,QPIN01,0
M33,Barite_M33_B6,LPIDFHMF_74.region001,Hybrid,acyl_amino_acids:betalactone,29.05,23,Bacteria,Pseudomonadota,Gammaproteobacteria,Methylococcales,Methylomonadaceae,QPIN01,0
M33,Barite_M33_B6,LPIDFHMF_124.region001,Terpene,Terpene generic,10.27,6,Bacteria,Pseudomonadota,Gammaproteobacteria,Methylococcales,Methylomonadaceae,QPIN01,0
M33,Barite_M33_B60,FFKGHCAL_181.region001,Terpene,Terpene generic,6.13,5,Bacteria,Planctomycetota,Phycisphaerae,Phycisphaerales,Phycisphaeraceae,Algisphaera,0
M33,Barite_M33_B61,CAOEPHBC_22.region001,RiPP,RiPP-like,11.74,16,Bacteria,Campylobacterota,Campylobacteria,Campylobacterales,Sulfurovaceae,Sulfurovum,0
M33,Barite_M33_B61,CAOEPHBC_25.region001,Other,hserlactone,20.8,20,Bacteria,Campylobacterota,Campylobacteria,Campylobacterales,Sulfurovaceae,Sulfurovum,0
M33,Barite_M33_B61,CAOEPHBC_26.region001,Other,acyl_amino_acids,39.94,36,Bacteria,Campylobacterota,Campylobacteria,Campylobacterales,Sulfurovaceae,Sulfurovum,0
M33,Barite_M33_B61,CAOEPHBC_67.region001,RiPP,RRE-containing,13.92,18,Bacteria,Campylobacterota,Campylobacteria,Campylobacterales,Sulfurovaceae,Sulfurovum,0
M33,Barite_M33_B61,CAOEPHBC_8.region001,Other,arylpolyene,40.45,45,Bacteria,Campylobacterota,Campylobacteria,Campylobacterales,Sulfurovaceae,Sulfurovum,0
M33,Barite_M33_B62,AGFGDEPP_25.region001,Terpene,Terpene generic,20.85,21,Bacteria,Pseudomonadota,Alphaproteobacteria,Sphingomonadales,Emcibacteraceae,Paremcibacter,0
M33,Barite_M33_B62,AGFGDEPP_5.region001,RiPP,ranthipeptide,21.47,15,Bacteria,Pseudomonadota,Alphaproteobacteria,Sphingomonadales,Emcibacteraceae,Paremcibacter,0
M33,Barite_M33_B63,FACNCCPI_59.region001,RiPP,RiPP-like,10.9,15,Bacteria,Pseudomonadota,Alphaproteobacteria,Caulobacterales,Maricaulaceae,Robiginitomaculum_A,0
M33,Barite_M33_B64,FBCGENOP_42.region001,NRP,NRP generic,6.4,1,Bacteria,Verrucomicrobiota,Verrucomicrobiia,Opitutales,Opitutaceae,Pelagisphaera,0
M33,Barite_M33_B64,FBCGENOP_477.region001,Polyketide,T1PKS,10.84,4,Bacteria,Verrucomicrobiota,Verrucomicrobiia,Opitutales,Opitutaceae,Pelagisphaera,0
M33,Barite_M33_B64,FBCGENOP_597.region001,Hybrid,lassopeptide:RRE-containing,10.12,11,Bacteria,Verrucomicrobiota,Verrucomicrobiia,Opitutales,Opitutaceae,Pelagisphaera,0
M33,Barite_M33_B64,FBCGENOP_871.region001,Other,arylpolyene,11.17,15,Bacteria,Verrucomicrobiota,Verrucomicrobiia,Opitutales,Opitutaceae,Pelagisphaera,0
M33,Barite_M33_B65,LLGBHINH_136.region001,Terpene,Terpene generic,4.73,5,Bacteria,Pseudomonadota,Gammaproteobacteria,Burkholderiales,Nitrosomonadaceae,Nitrosomonas,0
M33,Barite_M33_B66,NGMOPKMC_205.region001,Other,betalactone,15.38,13,Bacteria,Hydrogenedentota,Hydrogenedentia,Hydrogenedentales,GCA-2746185,DTSJ01,0
M33,Barite_M33_B66,NGMOPKMC_308.region001,Hybrid,hglE-KS:T1PKS,18.22,10,Bacteria,Hydrogenedentota,Hydrogenedentia,Hydrogenedentales,GCA-2746185,DTSJ01,0
M33,Barite_M33_B66,NGMOPKMC_310.region001,RiPP,RiPP-like,3.25,3,Bacteria,Hydrogenedentota,Hydrogenedentia,Hydrogenedentales,GCA-2746185,DTSJ01,0
M33,Barite_M33_B67,DLFDEKGP_27.region001,RiPP,RiPP-like,10.95,14,Bacteria,Pseudomonadota,Alphaproteobacteria,UBA2136,UBA2136,UBA2136,0
M33,Barite_M33_B67,DLFDEKGP_30.region001,RiPP,RiPP-like,9.62,14,Bacteria,Pseudomonadota,Alphaproteobacteria,UBA2136,UBA2136,UBA2136,0
M33,Barite_M33_B68,OLFOFOJF_101.region001,Other,resorcinol,29.66,33,Bacteria,Campylobacterota,Campylobacteria,Campylobacterales,Sulfurimonadaceae,Sulfurimonas,0
M33,Barite_M33_B69,FHIEFOOH_102.region001,Hybrid,lassopeptide:RRE-containing,12.22,13,Bacteria,Pseudomonadota,Gammaproteobacteria,Arenicellales,Arenicellaceae,Arenicella,Arenicella sp016763815
M33,Barite_M33_B69,FHIEFOOH_130.region001,NRP,NRP generic,13.64,2,Bacteria,Pseudomonadota,Gammaproteobacteria,Arenicellales,Arenicellaceae,Arenicella,Arenicella sp016763815
M33,Barite_M33_B69,FHIEFOOH_136.region001,Other,arylpolyene,21.4,13,Bacteria,Pseudomonadota,Gammaproteobacteria,Arenicellales,Arenicellaceae,Arenicella,Arenicella sp016763815
M33,Barite_M33_B69,FHIEFOOH_149.region001,RiPP,RRE-containing,18.07,19,Bacteria,Pseudomonadota,Gammaproteobacteria,Arenicellales,Arenicellaceae,Arenicella,Arenicella sp016763815
M33,Barite_M33_B69,FHIEFOOH_150.region001,NRP,NRP generic,7.94,3,Bacteria,Pseudomonadota,Gammaproteobacteria,Arenicellales,Arenicellaceae,Arenicella,Arenicella sp016763815
M33,Barite_M33_B69,FHIEFOOH_192.region001,Other,arylpolyene,13.94,16,Bacteria,Pseudomonadota,Gammaproteobacteria,Arenicellales,Arenicellaceae,Arenicella,Arenicella sp016763815
M33,Barite_M33_B69,FHIEFOOH_223.region001,RiPP,RRE-containing,3.94,4,Bacteria,Pseudomonadota,Gammaproteobacteria,Arenicellales,Arenicellaceae,Arenicella,Arenicella sp016763815
M33,Barite_M33_B69,FHIEFOOH_280.region001,NRP,NRP generic,4.71,1,Bacteria,Pseudomonadota,Gammaproteobacteria,Arenicellales,Arenicellaceae,Arenicella,Arenicella sp016763815
M33,Barite_M33_B69,FHIEFOOH_288.region001,NRP,NRPS-like,6.34,4,Bacteria,Pseudomonadota,Gammaproteobacteria,Arenicellales,Arenicellaceae,Arenicella,Arenicella sp016763815
M33,Barite_M33_B69,FHIEFOOH_3.region001,Hybrid,NRPS:T1PKS,31.41,6,Bacteria,Pseudomonadota,Gammaproteobacteria,Arenicellales,Arenicellaceae,Arenicella,Arenicella sp016763815
M33,Barite_M33_B69,FHIEFOOH_4.region001,RiPP,RiPP-like,11.68,12,Bacteria,Pseudomonadota,Gammaproteobacteria,Arenicellales,Arenicellaceae,Arenicella,Arenicella sp016763815
M33,Barite_M33_B69,FHIEFOOH_58.region001,NRP,NRPS-like,11.26,8,Bacteria,Pseudomonadota,Gammaproteobacteria,Arenicellales,Arenicellaceae,Arenicella,Arenicella sp016763815
M33,Barite_M33_B7,NBPEKLKD_156.region001,Terpene,Terpene generic,5.72,6,Bacteria,Pseudomonadota,Gammaproteobacteria,Burkholderiales,Nitrosomonadaceae,Nitrosomonas,0
M33,Barite_M33_B7,NBPEKLKD_19.region001,Other,hserlactone,8.28,9,Bacteria,Pseudomonadota,Gammaproteobacteria,Burkholderiales,Nitrosomonadaceae,Nitrosomonas,0
M33,Barite_M33_B7,NBPEKLKD_36.region001,Other,arylpolyene,9.35,9,Bacteria,Pseudomonadota,Gammaproteobacteria,Burkholderiales,Nitrosomonadaceae,Nitrosomonas,0
M33,Barite_M33_B70,ODPBKMGB_113.region001,Polyketide,T3PKS,18.69,15,Bacteria,Verrucomicrobiota,Kiritimatiellia,Kiritimatiellales,Pontiellaceae,Pontiella,0
M33,Barite_M33_B70,ODPBKMGB_171.region001,NRP,NRPS-like,32,28,Bacteria,Verrucomicrobiota,Kiritimatiellia,Kiritimatiellales,Pontiellaceae,Pontiella,0
M33,Barite_M33_B70,ODPBKMGB_74.region001,Polyketide,T3PKS,27.48,24,Bacteria,Verrucomicrobiota,Kiritimatiellia,Kiritimatiellales,Pontiellaceae,Pontiella,0
M33,Barite_M33_B71,LHGKDENN_100.region001,RiPP,RRE-containing,14.34,10,Bacteria,Pseudomonadota,Gammaproteobacteria,Xanthomonadales,Marinicellaceae,NORP309,0
M33,Barite_M33_B71,LHGKDENN_244.region001,Other,arylpolyene,12.41,11,Bacteria,Pseudomonadota,Gammaproteobacteria,Xanthomonadales,Marinicellaceae,NORP309,0
M33,Barite_M33_B72,MLFEBKFB_177.region001,Terpene,Terpene generic,14.76,10,Bacteria,Pseudomonadota,Alphaproteobacteria,Sphingomonadales,SMXR01,CAKZLM01,0
M33,Barite_M33_B72,MLFEBKFB_194.region001,Terpene,Terpene generic,2.28,3,Bacteria,Pseudomonadota,Alphaproteobacteria,Sphingomonadales,SMXR01,CAKZLM01,0
M33,Barite_M33_B72,MLFEBKFB_353.region001,RiPP,RiPP-like,4.69,4,Bacteria,Pseudomonadota,Alphaproteobacteria,Sphingomonadales,SMXR01,CAKZLM01,0
M33,Barite_M33_B73,NNFODOML_26.region001,RiPP,RiPP-like,10.88,10,Bacteria,Pseudomonadota,Alphaproteobacteria,Rhizobiales,OSC116,OCS116,0
M33,Barite_M33_B73,NNFODOML_37.region001,Terpene,Terpene generic,20.85,21,Bacteria,Pseudomonadota,Alphaproteobacteria,Rhizobiales,OSC116,OCS116,0
M33,Barite_M33_B74,GEAAAAEN_118.region001,RiPP,RiPP-like,11.13,16,Bacteria,Bacteroidota,Bacteroidia,J057,JADKCL01,JBCCQH01,0
M33,Barite_M33_B74,GEAAAAEN_303.region001,NRP,NRP generic,20.82,11,Bacteria,Bacteroidota,Bacteroidia,J057,JADKCL01,JBCCQH01,0
M33,Barite_M33_B74,GEAAAAEN_401.region001,RiPP,LAP,23.87,21,Bacteria,Bacteroidota,Bacteroidia,J057,JADKCL01,JBCCQH01,0
M33,Barite_M33_B75,CHMONGJO_4.region001,Terpene,Terpene generic,4.76,6,Bacteria,Pseudomonadota,Alphaproteobacteria,Micavibrionales,Micavibrionaceae,0,0
M33,Barite_M33_B75,CHMONGJO_8.region001,RiPP,RiPP-like,8.31,9,Bacteria,Pseudomonadota,Alphaproteobacteria,Micavibrionales,Micavibrionaceae,0,0
M33,Barite_M33_B76,MBLIMNHJ_173.region001,Polyketide,T3PKS,20.62,15,Bacteria,Verrucomicrobiota,Kiritimatiellia,SS1-B-03-39,0,0,0
M33,Barite_M33_B77,EBLEIDAO_303.region001,Other,betalactone,15.57,9,Bacteria,Pseudomonadota,Alphaproteobacteria,Caulobacterales,Maricaulaceae,Robiginitomaculum_A,0
M33,Barite_M33_B77,EBLEIDAO_95.region001,Other,betalactone,20.82,17,Bacteria,Pseudomonadota,Alphaproteobacteria,Caulobacterales,Maricaulaceae,Robiginitomaculum_A,0
M33,Barite_M33_B78,KLHMDHIO_145.region001,Other,hserlactone,18.56,14,Bacteria,Pseudomonadota,Alphaproteobacteria,Caedimonadales,UBA9215,UBA9215,0
M33,Barite_M33_B78,KLHMDHIO_22.region001,Polyketide,T3PKS,11.98,9,Bacteria,Pseudomonadota,Alphaproteobacteria,Caedimonadales,UBA9215,UBA9215,0
M33,Barite_M33_B78,KLHMDHIO_24.region001,RiPP,RiPP-like,5.73,9,Bacteria,Pseudomonadota,Alphaproteobacteria,Caedimonadales,UBA9215,UBA9215,0
M33,Barite_M33_B78,KLHMDHIO_59.region001,Other,arylpolyene,23.7,24,Bacteria,Pseudomonadota,Alphaproteobacteria,Caedimonadales,UBA9215,UBA9215,0
M33,Barite_M33_B79,HKHFLIEO_4.region001,RiPP,RiPP-like,6.74,8,Bacteria,Bdellovibrionota,Bdellovibrionia,Bdellovibrionales,JAMLIO01,JALZUR01,0
M33,Barite_M33_B79,HKHFLIEO_4.region002,Polyketide,T3PKS,41.1,34,Bacteria,Bdellovibrionota,Bdellovibrionia,Bdellovibrionales,JAMLIO01,JALZUR01,0
M33,Barite_M33_B79,HKHFLIEO_55.region001,Other,arylpolyene,25.67,29,Bacteria,Bdellovibrionota,Bdellovibrionia,Bdellovibrionales,JAMLIO01,JALZUR01,0
M33,Barite_M33_B8,KFCJGCLI_112.region001,Terpene,Terpene generic,15.21,18,Bacteria,Pseudomonadota,Alphaproteobacteria,Micavibrionales,Micavibrionaceae,UBA1850,0
M33,Barite_M33_B8,KFCJGCLI_143.region001,RiPP,RiPP-like,6.29,7,Bacteria,Pseudomonadota,Alphaproteobacteria,Micavibrionales,Micavibrionaceae,UBA1850,0
M33,Barite_M33_B82,OKJDKIPL_163.region001,Other,arylpolyene,2.35,3,Bacteria,Bacteroidota,Bacteroidia,Flavobacteriales,Cryomorphaceae,Cryomorpha,0
M33,Barite_M33_B82,OKJDKIPL_409.region001,Other,arylpolyene,3.33,3,Bacteria,Bacteroidota,Bacteroidia,Flavobacteriales,Cryomorphaceae,Cryomorpha,0
M33,Barite_M33_B82,OKJDKIPL_55.region001,Other,arylpolyene,5.74,7,Bacteria,Bacteroidota,Bacteroidia,Flavobacteriales,Cryomorphaceae,Cryomorpha,0
M33,Barite_M33_B82,OKJDKIPL_74.region001,Other,resorcinol,3.94,4,Bacteria,Bacteroidota,Bacteroidia,Flavobacteriales,Cryomorphaceae,Cryomorpha,0
M33,Barite_M33_B83,GMKLPHPK_186.region001,RiPP,thioamitides,13.11,21,Archaea,Halobacteriota,Syntropharchaeia,Alkanophagales,Methanospirareceae,QMVO01,QMVO01 sp025464645
M33,Barite_M33_B83,GMKLPHPK_204.region001,RiPP,RiPP-like,11.22,13,Archaea,Halobacteriota,Syntropharchaeia,Alkanophagales,Methanospirareceae,QMVO01,QMVO01 sp025464645
M33,Barite_M33_B84,NNCPGNOM_195.region001,RiPP,RiPP-like,5.28,4,Bacteria,Pseudomonadota,Gammaproteobacteria,SZUA-229,SZUA-229,GCA-2746365,0
M33,Barite_M33_B84,NNCPGNOM_24.region001,NRP,NRPS-like,7.94,5,Bacteria,Pseudomonadota,Gammaproteobacteria,SZUA-229,SZUA-229,GCA-2746365,0
M33,Barite_M33_B85,CMOCHALP_161.region001,NRP,CDPS,9.26,9,Bacteria,Pseudomonadota,Gammaproteobacteria,Pseudomonadales,Pseudohongiellaceae,UBA9145,0
M33,Barite_M33_B85,CMOCHALP_315.region001,Other,hydrogen-cyanide,4.3,5,Bacteria,Pseudomonadota,Gammaproteobacteria,Pseudomonadales,Pseudohongiellaceae,UBA9145,0
M33,Barite_M33_B86,MNHPCHIE_23.region001,NRP,CDPS,20.64,25,Bacteria,Pseudomonadota,Alphaproteobacteria,Micavibrionales,UBA1664,UBA1664,0
M33,Barite_M33_B87,BAIALBNB_118.region001,NRP,NRPS-like,29.3,24,Bacteria,Pseudomonadota,Gammaproteobacteria,Xanthomonadales,SZUA-36,SZUA-36,0
M33,Barite_M33_B87,BAIALBNB_149.region001,Other,arylpolyene,13.84,16,Bacteria,Pseudomonadota,Gammaproteobacteria,Xanthomonadales,SZUA-36,SZUA-36,0
M33,Barite_M33_B87,BAIALBNB_73.region001,RiPP,RiPP-like,10.24,11,Bacteria,Pseudomonadota,Gammaproteobacteria,Xanthomonadales,SZUA-36,SZUA-36,0
M33,Barite_M33_B87,BAIALBNB_96.region001,RiPP,RiPP-like,10.85,11,Bacteria,Pseudomonadota,Gammaproteobacteria,Xanthomonadales,SZUA-36,SZUA-36,0
M33,Barite_M33_B88,CDIGHOGO_114.region001,Other,hserlactone,20.64,17,Bacteria,Pseudomonadota,Alphaproteobacteria,Rhodobacterales,Rhodobacteraceae,Amylibacter,0
M33,Barite_M33_B88,CDIGHOGO_160.region001,RiPP,RiPP-like,10.87,14,Bacteria,Pseudomonadota,Alphaproteobacteria,Rhodobacterales,Rhodobacteraceae,Amylibacter,0
M33,Barite_M33_B88,CDIGHOGO_170.region001,Hybrid,NRPS-like:T1PKS,40.96,27,Bacteria,Pseudomonadota,Alphaproteobacteria,Rhodobacterales,Rhodobacteraceae,Amylibacter,0
M33,Barite_M33_B88,CDIGHOGO_26.region001,RiPP,RiPP-like,6.63,7,Bacteria,Pseudomonadota,Alphaproteobacteria,Rhodobacterales,Rhodobacteraceae,Amylibacter,0
M33,Barite_M33_B88,CDIGHOGO_61.region001,Terpene,Terpene generic,8.76,11,Bacteria,Pseudomonadota,Alphaproteobacteria,Rhodobacterales,Rhodobacteraceae,Amylibacter,0
M33,Barite_M33_B89,EMEEGMFL_101.region001,NRP,NRP generic,3.87,2,Bacteria,Pseudomonadota,Gammaproteobacteria,Enterobacterales,Alteromonadaceae,JABSOG01,0
M33,Barite_M33_B89,EMEEGMFL_105.region001,NRP,NRPS-like,2.36,1,Bacteria,Pseudomonadota,Gammaproteobacteria,Enterobacterales,Alteromonadaceae,JABSOG01,0
M33,Barite_M33_B89,EMEEGMFL_118.region001,NRP,NRP generic,11.29,1,Bacteria,Pseudomonadota,Gammaproteobacteria,Enterobacterales,Alteromonadaceae,JABSOG01,0
M33,Barite_M33_B89,EMEEGMFL_132.region001,NRP,NRP generic,2.09,1,Bacteria,Pseudomonadota,Gammaproteobacteria,Enterobacterales,Alteromonadaceae,JABSOG01,0
M33,Barite_M33_B89,EMEEGMFL_139.region001,NRP,NRP generic,3.43,1,Bacteria,Pseudomonadota,Gammaproteobacteria,Enterobacterales,Alteromonadaceae,JABSOG01,0
M33,Barite_M33_B89,EMEEGMFL_142.region001,NRP,NRP generic,3.25,1,Bacteria,Pseudomonadota,Gammaproteobacteria,Enterobacterales,Alteromonadaceae,JABSOG01,0
M33,Barite_M33_B89,EMEEGMFL_195.region001,Polyketide,transAT-PKS-like,14.9,2,Bacteria,Pseudomonadota,Gammaproteobacteria,Enterobacterales,Alteromonadaceae,JABSOG01,0
M33,Barite_M33_B89,EMEEGMFL_201.region001,Polyketide,T1PKS,2.45,1,Bacteria,Pseudomonadota,Gammaproteobacteria,Enterobacterales,Alteromonadaceae,JABSOG01,0
M33,Barite_M33_B89,EMEEGMFL_209.region001,NRP,NRPS-like,15.07,2,Bacteria,Pseudomonadota,Gammaproteobacteria,Enterobacterales,Alteromonadaceae,JABSOG01,0
M33,Barite_M33_B89,EMEEGMFL_215.region001,NRP,NRP generic,20.24,9,Bacteria,Pseudomonadota,Gammaproteobacteria,Enterobacterales,Alteromonadaceae,JABSOG01,0
M33,Barite_M33_B89,EMEEGMFL_21.region001,NRP,NRP generic,25.68,7,Bacteria,Pseudomonadota,Gammaproteobacteria,Enterobacterales,Alteromonadaceae,JABSOG01,0
M33,Barite_M33_B89,EMEEGMFL_223.region001,RiPP,RiPP-like,10.83,11,Bacteria,Pseudomonadota,Gammaproteobacteria,Enterobacterales,Alteromonadaceae,JABSOG01,0
M33,Barite_M33_B89,EMEEGMFL_224.region001,NRP,NRP generic,4.56,1,Bacteria,Pseudomonadota,Gammaproteobacteria,Enterobacterales,Alteromonadaceae,JABSOG01,0
M33,Barite_M33_B89,EMEEGMFL_227.region001,NRP,NRP generic,2.88,1,Bacteria,Pseudomonadota,Gammaproteobacteria,Enterobacterales,Alteromonadaceae,JABSOG01,0
M33,Barite_M33_B89,EMEEGMFL_237.region001,NRP,NRPS-like,2.06,1,Bacteria,Pseudomonadota,Gammaproteobacteria,Enterobacterales,Alteromonadaceae,JABSOG01,0
M33,Barite_M33_B89,EMEEGMFL_242.region001,NRP,NRP generic,12.54,7,Bacteria,Pseudomonadota,Gammaproteobacteria,Enterobacterales,Alteromonadaceae,JABSOG01,0
M33,Barite_M33_B89,EMEEGMFL_245.region001,RiPP,RiPP-like,2.92,2,Bacteria,Pseudomonadota,Gammaproteobacteria,Enterobacterales,Alteromonadaceae,JABSOG01,0
M33,Barite_M33_B89,EMEEGMFL_248.region001,NRP,NRPS-like,6.24,2,Bacteria,Pseudomonadota,Gammaproteobacteria,Enterobacterales,Alteromonadaceae,JABSOG01,0
M33,Barite_M33_B89,EMEEGMFL_269.region001,NRP,NRP generic,13.77,4,Bacteria,Pseudomonadota,Gammaproteobacteria,Enterobacterales,Alteromonadaceae,JABSOG01,0
M33,Barite_M33_B89,EMEEGMFL_279.region001,NRP,NRP generic,3.25,1,Bacteria,Pseudomonadota,Gammaproteobacteria,Enterobacterales,Alteromonadaceae,JABSOG01,0
M33,Barite_M33_B89,EMEEGMFL_27.region001,RiPP,thioamitides,6.83,7,Bacteria,Pseudomonadota,Gammaproteobacteria,Enterobacterales,Alteromonadaceae,JABSOG01,0
M33,Barite_M33_B89,EMEEGMFL_293.region001,Polyketide,transAT-PKS-like,4.91,2,Bacteria,Pseudomonadota,Gammaproteobacteria,Enterobacterales,Alteromonadaceae,JABSOG01,0
M33,Barite_M33_B89,EMEEGMFL_297.region001,NRP,NRP generic,6.76,1,Bacteria,Pseudomonadota,Gammaproteobacteria,Enterobacterales,Alteromonadaceae,JABSOG01,0
M33,Barite_M33_B89,EMEEGMFL_308.region001,Polyketide,transAT-PKS-like,8.41,2,Bacteria,Pseudomonadota,Gammaproteobacteria,Enterobacterales,Alteromonadaceae,JABSOG01,0
M33,Barite_M33_B89,EMEEGMFL_318.region001,NRP,NRP generic,7.62,2,Bacteria,Pseudomonadota,Gammaproteobacteria,Enterobacterales,Alteromonadaceae,JABSOG01,0
M33,Barite_M33_B89,EMEEGMFL_33.region001,NRP,NRP generic,3.77,1,Bacteria,Pseudomonadota,Gammaproteobacteria,Enterobacterales,Alteromonadaceae,JABSOG01,0
M33,Barite_M33_B89,EMEEGMFL_352.region001,NRP,NRP generic,7.43,4,Bacteria,Pseudomonadota,Gammaproteobacteria,Enterobacterales,Alteromonadaceae,JABSOG01,0
M33,Barite_M33_B89,EMEEGMFL_358.region001,Other,PUFA,18.49,7,Bacteria,Pseudomonadota,Gammaproteobacteria,Enterobacterales,Alteromonadaceae,JABSOG01,0
M33,Barite_M33_B89,EMEEGMFL_36.region001,NRP,NRP generic,20,10,Bacteria,Pseudomonadota,Gammaproteobacteria,Enterobacterales,Alteromonadaceae,JABSOG01,0
M33,Barite_M33_B89,EMEEGMFL_372.region001,NRP,NRP generic,4.44,1,Bacteria,Pseudomonadota,Gammaproteobacteria,Enterobacterales,Alteromonadaceae,JABSOG01,0
M33,Barite_M33_B89,EMEEGMFL_375.region001,NRP,NRP generic,4.98,1,Bacteria,Pseudomonadota,Gammaproteobacteria,Enterobacterales,Alteromonadaceae,JABSOG01,0
M33,Barite_M33_B89,EMEEGMFL_377.region001,NRP,NRP generic,4.11,1,Bacteria,Pseudomonadota,Gammaproteobacteria,Enterobacterales,Alteromonadaceae,JABSOG01,0
M33,Barite_M33_B89,EMEEGMFL_383.region001,RiPP,RiPP-like,4.52,4,Bacteria,Pseudomonadota,Gammaproteobacteria,Enterobacterales,Alteromonadaceae,JABSOG01,0
M33,Barite_M33_B89,EMEEGMFL_387.region001,NRP,NRP generic,2.68,1,Bacteria,Pseudomonadota,Gammaproteobacteria,Enterobacterales,Alteromonadaceae,JABSOG01,0
M33,Barite_M33_B89,EMEEGMFL_399.region001,Polyketide,transAT-PKS-like,4.29,1,Bacteria,Pseudomonadota,Gammaproteobacteria,Enterobacterales,Alteromonadaceae,JABSOG01,0
M33,Barite_M33_B89,EMEEGMFL_403.region001,NRP,NRP generic,3.73,1,Bacteria,Pseudomonadota,Gammaproteobacteria,Enterobacterales,Alteromonadaceae,JABSOG01,0
M33,Barite_M33_B89,EMEEGMFL_414.region001,NRP,NRP generic,7.29,1,Bacteria,Pseudomonadota,Gammaproteobacteria,Enterobacterales,Alteromonadaceae,JABSOG01,0
M33,Barite_M33_B89,EMEEGMFL_431.region001,NRP,NRP generic,5.38,1,Bacteria,Pseudomonadota,Gammaproteobacteria,Enterobacterales,Alteromonadaceae,JABSOG01,0
M33,Barite_M33_B89,EMEEGMFL_447.region001,Other,acyl_amino_acids,9.03,7,Bacteria,Pseudomonadota,Gammaproteobacteria,Enterobacterales,Alteromonadaceae,JABSOG01,0
M33,Barite_M33_B89,EMEEGMFL_454.region001,NRP,NRP generic,5.92,1,Bacteria,Pseudomonadota,Gammaproteobacteria,Enterobacterales,Alteromonadaceae,JABSOG01,0
M33,Barite_M33_B89,EMEEGMFL_460.region001,RiPP,RRE-containing,11.86,8,Bacteria,Pseudomonadota,Gammaproteobacteria,Enterobacterales,Alteromonadaceae,JABSOG01,0
M33,Barite_M33_B89,EMEEGMFL_462.region001,NRP,NRP generic,18.62,11,Bacteria,Pseudomonadota,Gammaproteobacteria,Enterobacterales,Alteromonadaceae,JABSOG01,0
M33,Barite_M33_B89,EMEEGMFL_469.region001,RiPP,RiPP-like,5.81,7,Bacteria,Pseudomonadota,Gammaproteobacteria,Enterobacterales,Alteromonadaceae,JABSOG01,0
M33,Barite_M33_B89,EMEEGMFL_46.region001,NRP,NRPS-like,10.95,3,Bacteria,Pseudomonadota,Gammaproteobacteria,Enterobacterales,Alteromonadaceae,JABSOG01,0
M33,Barite_M33_B89,EMEEGMFL_483.region001,RiPP,RiPP-like,10.53,11,Bacteria,Pseudomonadota,Gammaproteobacteria,Enterobacterales,Alteromonadaceae,JABSOG01,0
M33,Barite_M33_B89,EMEEGMFL_485.region001,NRP,NRP generic,2.78,1,Bacteria,Pseudomonadota,Gammaproteobacteria,Enterobacterales,Alteromonadaceae,JABSOG01,0
M33,Barite_M33_B89,EMEEGMFL_487.region001,Polyketide,transAT-PKS-like,5.69,1,Bacteria,Pseudomonadota,Gammaproteobacteria,Enterobacterales,Alteromonadaceae,JABSOG01,0
M33,Barite_M33_B89,EMEEGMFL_489.region001,NRP,NRP generic,7.24,1,Bacteria,Pseudomonadota,Gammaproteobacteria,Enterobacterales,Alteromonadaceae,JABSOG01,0
M33,Barite_M33_B89,EMEEGMFL_496.region001,Polyketide,transAT-PKS-like,6,6,Bacteria,Pseudomonadota,Gammaproteobacteria,Enterobacterales,Alteromonadaceae,JABSOG01,0
M33,Barite_M33_B89,EMEEGMFL_500.region001,Polyketide,transAT-PKS-like,3.56,1,Bacteria,Pseudomonadota,Gammaproteobacteria,Enterobacterales,Alteromonadaceae,JABSOG01,0
M33,Barite_M33_B89,EMEEGMFL_503.region001,NRP,NRP generic,12.13,2,Bacteria,Pseudomonadota,Gammaproteobacteria,Enterobacterales,Alteromonadaceae,JABSOG01,0
M33,Barite_M33_B89,EMEEGMFL_525.region001,Hybrid,hydrogen-cyanide:NRPS:transAT-PKS,65.21,28,Bacteria,Pseudomonadota,Gammaproteobacteria,Enterobacterales,Alteromonadaceae,JABSOG01,0
M33,Barite_M33_B89,EMEEGMFL_532.region001,NRP,NRP generic,2.55,1,Bacteria,Pseudomonadota,Gammaproteobacteria,Enterobacterales,Alteromonadaceae,JABSOG01,0
M33,Barite_M33_B89,EMEEGMFL_539.region001,NRP,NRP generic,7.52,1,Bacteria,Pseudomonadota,Gammaproteobacteria,Enterobacterales,Alteromonadaceae,JABSOG01,0
M33,Barite_M33_B89,EMEEGMFL_543.region001,Hybrid,NRPS:T1PKS,14.81,4,Bacteria,Pseudomonadota,Gammaproteobacteria,Enterobacterales,Alteromonadaceae,JABSOG01,0
M33,Barite_M33_B89,EMEEGMFL_547.region001,NRP,NRP generic,2.52,1,Bacteria,Pseudomonadota,Gammaproteobacteria,Enterobacterales,Alteromonadaceae,JABSOG01,0
M33,Barite_M33_B89,EMEEGMFL_551.region001,NRP,NRP generic,8.59,2,Bacteria,Pseudomonadota,Gammaproteobacteria,Enterobacterales,Alteromonadaceae,JABSOG01,0
M33,Barite_M33_B89,EMEEGMFL_557.region001,Hybrid,NRPS:T1PKS,14.5,3,Bacteria,Pseudomonadota,Gammaproteobacteria,Enterobacterales,Alteromonadaceae,JABSOG01,0
M33,Barite_M33_B89,EMEEGMFL_559.region001,NRP,NRP generic,29.39,7,Bacteria,Pseudomonadota,Gammaproteobacteria,Enterobacterales,Alteromonadaceae,JABSOG01,0
M33,Barite_M33_B89,EMEEGMFL_56.region001,NRP,NRP generic,4.04,1,Bacteria,Pseudomonadota,Gammaproteobacteria,Enterobacterales,Alteromonadaceae,JABSOG01,0
M33,Barite_M33_B89,EMEEGMFL_597.region001,NRP,NRP generic,2.5,1,Bacteria,Pseudomonadota,Gammaproteobacteria,Enterobacterales,Alteromonadaceae,JABSOG01,0
M33,Barite_M33_B89,EMEEGMFL_600.region001,Hybrid,NRPS-like:T1PKS,8.12,2,Bacteria,Pseudomonadota,Gammaproteobacteria,Enterobacterales,Alteromonadaceae,JABSOG01,0
M33,Barite_M33_B89,EMEEGMFL_614.region001,NRP,NRP generic,3.34,1,Bacteria,Pseudomonadota,Gammaproteobacteria,Enterobacterales,Alteromonadaceae,JABSOG01,0
M33,Barite_M33_B89,EMEEGMFL_617.region001,RiPP,RiPP-like,6.46,6,Bacteria,Pseudomonadota,Gammaproteobacteria,Enterobacterales,Alteromonadaceae,JABSOG01,0
M33,Barite_M33_B89,EMEEGMFL_618.region001,NRP,NRP generic,2.22,1,Bacteria,Pseudomonadota,Gammaproteobacteria,Enterobacterales,Alteromonadaceae,JABSOG01,0
M33,Barite_M33_B89,EMEEGMFL_634.region001,NRP,NRP generic,3.04,1,Bacteria,Pseudomonadota,Gammaproteobacteria,Enterobacterales,Alteromonadaceae,JABSOG01,0
M33,Barite_M33_B89,EMEEGMFL_635.region001,NRP,NRP generic,15.37,2,Bacteria,Pseudomonadota,Gammaproteobacteria,Enterobacterales,Alteromonadaceae,JABSOG01,0
M33,Barite_M33_B89,EMEEGMFL_637.region001,NRP,NRP generic,8.46,1,Bacteria,Pseudomonadota,Gammaproteobacteria,Enterobacterales,Alteromonadaceae,JABSOG01,0
M33,Barite_M33_B89,EMEEGMFL_639.region001,NRP,NRP generic,2.85,1,Bacteria,Pseudomonadota,Gammaproteobacteria,Enterobacterales,Alteromonadaceae,JABSOG01,0
M33,Barite_M33_B89,EMEEGMFL_647.region001,NRP,NRP generic,2.95,1,Bacteria,Pseudomonadota,Gammaproteobacteria,Enterobacterales,Alteromonadaceae,JABSOG01,0
M33,Barite_M33_B89,EMEEGMFL_660.region001,NRP,NRPS-like,2.33,1,Bacteria,Pseudomonadota,Gammaproteobacteria,Enterobacterales,Alteromonadaceae,JABSOG01,0
M33,Barite_M33_B89,EMEEGMFL_679.region001,NRP,NRP generic,3.71,1,Bacteria,Pseudomonadota,Gammaproteobacteria,Enterobacterales,Alteromonadaceae,JABSOG01,0
M33,Barite_M33_B89,EMEEGMFL_702.region001,Other,hserlactone,8.44,8,Bacteria,Pseudomonadota,Gammaproteobacteria,Enterobacterales,Alteromonadaceae,JABSOG01,0
M33,Barite_M33_B89,EMEEGMFL_706.region001,NRP,NRP generic,6.87,1,Bacteria,Pseudomonadota,Gammaproteobacteria,Enterobacterales,Alteromonadaceae,JABSOG01,0
M33,Barite_M33_B89,EMEEGMFL_71.region001,NRP,NRPS-like,6.31,4,Bacteria,Pseudomonadota,Gammaproteobacteria,Enterobacterales,Alteromonadaceae,JABSOG01,0
M33,Barite_M33_B89,EMEEGMFL_726.region001,Polyketide,transAT-PKS-like,4.38,1,Bacteria,Pseudomonadota,Gammaproteobacteria,Enterobacterales,Alteromonadaceae,JABSOG01,0
M33,Barite_M33_B89,EMEEGMFL_733.region001,NRP,NRP generic,4.72,2,Bacteria,Pseudomonadota,Gammaproteobacteria,Enterobacterales,Alteromonadaceae,JABSOG01,0
M33,Barite_M33_B89,EMEEGMFL_73.region001,NRP,NRP generic,6.92,1,Bacteria,Pseudomonadota,Gammaproteobacteria,Enterobacterales,Alteromonadaceae,JABSOG01,0
M33,Barite_M33_B89,EMEEGMFL_747.region001,NRP,NRP generic,16.87,8,Bacteria,Pseudomonadota,Gammaproteobacteria,Enterobacterales,Alteromonadaceae,JABSOG01,0
M33,Barite_M33_B89,EMEEGMFL_748.region001,NRP,NRPS-like,6.81,4,Bacteria,Pseudomonadota,Gammaproteobacteria,Enterobacterales,Alteromonadaceae,JABSOG01,0
M33,Barite_M33_B89,EMEEGMFL_760.region001,NRP,NRP generic,8.43,1,Bacteria,Pseudomonadota,Gammaproteobacteria,Enterobacterales,Alteromonadaceae,JABSOG01,0
M33,Barite_M33_B89,EMEEGMFL_763.region001,NRP,NRP generic,3.03,1,Bacteria,Pseudomonadota,Gammaproteobacteria,Enterobacterales,Alteromonadaceae,JABSOG01,0
M33,Barite_M33_B89,EMEEGMFL_766.region001,Polyketide,transAT-PKS-like,3.05,1,Bacteria,Pseudomonadota,Gammaproteobacteria,Enterobacterales,Alteromonadaceae,JABSOG01,0
M33,Barite_M33_B89,EMEEGMFL_767.region001,NRP,NRP generic,3.49,1,Bacteria,Pseudomonadota,Gammaproteobacteria,Enterobacterales,Alteromonadaceae,JABSOG01,0
M33,Barite_M33_B89,EMEEGMFL_778.region001,NRP,NRP generic,2.81,1,Bacteria,Pseudomonadota,Gammaproteobacteria,Enterobacterales,Alteromonadaceae,JABSOG01,0
M33,Barite_M33_B89,EMEEGMFL_786.region001,NRP,NRP generic,2.36,1,Bacteria,Pseudomonadota,Gammaproteobacteria,Enterobacterales,Alteromonadaceae,JABSOG01,0
M33,Barite_M33_B89,EMEEGMFL_793.region001,NRP,NRP generic,5.75,1,Bacteria,Pseudomonadota,Gammaproteobacteria,Enterobacterales,Alteromonadaceae,JABSOG01,0
M33,Barite_M33_B89,EMEEGMFL_801.region001,NRP,NRP generic,2.18,1,Bacteria,Pseudomonadota,Gammaproteobacteria,Enterobacterales,Alteromonadaceae,JABSOG01,0
M33,Barite_M33_B89,EMEEGMFL_802.region001,NRP,NRPS-like,2.2,1,Bacteria,Pseudomonadota,Gammaproteobacteria,Enterobacterales,Alteromonadaceae,JABSOG01,0
M33,Barite_M33_B89,EMEEGMFL_811.region001,NRP,NRP generic,5.37,3,Bacteria,Pseudomonadota,Gammaproteobacteria,Enterobacterales,Alteromonadaceae,JABSOG01,0
M33,Barite_M33_B89,EMEEGMFL_832.region001,Polyketide,T1PKS,7.49,1,Bacteria,Pseudomonadota,Gammaproteobacteria,Enterobacterales,Alteromonadaceae,JABSOG01,0
M33,Barite_M33_B89,EMEEGMFL_837.region001,Other,hserlactone,2.39,3,Bacteria,Pseudomonadota,Gammaproteobacteria,Enterobacterales,Alteromonadaceae,JABSOG01,0
M33,Barite_M33_B89,EMEEGMFL_842.region001,NRP,NRP generic,3.81,1,Bacteria,Pseudomonadota,Gammaproteobacteria,Enterobacterales,Alteromonadaceae,JABSOG01,0
M33,Barite_M33_B89,EMEEGMFL_854.region001,NRP,NRP generic,7.19,1,Bacteria,Pseudomonadota,Gammaproteobacteria,Enterobacterales,Alteromonadaceae,JABSOG01,0
M33,Barite_M33_B89,EMEEGMFL_85.region001,NRP,NRP generic,7.7,1,Bacteria,Pseudomonadota,Gammaproteobacteria,Enterobacterales,Alteromonadaceae,JABSOG01,0
M33,Barite_M33_B89,EMEEGMFL_863.region001,Polyketide,transAT-PKS-like,14.85,12,Bacteria,Pseudomonadota,Gammaproteobacteria,Enterobacterales,Alteromonadaceae,JABSOG01,0
M33,Barite_M33_B89,EMEEGMFL_866.region001,NRP,NRP generic,7.71,1,Bacteria,Pseudomonadota,Gammaproteobacteria,Enterobacterales,Alteromonadaceae,JABSOG01,0
M33,Barite_M33_B89,EMEEGMFL_874.region001,Polyketide,T1PKS,3.63,1,Bacteria,Pseudomonadota,Gammaproteobacteria,Enterobacterales,Alteromonadaceae,JABSOG01,0
M33,Barite_M33_B89,EMEEGMFL_880.region001,NRP,NRP generic,2.45,1,Bacteria,Pseudomonadota,Gammaproteobacteria,Enterobacterales,Alteromonadaceae,JABSOG01,0
M33,Barite_M33_B89,EMEEGMFL_885.region001,NRP,NRP generic,4.83,1,Bacteria,Pseudomonadota,Gammaproteobacteria,Enterobacterales,Alteromonadaceae,JABSOG01,0
M33,Barite_M33_B89,EMEEGMFL_888.region001,Hybrid,NRPS:NRP-metallophore,14.74,2,Bacteria,Pseudomonadota,Gammaproteobacteria,Enterobacterales,Alteromonadaceae,JABSOG01,0
M33,Barite_M33_B89,EMEEGMFL_889.region001,NRP,NRPS-like,5.59,3,Bacteria,Pseudomonadota,Gammaproteobacteria,Enterobacterales,Alteromonadaceae,JABSOG01,0
M33,Barite_M33_B89,EMEEGMFL_892.region001,NRP,NRP generic,5.72,1,Bacteria,Pseudomonadota,Gammaproteobacteria,Enterobacterales,Alteromonadaceae,JABSOG01,0
M33,Barite_M33_B89,EMEEGMFL_895.region001,Polyketide,T1PKS,7.36,2,Bacteria,Pseudomonadota,Gammaproteobacteria,Enterobacterales,Alteromonadaceae,JABSOG01,0
M33,Barite_M33_B89,EMEEGMFL_902.region001,Polyketide,PKS-like,9.54,8,Bacteria,Pseudomonadota,Gammaproteobacteria,Enterobacterales,Alteromonadaceae,JABSOG01,0
M33,Barite_M33_B89,EMEEGMFL_96.region001,NRP,NRP generic,9.93,1,Bacteria,Pseudomonadota,Gammaproteobacteria,Enterobacterales,Alteromonadaceae,JABSOG01,0
M33,Barite_M33_B89,EMEEGMFL_9.region001,Hybrid,PKS-like:T3PKS:transAT-PKS-like,11.97,5,Bacteria,Pseudomonadota,Gammaproteobacteria,Enterobacterales,Alteromonadaceae,JABSOG01,0
M33,Barite_M33_B9,PAALKJOE_147.region001,Terpene,Terpene generic,8.55,7,Bacteria,Desulfobacterota,Dissulfuribacteria,Dissulfuribacterales,UBA3076,UBA3076,0
M33,Barite_M33_B9,PAALKJOE_157.region001,RiPP,thiopeptide,8.06,5,Bacteria,Desulfobacterota,Dissulfuribacteria,Dissulfuribacterales,UBA3076,UBA3076,0
M33,Barite_M33_B9,PAALKJOE_33.region001,RiPP,RiPP-like,6.13,6,Bacteria,Desulfobacterota,Dissulfuribacteria,Dissulfuribacterales,UBA3076,UBA3076,0
M33,Barite_M33_B9,PAALKJOE_95.region001,RiPP,RiPP-like,4.45,5,Bacteria,Desulfobacterota,Dissulfuribacteria,Dissulfuribacterales,UBA3076,UBA3076,0
M33,Barite_M33_B90,MDJGNOFL_226.region001,Other,phosphonate,6.37,6,Bacteria,Bacteroidota,Bacteroidia,Cytophagales,Cyclobacteriaceae,0,0
M33,Barite_M33_B91,PHOFCPCN_65.region001,RiPP,thiopeptide,11.2,14,Archaea,Halobacteriota,Methanosarcinia,Methanosarcinales,Methanogasteraceae,Methanogaster_B,0
M33,Barite_M33_B92,MHCCMMMN_215.region001,Other,arylpolyene,8.22,9,Bacteria,Pseudomonadota,Gammaproteobacteria,Methylococcales,Methylomonadaceae,Methyloprofundus,0
M33,Barite_M33_B92,MHCCMMMN_217.region001,Other,betalactone,14.89,10,Bacteria,Pseudomonadota,Gammaproteobacteria,Methylococcales,Methylomonadaceae,Methyloprofundus,0
M33,Barite_M33_B92,MHCCMMMN_30.region001,NRP,NRPS-like,12.1,9,Bacteria,Pseudomonadota,Gammaproteobacteria,Methylococcales,Methylomonadaceae,Methyloprofundus,0
M33,Barite_M33_B92,MHCCMMMN_337.region001,NRP,NRPS-like,5.61,5,Bacteria,Pseudomonadota,Gammaproteobacteria,Methylococcales,Methylomonadaceae,Methyloprofundus,0
M33,Barite_M33_B92,MHCCMMMN_325.region001,Terpene,Terpene generic,11.17,8,Bacteria,Pseudomonadota,Gammaproteobacteria,Methylococcales,Methylomonadaceae,Methyloprofundus,0
M33,Barite_M33_B94,IEAPBGPM_228.region001,RiPP,RiPP-like,6.3,6,Bacteria,Pseudomonadota,Alphaproteobacteria,Caulobacterales,Maricaulaceae,Robiginitomaculum_A,0
M33,Barite_M33_B95,FMFMJIIM_130.region001,RiPP,RiPP-like,9.01,11,Bacteria,Pseudomonadota,Alphaproteobacteria,Micavibrionales,Micavibrionaceae,UBA1850,0
M33,Barite_M33_B95,FMFMJIIM_50.region001,Terpene,Terpene generic,2.15,5,Bacteria,Pseudomonadota,Alphaproteobacteria,Micavibrionales,Micavibrionaceae,UBA1850,0
M33,Barite_M33_B96,EGMJLMEO_151.region001,RiPP,RiPP-like,7.05,7,Bacteria,Pseudomonadota,Alphaproteobacteria,UBA2136,UBA2136,0,0
M33,Barite_M33_B97,FAPGKHBG_142.region001,NRP,NRP generic,7.31,1,Bacteria,Pseudomonadota,Gammaproteobacteria,Xanthomonadales,Marinicellaceae,NORP309,0
M33,Barite_M33_B97,FAPGKHBG_151.region001,NRP,NRP generic,2.71,2,Bacteria,Pseudomonadota,Gammaproteobacteria,Xanthomonadales,Marinicellaceae,NORP309,0
M33,Barite_M33_B97,FAPGKHBG_171.region001,NRP,NRP generic,6.94,2,Bacteria,Pseudomonadota,Gammaproteobacteria,Xanthomonadales,Marinicellaceae,NORP309,0
M33,Barite_M33_B97,FAPGKHBG_17.region001,NRP,NRP generic,9.19,1,Bacteria,Pseudomonadota,Gammaproteobacteria,Xanthomonadales,Marinicellaceae,NORP309,0
M33,Barite_M33_B97,FAPGKHBG_206.region001,NRP,NRP generic,2.82,1,Bacteria,Pseudomonadota,Gammaproteobacteria,Xanthomonadales,Marinicellaceae,NORP309,0
M33,Barite_M33_B97,FAPGKHBG_224.region001,Polyketide,transAT-PKS-like,5.97,1,Bacteria,Pseudomonadota,Gammaproteobacteria,Xanthomonadales,Marinicellaceae,NORP309,0
M33,Barite_M33_B97,FAPGKHBG_244.region001,Hybrid,NRPS:NRPS-like,23.02,3,Bacteria,Pseudomonadota,Gammaproteobacteria,Xanthomonadales,Marinicellaceae,NORP309,0
M33,Barite_M33_B97,FAPGKHBG_254.region001,NRP,NRPS-like,2.3,1,Bacteria,Pseudomonadota,Gammaproteobacteria,Xanthomonadales,Marinicellaceae,NORP309,0
M33,Barite_M33_B97,FAPGKHBG_276.region001,NRP,NRPS-like,2.25,1,Bacteria,Pseudomonadota,Gammaproteobacteria,Xanthomonadales,Marinicellaceae,NORP309,0
M33,Barite_M33_B97,FAPGKHBG_279.region001,RiPP,RRE-containing,10.55,9,Bacteria,Pseudomonadota,Gammaproteobacteria,Xanthomonadales,Marinicellaceae,NORP309,0
M33,Barite_M33_B97,FAPGKHBG_290.region001,NRP,NRPS-like,12.61,12,Bacteria,Pseudomonadota,Gammaproteobacteria,Xanthomonadales,Marinicellaceae,NORP309,0
M33,Barite_M33_B97,FAPGKHBG_358.region001,NRP,NRPS-like,2.23,1,Bacteria,Pseudomonadota,Gammaproteobacteria,Xanthomonadales,Marinicellaceae,NORP309,0
M33,Barite_M33_B97,FAPGKHBG_53.region001,NRP,NRP generic,24.17,3,Bacteria,Pseudomonadota,Gammaproteobacteria,Xanthomonadales,Marinicellaceae,NORP309,0
M33,Barite_M33_B97,FAPGKHBG_56.region001,Other,arylpolyene,30,31,Bacteria,Pseudomonadota,Gammaproteobacteria,Xanthomonadales,Marinicellaceae,NORP309,0
M33,Barite_M33_B97,FAPGKHBG_6.region001,RiPP,RiPP-like,7.63,6,Bacteria,Pseudomonadota,Gammaproteobacteria,Xanthomonadales,Marinicellaceae,NORP309,0
M33,Barite_M33_B97,FAPGKHBG_98.region001,NRP,NRP generic,5.37,2,Bacteria,Pseudomonadota,Gammaproteobacteria,Xanthomonadales,Marinicellaceae,NORP309,0
M33,Barite_M33_B98,MCONPLAK_150.region001,Terpene,Terpene generic,4.16,3,Bacteria,Pseudomonadota,Alphaproteobacteria,Rhizobiales,Devosiaceae,DROE01,0
M33,Barite_M33_B99,HIDEMPIF_156.region001,RiPP,RiPP-like,10.86,14,Bacteria,Pseudomonadota,Gammaproteobacteria,Chromatiales,Sedimenticolaceae,0,0
M33,Barite_M33_B99,HIDEMPIF_165.region001,NRP,NRP generic,8.36,3,Bacteria,Pseudomonadota,Gammaproteobacteria,Chromatiales,Sedimenticolaceae,0,0
M33,Barite_M33_B99,HIDEMPIF_32.region001,RiPP,ranthipeptide,10.19,11,Bacteria,Pseudomonadota,Gammaproteobacteria,Chromatiales,Sedimenticolaceae,0,0
M33,Barite_M33_B99,HIDEMPIF_39.region001,NRP,NRP generic,22.41,23,Bacteria,Pseudomonadota,Gammaproteobacteria,Chromatiales,Sedimenticolaceae,0,0
M33,Barite_M33_B99,HIDEMPIF_49.region001,RiPP,RiPP-like,8.48,12,Bacteria,Pseudomonadota,Gammaproteobacteria,Chromatiales,Sedimenticolaceae,0,0
M33,Barite_M33_B99,HIDEMPIF_53.region001,RiPP,RiPP-like,7.77,7,Bacteria,Pseudomonadota,Gammaproteobacteria,Chromatiales,Sedimenticolaceae,0,0
M33,Barite_M33_B99,HIDEMPIF_79.region001,Other,arylpolyene,6.15,5,Bacteria,Pseudomonadota,Gammaproteobacteria,Chromatiales,Sedimenticolaceae,0,0
M42,SevenSisters_M42_B1,ODHOBCAK_10.region001,Other,betalactone,27.5,24,Bacteria,Pseudomonadota,Alphaproteobacteria,Rhodobacterales,Rhodobacteraceae,WFPA01,0
M42,SevenSisters_M42_B10,HOAEJAAF_139.region001,Terpene,Terpene generic,20.86,14,Bacteria,Planctomycetota,Planctomycetia,Planctomycetales,Planctomycetaceae,0,0
M42,SevenSisters_M42_B10,HOAEJAAF_2.region001,Terpene,Terpene generic,16.35,14,Bacteria,Planctomycetota,Planctomycetia,Planctomycetales,Planctomycetaceae,0,0
M42,SevenSisters_M42_B10,HOAEJAAF_43.region001,RiPP,RiPP-like,10.95,9,Bacteria,Planctomycetota,Planctomycetia,Planctomycetales,Planctomycetaceae,0,0
M42,SevenSisters_M42_B10,HOAEJAAF_77.region001,Terpene,Terpene generic,22.01,16,Bacteria,Planctomycetota,Planctomycetia,Planctomycetales,Planctomycetaceae,0,0
M42,SevenSisters_M42_B10,HOAEJAAF_94.region001,RiPP,RiPP-like,7.25,9,Bacteria,Planctomycetota,Planctomycetia,Planctomycetales,Planctomycetaceae,0,0
M42,SevenSisters_M42_B100,GLCJNICL_31.region001,RiPP,RRE-containing,15.22,18,Bacteria,WOR-3,Hydrothermia,LBFQ01,DSFT01,0,0
M42,SevenSisters_M42_B100,GLCJNICL_33.region001,RiPP,RRE-containing,20.25,20,Bacteria,WOR-3,Hydrothermia,LBFQ01,DSFT01,0,0
M42,SevenSisters_M42_B101,GPJOILDC_240.region001,RiPP,RiPP-like,2.25,3,Bacteria,Bdellovibrionota_B,UBA2361,0,0,0,0
M42,SevenSisters_M42_B102,JDCFMPNP_167.region001,RiPP,RiPP-like,9.63,10,Bacteria,Aquificota,Aquificia,Aquificales,Hydrogenothermaceae,JALSSE01,0
M42,SevenSisters_M42_B102,JDCFMPNP_6.region001,RiPP,RiPP-like,4.83,7,Bacteria,Aquificota,Aquificia,Aquificales,Hydrogenothermaceae,JALSSE01,0
M42,SevenSisters_M42_B103,LJCEFEEB_135.region001,Other,hserlactone,15.66,15,Bacteria,Pseudomonadota,Alphaproteobacteria,Rhodobacterales,Rhodobacteraceae,WFPA01,0
M42,SevenSisters_M42_B105,LNHIFBOF_48.region001,RiPP,RiPP-like,4.19,3,Bacteria,Pseudomonadota,Gammaproteobacteria,Pseudomonadales,Oleiphilaceae,J085,0
M42,SevenSisters_M42_B106,CPJGHFDD_226.region001,NRP,NRPS-like,7.54,4,Bacteria,Pseudomonadota,Alphaproteobacteria,Geminicoccales,Geminicoccaceae,HRBIN39,0
M42,SevenSisters_M42_B106,CPJGHFDD_15.region001,RiPP,redox-cofactor,13.48,13,Bacteria,Pseudomonadota,Alphaproteobacteria,Geminicoccales,Geminicoccaceae,HRBIN39,0
M42,SevenSisters_M42_B107,PCIALCMD_120.region001,RiPP,RiPP-like,3.21,3,Bacteria,Actinomycetota,Acidimicrobiia,Acidimicrobiales,Poriferisodalaceae,DRKF01,0
M42,SevenSisters_M42_B107,PCIALCMD_143.region001,Other,betalactone,31.84,29,Bacteria,Actinomycetota,Acidimicrobiia,Acidimicrobiales,Poriferisodalaceae,DRKF01,0
M42,SevenSisters_M42_B107,PCIALCMD_6.region001,RiPP,RiPP-like,10.87,8,Bacteria,Actinomycetota,Acidimicrobiia,Acidimicrobiales,Poriferisodalaceae,DRKF01,0
M42,SevenSisters_M42_B109,HDAGIOGN_24.region001,NRP,NRPS-like,17.1,9,Bacteria,Planctomycetota,Planctomycetia,Pirellulales,S012-138,S012-138,S012-138 sp015488215
M42,SevenSisters_M42_B109,HDAGIOGN_324.region001,Terpene,Terpene generic,12.71,8,Bacteria,Planctomycetota,Planctomycetia,Pirellulales,S012-138,S012-138,S012-138 sp015488215
M42,SevenSisters_M42_B109,HDAGIOGN_43.region001,Polyketide,T3PKS,21.41,13,Bacteria,Planctomycetota,Planctomycetia,Pirellulales,S012-138,S012-138,S012-138 sp015488215
M42,SevenSisters_M42_B11,JOGPFKKE_56.region001,RiPP,RiPP-like,5.73,10,Bacteria,Pseudomonadota,Gammaproteobacteria,CAMYNG01,CAMYNG01,JALUTW01,0
M42,SevenSisters_M42_B11,JOGPFKKE_292.region001,RiPP,RiPP-like,6.22,8,Bacteria,Pseudomonadota,Gammaproteobacteria,CAMYNG01,CAMYNG01,JALUTW01,0
M42,SevenSisters_M42_B111,EEOPACND_236.region001,RiPP,RiPP-like,4.17,4,Bacteria,Desulfobacterota_I,Desulfovibrionia,Desulfovibrionales,Desulfothermaceae,0,0
M42,SevenSisters_M42_B111,EEOPACND_271.region001,Other,acyl_amino_acids,5.13,7,Bacteria,Desulfobacterota_I,Desulfovibrionia,Desulfovibrionales,Desulfothermaceae,0,0
M42,SevenSisters_M42_B113,LGAOIKBH_10.region001,Terpene,Terpene generic,13.42,9,Bacteria,Calditrichota,Calditrichia,RBG-13-44-9,J042,J042,0
M42,SevenSisters_M42_B115,EODKEMEO_106.region001,Other,hserlactone,12.89,13,Bacteria,Pseudomonadota,Alphaproteobacteria,Rhodobacterales,Rhodobacteraceae,JAAEUB01,0
M42,SevenSisters_M42_B115,EODKEMEO_10.region001,Terpene,Terpene generic,16.03,18,Bacteria,Pseudomonadota,Alphaproteobacteria,Rhodobacterales,Rhodobacteraceae,JAAEUB01,0
M42,SevenSisters_M42_B115,EODKEMEO_25.region001,Other,hserlactone,10.74,9,Bacteria,Pseudomonadota,Alphaproteobacteria,Rhodobacterales,Rhodobacteraceae,JAAEUB01,0
M42,SevenSisters_M42_B115,EODKEMEO_40.region001,Hybrid,NRPS-like:T1PKS,37.16,25,Bacteria,Pseudomonadota,Alphaproteobacteria,Rhodobacterales,Rhodobacteraceae,JAAEUB01,0
M42,SevenSisters_M42_B117,HGLNDEPC_36.region001,RiPP,RiPP-like,9.04,13,Bacteria,Bacteroidota,Bacteroidia,BPHE01,BPHE01,0,0
M42,SevenSisters_M42_B117,HGLNDEPC_99.region001,RiPP,RiPP-like,7.72,8,Bacteria,Bacteroidota,Bacteroidia,BPHE01,BPHE01,0,0
M42,SevenSisters_M42_B118,ABIMFLDF_20.region001,RiPP,RiPP-like,8.38,6,Bacteria,Bacillota,Clostridia,DSM-8532,0,0,0
M42,SevenSisters_M42_B118,ABIMFLDF_29.region001,Hybrid,betalactone:ranthipeptide,35.47,32,Bacteria,Bacillota,Clostridia,DSM-8532,0,0,0
M42,SevenSisters_M42_B118,ABIMFLDF_42.region001,RiPP,RiPP-like,7.22,10,Bacteria,Bacillota,Clostridia,DSM-8532,0,0,0
M42,SevenSisters_M42_B12,OIOLDIDN_111.region001,RiPP,RiPP-like,6.33,5,Bacteria,Pseudomonadota,Gammaproteobacteria,Thiomicrospirales,Thiomicrospiraceae,JALUXI01,0
M42,SevenSisters_M42_B12,OIOLDIDN_72.region001,RiPP,RiPP-like,6.94,6,Bacteria,Pseudomonadota,Gammaproteobacteria,Thiomicrospirales,Thiomicrospiraceae,JALUXI01,0
M42,SevenSisters_M42_B121,PJIGDKCP_3.region001,Terpene,Terpene generic,20.88,17,Bacteria,Bacteroidota,Bacteroidia,Cytophagales,Thermonemataceae,Thermonema,Thermonema rossianum
M42,SevenSisters_M42_B121,PJIGDKCP_3.region002,Terpene,Terpene generic,21.14,20,Bacteria,Bacteroidota,Bacteroidia,Cytophagales,Thermonemataceae,Thermonema,Thermonema rossianum
M42,SevenSisters_M42_B121,PJIGDKCP_7.region001,Polyketide,T3PKS,41.06,31,Bacteria,Bacteroidota,Bacteroidia,Cytophagales,Thermonemataceae,Thermonema,Thermonema rossianum
M42,SevenSisters_M42_B122,MJHGFBCG_113.region001,NRP,NRPS-like,33.48,21,Bacteria,Planctomycetota,Planctomycetia,Pirellulales,Pirellulaceae,JABAAE01,0
M42,SevenSisters_M42_B122,MJHGFBCG_115.region001,RiPP,RiPP-like,6.81,5,Bacteria,Planctomycetota,Planctomycetia,Pirellulales,Pirellulaceae,JABAAE01,0
M42,SevenSisters_M42_B122,MJHGFBCG_162.region001,Hybrid,hglE-KS:T1PKS,36.32,21,Bacteria,Planctomycetota,Planctomycetia,Pirellulales,Pirellulaceae,JABAAE01,0
M42,SevenSisters_M42_B122,MJHGFBCG_2.region001,Terpene,Terpene generic,21.87,14,Bacteria,Planctomycetota,Planctomycetia,Pirellulales,Pirellulaceae,JABAAE01,0
M42,SevenSisters_M42_B122,MJHGFBCG_92.region001,Terpene,Terpene generic,18.46,13,Bacteria,Planctomycetota,Planctomycetia,Pirellulales,Pirellulaceae,JABAAE01,0
M42,SevenSisters_M42_B124,NPJGJOCD_26.region001,Other,hserlactone,20.44,20,Bacteria,Bacteroidota,Bacteroidia,SpSt-205,0,0,0
M42,SevenSisters_M42_B124,NPJGJOCD_44.region001,Other,arylpolyene,38.88,37,Bacteria,Bacteroidota,Bacteroidia,SpSt-205,0,0,0
M42,SevenSisters_M42_B124,NPJGJOCD_85.region001,RiPP,RiPP-like,10.82,10,Bacteria,Bacteroidota,Bacteroidia,SpSt-205,0,0,0
M42,SevenSisters_M42_B126,DPMDJPGG_842.region001,Polyketide,T3PKS,4.98,4,Bacteria,Myxococcota,UBA796,UBA796,UBA2385,J125,0
M42,SevenSisters_M42_B127,BKICDEJC_119.region001,Hybrid,NRPS-like:betalactone,12.32,8,Bacteria,Pseudomonadota,Gammaproteobacteria,Methylococcales,Methylothermaceae,Methylohalobius,0
M42,SevenSisters_M42_B127,BKICDEJC_202.region001,RiPP,redox-cofactor,4.29,7,Bacteria,Pseudomonadota,Gammaproteobacteria,Methylococcales,Methylothermaceae,Methylohalobius,0
M42,SevenSisters_M42_B127,BKICDEJC_99.region001,Terpene,Terpene generic,20.16,16,Bacteria,Pseudomonadota,Gammaproteobacteria,Methylococcales,Methylothermaceae,Methylohalobius,0
M42,SevenSisters_M42_B129,LALGEODK_26.region001,RiPP,RiPP-like,10.85,10,Bacteria,Pseudomonadota,Gammaproteobacteria,Xanthomonadales,Marinicellaceae,S144-45,0
M42,SevenSisters_M42_B129,LALGEODK_29.region001,RiPP,RRE-containing,20.34,16,Bacteria,Pseudomonadota,Gammaproteobacteria,Xanthomonadales,Marinicellaceae,S144-45,0
M42,SevenSisters_M42_B129,LALGEODK_2.region001,RiPP,RiPP-like,11.78,10,Bacteria,Pseudomonadota,Gammaproteobacteria,Xanthomonadales,Marinicellaceae,S144-45,0
M42,SevenSisters_M42_B13,IPAJDFGG_124.region001,Polyketide,hglE-KS,2.34,1,Bacteria,Myxococcota,UBA796,UBA796,0,0,0
M42,SevenSisters_M42_B13,IPAJDFGG_137.region001,Other,arylpolyene,3.42,3,Bacteria,Myxococcota,UBA796,UBA796,0,0,0
M42,SevenSisters_M42_B13,IPAJDFGG_271.region001,Terpene,Terpene generic,4.83,7,Bacteria,Myxococcota,UBA796,UBA796,0,0,0
M42,SevenSisters_M42_B13,IPAJDFGG_68.region001,Other,nucleoside,3.32,3,Bacteria,Myxococcota,UBA796,UBA796,0,0,0
M42,SevenSisters_M42_B130,EAOJADEF_119.region001,RiPP,RRE-containing,12.15,12,Bacteria,Actinomycetota,Acidimicrobiia,UBA5794,ZC4RG35,S012-128,0
M42,SevenSisters_M42_B130,EAOJADEF_38.region001,NRP,NRP generic,37.98,26,Bacteria,Actinomycetota,Acidimicrobiia,UBA5794,ZC4RG35,S012-128,0
M42,SevenSisters_M42_B131,ICNPFIPB_19.region001,Other,betalactone,24.66,25,Bacteria,Campylobacterota,Campylobacteria,Campylobacterales,Sulfurovaceae,Sulfurovum,0
M42,SevenSisters_M42_B133,FHADDJBD_34.region001,Other,betalactone,20.83,20,Bacteria,Aquificota,Aquificia,Aquificales,Hydrogenothermaceae,QNZC01,0
M42,SevenSisters_M42_B133,FHADDJBD_49.region001,RiPP,RRE-containing,4.36,3,Bacteria,Aquificota,Aquificia,Aquificales,Hydrogenothermaceae,QNZC01,0
M42,SevenSisters_M42_B135,JDCEJJMN_122.region001,Other,arylpolyene,6.23,5,Bacteria,Myxococcota,Polyangia,Nannocystales,Nannocystaceae,0,0
M42,SevenSisters_M42_B135,JDCEJJMN_242.region001,RiPP,RiPP-like,7.17,9,Bacteria,Myxococcota,Polyangia,Nannocystales,Nannocystaceae,0,0
M42,SevenSisters_M42_B135,JDCEJJMN_311.region001,Polyketide,T3PKS,4.6,6,Bacteria,Myxococcota,Polyangia,Nannocystales,Nannocystaceae,0,0
M42,SevenSisters_M42_B135,JDCEJJMN_359.region001,RiPP,RiPP-like,11.11,7,Bacteria,Myxococcota,Polyangia,Nannocystales,Nannocystaceae,0,0
M42,SevenSisters_M42_B135,JDCEJJMN_360.region001,Terpene,Terpene generic,12.31,13,Bacteria,Myxococcota,Polyangia,Nannocystales,Nannocystaceae,0,0
M42,SevenSisters_M42_B135,JDCEJJMN_228.region001,RiPP,RiPP-like,8.07,5,Bacteria,Myxococcota,Polyangia,Nannocystales,Nannocystaceae,0,0
M42,SevenSisters_M42_B135,JDCEJJMN_46.region001,Other,arylpolyene,24.97,27,Bacteria,Myxococcota,Polyangia,Nannocystales,Nannocystaceae,0,0
M42,SevenSisters_M42_B135,JDCEJJMN_259.region001,Terpene,Terpene generic,19.48,19,Bacteria,Myxococcota,Polyangia,Nannocystales,Nannocystaceae,0,0
M42,SevenSisters_M42_B136,EJHIJDLC_104.region001,Other,phosphonate,6.98,4,Bacteria,Nitrospirota,Nitrospiria,Nitrospirales,UBA8639,J017,0
M42,SevenSisters_M42_B136,EJHIJDLC_117.region001,NRP,NRPS-like,31.63,26,Bacteria,Nitrospirota,Nitrospiria,Nitrospirales,UBA8639,J017,0
M42,SevenSisters_M42_B136,EJHIJDLC_16.region001,Terpene,Terpene generic,17.38,18,Bacteria,Nitrospirota,Nitrospiria,Nitrospirales,UBA8639,J017,0
M42,SevenSisters_M42_B136,EJHIJDLC_4.region001,Terpene,Terpene generic,22.01,17,Bacteria,Nitrospirota,Nitrospiria,Nitrospirales,UBA8639,J017,0
M42,SevenSisters_M42_B136,EJHIJDLC_56.region001,RiPP,RiPP-like,6.3,5,Bacteria,Nitrospirota,Nitrospiria,Nitrospirales,UBA8639,J017,0
M42,SevenSisters_M42_B136,EJHIJDLC_61.region001,Terpene,Terpene generic,21.04,24,Bacteria,Nitrospirota,Nitrospiria,Nitrospirales,UBA8639,J017,0
M42,SevenSisters_M42_B137,NJIBNJNB_112.region001,RiPP,lanthipeptide,12.4,5,Bacteria,CSSED10-310,JACPHN01,JACPHN01,0,0,0
M42,SevenSisters_M42_B137,NJIBNJNB_191.region001,Other,nucleoside,19.68,14,Bacteria,CSSED10-310,JACPHN01,JACPHN01,0,0,0
M42,SevenSisters_M42_B137,NJIBNJNB_36.region001,RiPP,proteusin,20.32,23,Bacteria,CSSED10-310,JACPHN01,JACPHN01,0,0,0
M42,SevenSisters_M42_B137,NJIBNJNB_3.region001,RiPP,RRE-containing,20.28,21,Bacteria,CSSED10-310,JACPHN01,JACPHN01,0,0,0
M42,SevenSisters_M42_B137,NJIBNJNB_85.region001,RiPP,RiPP-like,10.91,9,Bacteria,CSSED10-310,JACPHN01,JACPHN01,0,0,0
M42,SevenSisters_M42_B137,NJIBNJNB_91.region001,Terpene,Terpene generic,13.16,14,Bacteria,CSSED10-310,JACPHN01,JACPHN01,0,0,0
M42,SevenSisters_M42_B14,HKJMHKLB_15.region001,Other,phosphonate,11.13,7,Bacteria,Chloroflexota,Anaerolineae,Ardenticatenales,Ardenticatenaceae,WFWG01,0
M42,SevenSisters_M42_B14,HKJMHKLB_18.region001,RiPP,RRE-containing,20.3,14,Bacteria,Chloroflexota,Anaerolineae,Ardenticatenales,Ardenticatenaceae,WFWG01,0
M42,SevenSisters_M42_B140,AHMCFDPC_14.region001,RiPP,RiPP-like,10.84,8,Bacteria,Planctomycetota,Planctomycetia,Gemmatales,0,0,0
M42,SevenSisters_M42_B140,AHMCFDPC_33.region001,Terpene,Terpene generic,20.86,15,Bacteria,Planctomycetota,Planctomycetia,Gemmatales,0,0,0
M42,SevenSisters_M42_B140,AHMCFDPC_48.region001,Terpene,Terpene generic,39.1,30,Bacteria,Planctomycetota,Planctomycetia,Gemmatales,0,0,0
M42,SevenSisters_M42_B140,AHMCFDPC_8.region001,Terpene,Terpene generic,21.07,17,Bacteria,Planctomycetota,Planctomycetia,Gemmatales,0,0,0
M42,SevenSisters_M42_B142,NLIOJFFK_22.region001,RiPP,lanthipeptide,4.18,2,Bacteria,Patescibacteriota,Dojkabacteria,B142,JAFGMG01,0,0
M42,SevenSisters_M42_B144,LLAKNECE_227.region001,Terpene,Terpene generic,7.07,6,Bacteria,Pseudomonadota,Alphaproteobacteria,Sphingomonadales,Rhodothalassiaceae,J084,0
M42,SevenSisters_M42_B147,FLBMGKCD_195.region001,Other,ectoine,10.44,17,Bacteria,Pseudomonadota,Alphaproteobacteria,Rhodobacterales,Rhodobacteraceae,Roseovarius,0
M42,SevenSisters_M42_B147,FLBMGKCD_43.region001,RiPP,RiPP-like,10.86,12,Bacteria,Pseudomonadota,Alphaproteobacteria,Rhodobacterales,Rhodobacteraceae,Roseovarius,0
M42,SevenSisters_M42_B147,FLBMGKCD_85.region001,Other,hydrogen-cyanide,12.79,10,Bacteria,Pseudomonadota,Alphaproteobacteria,Rhodobacterales,Rhodobacteraceae,Roseovarius,0
M42,SevenSisters_M42_B147,FLBMGKCD_95.region001,Other,betalactone,24,19,Bacteria,Pseudomonadota,Alphaproteobacteria,Rhodobacterales,Rhodobacteraceae,Roseovarius,0
M42,SevenSisters_M42_B148,OCHGGCAE_199.region001,RiPP,RiPP-like,2.28,3,Bacteria,Pseudomonadota,Gammaproteobacteria,SZUA-229,SZUA-229,S139-92,0
M42,SevenSisters_M42_B149,CEKJHABI_6.region001,Terpene,Terpene generic,21.82,21,Bacteria,Pseudomonadota,Gammaproteobacteria,SZUA-140,SZUA-140,0,0
M42,SevenSisters_M42_B15,MBKHLEHK_22.region001,NRP,NRPS-like,21.62,15,Bacteria,Bacteroidota,Bacteroidia,Chitinophagales,Saprospiraceae,WFYJ01,0
M42,SevenSisters_M42_B15,MBKHLEHK_37.region001,RiPP,RRE-containing,19.16,17,Bacteria,Bacteroidota,Bacteroidia,Chitinophagales,Saprospiraceae,WFYJ01,0
M42,SevenSisters_M42_B150,AOJKHCPH_112.region001,RiPP,RiPP-like,4.6,4,Bacteria,Desulfobacterota_I,Desulfovibrionia,Desulfovibrionales,Desulfothermaceae,Desulfothermus,0
M42,SevenSisters_M42_B150,AOJKHCPH_87.region001,Other,betalactone,20.24,15,Bacteria,Desulfobacterota_I,Desulfovibrionia,Desulfovibrionales,Desulfothermaceae,Desulfothermus,0
M42,SevenSisters_M42_B150,AOJKHCPH_95.region001,Other,betalactone,17.2,13,Bacteria,Desulfobacterota_I,Desulfovibrionia,Desulfovibrionales,Desulfothermaceae,Desulfothermus,0
M42,SevenSisters_M42_B151,BKCHFLNA_120.region001,Polyketide,T3PKS,32.42,35,Bacteria,Pseudomonadota,Alphaproteobacteria,Geminicoccales,Geminicoccaceae,HRBIN40,0
M42,SevenSisters_M42_B151,BKCHFLNA_65.region001,RiPP,RiPP-like,11.29,9,Bacteria,Pseudomonadota,Alphaproteobacteria,Geminicoccales,Geminicoccaceae,HRBIN40,0
M42,SevenSisters_M42_B154,HGFDKNKO_238.region001,RiPP,RiPP-like,9.42,11,Bacteria,Campylobacterota,Campylobacteria,Campylobacterales,Sulfurovaceae,Sulfurovum,0
M42,SevenSisters_M42_B154,HGFDKNKO_211.region001,RiPP,RRE-containing,12.42,17,Bacteria,Campylobacterota,Campylobacteria,Campylobacterales,Sulfurovaceae,Sulfurovum,0
M42,SevenSisters_M42_B155,OFGAFGID_20.region001,Other,betalactone,19.02,18,Bacteria,Chloroflexota,Anaerolineae,Caldilineales,Caldilineaceae,JALSIX01,0
M42,SevenSisters_M42_B158,KNEBPPEI_12.region001,Other,arylpolyene,15.18,16,Bacteria,Pseudomonadota,Gammaproteobacteria,Methylococcales,Methylothermaceae,Methylohalobius,0
M42,SevenSisters_M42_B158,KNEBPPEI_16.region001,Other,arylpolyene,21.18,23,Bacteria,Pseudomonadota,Gammaproteobacteria,Methylococcales,Methylothermaceae,Methylohalobius,0
M42,SevenSisters_M42_B158,KNEBPPEI_30.region001,Other,hserlactone,10.96,8,Bacteria,Pseudomonadota,Gammaproteobacteria,Methylococcales,Methylothermaceae,Methylohalobius,0
M42,SevenSisters_M42_B158,KNEBPPEI_36.region001,Hybrid,RiPP-redox-cofactor:RiPP-like,25.25,29,Bacteria,Pseudomonadota,Gammaproteobacteria,Methylococcales,Methylothermaceae,Methylohalobius,0
M42,SevenSisters_M42_B158,KNEBPPEI_58.region001,Other,hserlactone,20.73,17,Bacteria,Pseudomonadota,Gammaproteobacteria,Methylococcales,Methylothermaceae,Methylohalobius,0
M42,SevenSisters_M42_B158,KNEBPPEI_6.region001,Hybrid,NRPS-like:betalactone,32.07,31,Bacteria,Pseudomonadota,Gammaproteobacteria,Methylococcales,Methylothermaceae,Methylohalobius,0
M42,SevenSisters_M42_B158,KNEBPPEI_94.region001,Terpene,Terpene generic,21.09,18,Bacteria,Pseudomonadota,Gammaproteobacteria,Methylococcales,Methylothermaceae,Methylohalobius,0
M42,SevenSisters_M42_B16,NDAKIHEB_38.region001,Terpene,Terpene generic,21.71,18,Bacteria,Pseudomonadota,Zetaproteobacteria,Mariprofundales,S012-25,0,0
M42,SevenSisters_M42_B16,NDAKIHEB_45.region001,RiPP,ranthipeptide,16.48,18,Bacteria,Pseudomonadota,Zetaproteobacteria,Mariprofundales,S012-25,0,0
M42,SevenSisters_M42_B18,NCIDAJAO_68.region001,Hybrid,NRPS-like:T3PKS,10.47,8,Bacteria,Spirochaetota,Leptospiria,Leptospirales,Leptonemataceae,JAGRNA01,0
M42,SevenSisters_M42_B2,GGCFKADC_572.region001,RiPP,RRE-containing,11.77,7,Bacteria,Chloroflexota,Anaerolineae,Promineifilales,Promineifilaceae,JAJRTP01,0
M42,SevenSisters_M42_B21,KBDOEEDL_24.region001,RiPP,RRE-containing,18.52,20,Bacteria,Bacteroidota,Bacteroidia,Chitinophagales,S012-47,S012-47,0
M42,SevenSisters_M42_B22,OPOFEMDE_355.region001,Polyketide,T3PKS,4.12,4,Bacteria,Planctomycetota,UBA1135,UBA2386,UBA2386,0,0
M42,SevenSisters_M42_B22,OPOFEMDE_73.region001,RiPP,RiPP-like,6.48,5,Bacteria,Planctomycetota,UBA1135,UBA2386,UBA2386,0,0
M42,SevenSisters_M42_B22,OPOFEMDE_91.region001,Terpene,Terpene generic,7.68,7,Bacteria,Planctomycetota,UBA1135,UBA2386,UBA2386,0,0
M42,SevenSisters_M42_B23,MNBFNNBD_50.region001,RiPP,RiPP-like,5.57,5,Bacteria,Pseudomonadota,Gammaproteobacteria,UWMA-0217,UWMA-0217,JALSHZ01,0
M42,SevenSisters_M42_B23,MNBFNNBD_10.region001,RiPP,RiPP-like,6.61,8,Bacteria,Pseudomonadota,Gammaproteobacteria,UWMA-0217,UWMA-0217,JALSHZ01,0
M42,SevenSisters_M42_B24,AMHNPNDE_234.region001,RiPP,RRE-containing,4.16,5,Bacteria,Pseudomonadota,Alphaproteobacteria,JAAXGF01,JAAXGF01,0,0
M42,SevenSisters_M42_B24,AMHNPNDE_269.region001,Terpene,Terpene generic,5.32,5,Bacteria,Pseudomonadota,Alphaproteobacteria,JAAXGF01,JAAXGF01,0,0
M42,SevenSisters_M42_B24,AMHNPNDE_480.region001,RiPP,RiPP-like,5.95,8,Bacteria,Pseudomonadota,Alphaproteobacteria,JAAXGF01,JAAXGF01,0,0
M42,SevenSisters_M42_B25,KKKAIPPD_1.region001,RiPP,RRE-containing,20.24,18,Bacteria,Campylobacterota,Campylobacteria,Campylobacterales,Nitratiruptoraceae,Nitratiruptor,0
M42,SevenSisters_M42_B25,KKKAIPPD_1.region002,Other,hserlactone,20.61,22,Bacteria,Campylobacterota,Campylobacteria,Campylobacterales,Nitratiruptoraceae,Nitratiruptor,0
M42,SevenSisters_M42_B27,DPDGKLOA_108.region001,RiPP,redox-cofactor,13.25,14,Bacteria,Pseudomonadota,Gammaproteobacteria,JADZEE01,JADZEE01,0,0
M42,SevenSisters_M42_B27,DPDGKLOA_190.region001,RiPP,RiPP-like,5.23,7,Bacteria,Pseudomonadota,Gammaproteobacteria,JADZEE01,JADZEE01,0,0
M42,SevenSisters_M42_B27,DPDGKLOA_195.region001,RiPP,RiPP-like,10.83,10,Bacteria,Pseudomonadota,Gammaproteobacteria,JADZEE01,JADZEE01,0,0
M42,SevenSisters_M42_B27,DPDGKLOA_336.region001,Terpene,Terpene generic,13.62,13,Bacteria,Pseudomonadota,Gammaproteobacteria,JADZEE01,JADZEE01,0,0
M42,SevenSisters_M42_B27,DPDGKLOA_74.region001,Other,phosphonate,16.24,16,Bacteria,Pseudomonadota,Gammaproteobacteria,JADZEE01,JADZEE01,0,0
M42,SevenSisters_M42_B28,LPLOOJEN_1.region001,Terpene,Terpene generic,23,20,Bacteria,Pseudomonadota,Gammaproteobacteria,Methylococcales,Methylothermaceae,0,0
M42,SevenSisters_M42_B28,LPLOOJEN_25.region001,RiPP,redox-cofactor,22.26,21,Bacteria,Pseudomonadota,Gammaproteobacteria,Methylococcales,Methylothermaceae,0,0
M42,SevenSisters_M42_B29,DACCBOJD_203.region001,NRP,NRPS-like,18.37,16,Bacteria,Pseudomonadota,Gammaproteobacteria,GCA-001735895,GCA-001735895,JACNJF01,0
M42,SevenSisters_M42_B29,DACCBOJD_236.region001,RiPP,RiPP-like,9.86,8,Bacteria,Pseudomonadota,Gammaproteobacteria,GCA-001735895,GCA-001735895,JACNJF01,0
M42,SevenSisters_M42_B29,DACCBOJD_220.region001,Other,betalactone,22.77,17,Bacteria,Pseudomonadota,Gammaproteobacteria,GCA-001735895,GCA-001735895,JACNJF01,0
M42,SevenSisters_M42_B29,DACCBOJD_1.region001,RiPP,RiPP-like,10.85,14,Bacteria,Pseudomonadota,Gammaproteobacteria,GCA-001735895,GCA-001735895,JACNJF01,0
M42,SevenSisters_M42_B3,FAHBNHCL_89.region001,Hybrid,NRPS:T1PKS,26.89,8,Bacteria,Bacteroidota,Bacteroidia,Chitinophagales,Saprospiraceae,UBA6168,0
M42,SevenSisters_M42_B3,FAHBNHCL_112.region001,RiPP,RRE-containing,20.25,13,Bacteria,Bacteroidota,Bacteroidia,Chitinophagales,Saprospiraceae,UBA6168,0
M42,SevenSisters_M42_B30,JMJOGIFC_119.region001,RiPP,RiPP-like,2.35,2,Bacteria,Pseudomonadota,Alphaproteobacteria,G023898725,0,0,0
M42,SevenSisters_M42_B31,DFFILGDO_126.region001,RiPP,RiPP-like,12.04,11,Bacteria,Chloroflexota,Anaerolineae,J102,J102,JAADII01,0
M42,SevenSisters_M42_B31,DFFILGDO_137.region001,RiPP,RRE-containing,20.28,21,Bacteria,Chloroflexota,Anaerolineae,J102,J102,JAADII01,0
M42,SevenSisters_M42_B31,DFFILGDO_184.region001,Other,hydrogen-cyanide,14.32,12,Bacteria,Chloroflexota,Anaerolineae,J102,J102,JAADII01,0
M42,SevenSisters_M42_B31,DFFILGDO_29.region001,RiPP,ranthipeptide,8.64,7,Bacteria,Chloroflexota,Anaerolineae,J102,J102,JAADII01,0
M42,SevenSisters_M42_B31,DFFILGDO_67.region001,Saccharide,oligosaccharide,26.93,23,Bacteria,Chloroflexota,Anaerolineae,J102,J102,JAADII01,0
M42,SevenSisters_M42_B33,ICCICIKL_125.region001,Hybrid,lassopeptide:RRE-containing,22.78,19,Bacteria,Bacteroidota_A,Rhodothermia,Rhodothermales,ISCAR-4553,Rhodocaloribacter,Rhodocaloribacter sp026984335
M42,SevenSisters_M42_B33,ICCICIKL_13.region001,NRP,NRP generic,26.1,20,Bacteria,Bacteroidota_A,Rhodothermia,Rhodothermales,ISCAR-4553,Rhodocaloribacter,Rhodocaloribacter sp026984335
M42,SevenSisters_M42_B33,ICCICIKL_29.region001,Hybrid,NRPS:T1PKS,44.08,28,Bacteria,Bacteroidota_A,Rhodothermia,Rhodothermales,ISCAR-4553,Rhodocaloribacter,Rhodocaloribacter sp026984335
M42,SevenSisters_M42_B33,ICCICIKL_36.region001,RiPP,RRE-containing,17.48,13,Bacteria,Bacteroidota_A,Rhodothermia,Rhodothermales,ISCAR-4553,Rhodocaloribacter,Rhodocaloribacter sp026984335
M42,SevenSisters_M42_B33,ICCICIKL_49.region001,Polyketide,T3PKS,33.31,24,Bacteria,Bacteroidota_A,Rhodothermia,Rhodothermales,ISCAR-4553,Rhodocaloribacter,Rhodocaloribacter sp026984335
M42,SevenSisters_M42_B33,ICCICIKL_53.region001,Terpene,Terpene generic,20.83,17,Bacteria,Bacteroidota_A,Rhodothermia,Rhodothermales,ISCAR-4553,Rhodocaloribacter,Rhodocaloribacter sp026984335
M42,SevenSisters_M42_B33,ICCICIKL_89.region001,RiPP,RRE-containing,10.99,10,Bacteria,Bacteroidota_A,Rhodothermia,Rhodothermales,ISCAR-4553,Rhodocaloribacter,Rhodocaloribacter sp026984335
M42,SevenSisters_M42_B34,HNGGJNHJ_117.region001,NRP,NRP generic,14.38,8,Bacteria,Chloroflexota,Anaerolineae,Caldilineales,Caldilineaceae,S144-5,0
M42,SevenSisters_M42_B34,HNGGJNHJ_264.region001,Other,phosphonate,12.02,10,Bacteria,Chloroflexota,Anaerolineae,Caldilineales,Caldilineaceae,S144-5,0
M42,SevenSisters_M42_B34,HNGGJNHJ_55.region001,Other,nucleoside,11.6,11,Bacteria,Chloroflexota,Anaerolineae,Caldilineales,Caldilineaceae,S144-5,0
M42,SevenSisters_M42_B34,HNGGJNHJ_60.region001,Hybrid,NRPS:T1PKS,12.87,3,Bacteria,Chloroflexota,Anaerolineae,Caldilineales,Caldilineaceae,S144-5,0
M42,SevenSisters_M42_B35,EMAMBBOE_57.region001,NRP,NRPS-like,11.77,10,Bacteria,Aquificota,Aquificia,Aquificales,Hydrogenothermaceae,Hydrogenothermus,0
M42,SevenSisters_M42_B35,EMAMBBOE_70.region001,RiPP,RiPP-like,10.84,9,Bacteria,Aquificota,Aquificia,Aquificales,Hydrogenothermaceae,Hydrogenothermus,0
M42,SevenSisters_M42_B36,HJPDBBGG_175.region001,Other,betalactone,25.87,26,Bacteria,Hinthialibacterota,Hinthialibacteria,OLB16,OLB16,0,0
M42,SevenSisters_M42_B36,HJPDBBGG_67.region001,Terpene,Terpene generic,20.53,13,Bacteria,Hinthialibacterota,Hinthialibacteria,OLB16,OLB16,0,0
M42,SevenSisters_M42_B38,PLADLNHJ_299.region001,RiPP,RRE-containing,4.64,5,Bacteria,Pseudomonadota,Gammaproteobacteria,Methylococcales,Methylomonadaceae,Methylomarinum,0
M42,SevenSisters_M42_B38,PLADLNHJ_88.region001,Terpene,Terpene generic,5.62,4,Bacteria,Pseudomonadota,Gammaproteobacteria,Methylococcales,Methylomonadaceae,Methylomarinum,0
M42,SevenSisters_M42_B4,CIJEKMCO_19.region001,Terpene,Terpene generic,8.01,7,Bacteria,Myxococcota,UBA796,UBA796,GCA-2862545,0,0
M42,SevenSisters_M42_B4,CIJEKMCO_269.region001,Polyketide,T1PKS,11.89,12,Bacteria,Myxococcota,UBA796,UBA796,GCA-2862545,0,0
M42,SevenSisters_M42_B4,CIJEKMCO_275.region001,NRP,NRPS-like,13.58,11,Bacteria,Myxococcota,UBA796,UBA796,GCA-2862545,0,0
M42,SevenSisters_M42_B4,CIJEKMCO_303.region001,Polyketide,T1PKS,14.12,9,Bacteria,Myxococcota,UBA796,UBA796,GCA-2862545,0,0
M42,SevenSisters_M42_B40,EPJKCBBA_115.region001,RiPP,RRE-containing,8.15,6,Bacteria,Myxococcota,UBA9042,JABWCM01,0,0,0
M42,SevenSisters_M42_B40,EPJKCBBA_221.region001,Other,nucleoside,5.67,4,Bacteria,Myxococcota,UBA9042,JABWCM01,0,0,0
M42,SevenSisters_M42_B40,EPJKCBBA_492.region001,Terpene,Terpene generic,10.9,7,Bacteria,Myxococcota,UBA9042,JABWCM01,0,0,0
M42,SevenSisters_M42_B41,IADMOHIP_132.region001,Other,hserlactone,3.95,3,Bacteria,Pseudomonadota,Alphaproteobacteria,Rhodobacterales,Rhodobacteraceae,JASMHC01,0
M42,SevenSisters_M42_B41,IADMOHIP_208.region001,Other,hserlactone,2.12,3,Bacteria,Pseudomonadota,Alphaproteobacteria,Rhodobacterales,Rhodobacteraceae,JASMHC01,0
M42,SevenSisters_M42_B41,IADMOHIP_357.region001,NRP,NRPS-like,4.62,3,Bacteria,Pseudomonadota,Alphaproteobacteria,Rhodobacterales,Rhodobacteraceae,JASMHC01,0
M42,SevenSisters_M42_B41,IADMOHIP_55.region001,RiPP,RiPP-like,2.71,4,Bacteria,Pseudomonadota,Alphaproteobacteria,Rhodobacterales,Rhodobacteraceae,JASMHC01,0
M42,SevenSisters_M42_B42,AJLIFLFF_37.region001,Terpene,Terpene generic,6.87,7,Bacteria,Pseudomonadota,Gammaproteobacteria,J048,J048,0,0
M42,SevenSisters_M42_B42,AJLIFLFF_92.region001,RiPP,RiPP-like,6.95,8,Bacteria,Pseudomonadota,Gammaproteobacteria,J048,J048,0,0
M42,SevenSisters_M42_B43,LOKFDGEJ_103.region001,RiPP,redox-cofactor,9.57,12,Bacteria,Pseudomonadota,Gammaproteobacteria,Nitrosococcales,Methylophagaceae,GCA-002733105,0
M42,SevenSisters_M42_B43,LOKFDGEJ_97.region001,Terpene,Terpene generic,10.44,12,Bacteria,Pseudomonadota,Gammaproteobacteria,Nitrosococcales,Methylophagaceae,GCA-002733105,0
M42,SevenSisters_M42_B43,LOKFDGEJ_76.region001,RiPP,RiPP-like,9.52,10,Bacteria,Pseudomonadota,Gammaproteobacteria,Nitrosococcales,Methylophagaceae,GCA-002733105,0
M42,SevenSisters_M42_B43,LOKFDGEJ_121.region001,Terpene,Terpene generic,19.23,23,Bacteria,Pseudomonadota,Gammaproteobacteria,Nitrosococcales,Methylophagaceae,GCA-002733105,0
M42,SevenSisters_M42_B44,DINCPFGH_11.region001,NRP,NRPS-like,30.63,32,Bacteria,Aquificota,Aquificia,Aquificales,Hydrogenothermaceae,JAADDZ01,0
M42,SevenSisters_M42_B44,DINCPFGH_62.region001,RiPP,RiPP-like,7.62,7,Bacteria,Aquificota,Aquificia,Aquificales,Hydrogenothermaceae,JAADDZ01,0
M42,SevenSisters_M42_B44,DINCPFGH_84.region001,RiPP,RiPP-like,10.84,10,Bacteria,Aquificota,Aquificia,Aquificales,Hydrogenothermaceae,JAADDZ01,0
M42,SevenSisters_M42_B45,CGIEBIGP_281.region001,Other,nucleoside,6.72,4,Bacteria,Chloroflexota,Anaerolineae,Anaerolineales,DRMV01,DRMV01,0
M42,SevenSisters_M42_B46,EOJFHDCA_566.region001,RiPP,RRE-containing,3.05,3,Bacteria,Acidobacteriota,Thermoanaerobaculia,Thermoanaerobaculales,Sulfomarinibacteraceae,0,0
M42,SevenSisters_M42_B46,EOJFHDCA_93.region001,RiPP,RRE-containing,3.21,3,Bacteria,Acidobacteriota,Thermoanaerobaculia,Thermoanaerobaculales,Sulfomarinibacteraceae,0,0
M42,SevenSisters_M42_B46,EOJFHDCA_197.region001,RiPP,RiPP-like,4.03,6,Bacteria,Acidobacteriota,Thermoanaerobaculia,Thermoanaerobaculales,Sulfomarinibacteraceae,0,0
M42,SevenSisters_M42_B49,AALDIBPL_129.region001,Other,acyl_amino_acids,6.14,7,Bacteria,Planctomycetota,Planctomycetia,Pirellulales,Pirellulaceae,0,0
M42,SevenSisters_M42_B49,AALDIBPL_169.region001,Polyketide,T1PKS,7.28,3,Bacteria,Planctomycetota,Planctomycetia,Pirellulales,Pirellulaceae,0,0
M42,SevenSisters_M42_B49,AALDIBPL_189.region001,NRP,NRPS-like,43.43,26,Bacteria,Planctomycetota,Planctomycetia,Pirellulales,Pirellulaceae,0,0
M42,SevenSisters_M42_B49,AALDIBPL_194.region001,Polyketide,T3PKS,33.65,26,Bacteria,Planctomycetota,Planctomycetia,Pirellulales,Pirellulaceae,0,0
M42,SevenSisters_M42_B49,AALDIBPL_25.region001,Terpene,Terpene generic,21.85,13,Bacteria,Planctomycetota,Planctomycetia,Pirellulales,Pirellulaceae,0,0
M42,SevenSisters_M42_B5,NFNJAJMK_14.region001,NRP,NRPS-like,14.08,12,Bacteria,Aquificota,Aquificia,Aquificales,Aquificaceae,Aquifex,0
M42,SevenSisters_M42_B5,NFNJAJMK_74.region001,RiPP,RiPP-like,6.74,6,Bacteria,Aquificota,Aquificia,Aquificales,Aquificaceae,Aquifex,0
M42,SevenSisters_M42_B50,FAIIAPFC_213.region001,RiPP,RRE-containing,4.84,6,Bacteria,Bacteroidota_A,Rhodothermia,0,0,0,0
M42,SevenSisters_M42_B50,FAIIAPFC_92.region001,Terpene,Terpene generic,4.99,7,Bacteria,Bacteroidota_A,Rhodothermia,0,0,0,0
M42,SevenSisters_M42_B51,DPBJAADB_14.region001,RiPP,lanthipeptide,12.91,11,Bacteria,WOR-3,Hydrothermia,LBFQ01,LBFQ01,JAADCS01,0
M42,SevenSisters_M42_B51,DPBJAADB_29.region001,RiPP,lanthipeptide,4.2,2,Bacteria,WOR-3,Hydrothermia,LBFQ01,LBFQ01,JAADCS01,0
M42,SevenSisters_M42_B51,DPBJAADB_35.region001,RiPP,RRE-containing,20.22,20,Bacteria,WOR-3,Hydrothermia,LBFQ01,LBFQ01,JAADCS01,0
M42,SevenSisters_M42_B51,DPBJAADB_52.region001,RiPP,RRE-containing,13.29,10,Bacteria,WOR-3,Hydrothermia,LBFQ01,LBFQ01,JAADCS01,0
M42,SevenSisters_M42_B51,DPBJAADB_59.region001,RiPP,lanthipeptide,14.99,16,Bacteria,WOR-3,Hydrothermia,LBFQ01,LBFQ01,JAADCS01,0
M42,SevenSisters_M42_B51,DPBJAADB_70.region001,RiPP,RRE-containing,20.27,25,Bacteria,WOR-3,Hydrothermia,LBFQ01,LBFQ01,JAADCS01,0
M42,SevenSisters_M42_B51,DPBJAADB_8.region001,RiPP,lanthipeptide,14.21,10,Bacteria,WOR-3,Hydrothermia,LBFQ01,LBFQ01,JAADCS01,0
M42,SevenSisters_M42_B52,ENJEPMAJ_190.region001,Other,phosphonate,5.66,4,Bacteria,Pseudomonadota,Gammaproteobacteria,HK1,HK1,0,0
M42,SevenSisters_M42_B52,ENJEPMAJ_194.region001,Polyketide,T3PKS,5.26,5,Bacteria,Pseudomonadota,Gammaproteobacteria,HK1,HK1,0,0
M42,SevenSisters_M42_B52,ENJEPMAJ_410.region001,RiPP,ranthipeptide,6.09,7,Bacteria,Pseudomonadota,Gammaproteobacteria,HK1,HK1,0,0
M42,SevenSisters_M42_B52,ENJEPMAJ_533.region001,RiPP,RiPP-like,4.65,6,Bacteria,Pseudomonadota,Gammaproteobacteria,HK1,HK1,0,0
M42,SevenSisters_M42_B52,ENJEPMAJ_84.region001,Terpene,Terpene generic,6.11,4,Bacteria,Pseudomonadota,Gammaproteobacteria,HK1,HK1,0,0
M42,SevenSisters_M42_B53,EPJCJBAE_105.region001,Terpene,Terpene generic,12.6,11,Bacteria,Bacteroidota,Bacteroidia,UBA10329,UBA10329,UBA10329,0
M42,SevenSisters_M42_B53,EPJCJBAE_16.region001,RiPP,RRE-containing,20.25,19,Bacteria,Bacteroidota,Bacteroidia,UBA10329,UBA10329,UBA10329,0
M42,SevenSisters_M42_B53,EPJCJBAE_3.region001,Other,arylpolyene,31.86,37,Bacteria,Bacteroidota,Bacteroidia,UBA10329,UBA10329,UBA10329,0
M42,SevenSisters_M42_B53,EPJCJBAE_40.region001,Other,resorcinol,41.12,30,Bacteria,Bacteroidota,Bacteroidia,UBA10329,UBA10329,UBA10329,0
M42,SevenSisters_M42_B53,EPJCJBAE_51.region001,Other,arylpolyene,25.34,19,Bacteria,Bacteroidota,Bacteroidia,UBA10329,UBA10329,UBA10329,0
M42,SevenSisters_M42_B53,EPJCJBAE_87.region001,Other,arylpolyene,13.89,13,Bacteria,Bacteroidota,Bacteroidia,UBA10329,UBA10329,UBA10329,0
M42,SevenSisters_M42_B54,MPCBFICM_11.region001,Polyketide,T3PKS,22.11,21,Bacteria,Planctomycetota,Phycisphaerae,Phycisphaerales,UBA1924,S146-42,0
M42,SevenSisters_M42_B55,ALECFFGP_111.region001,RiPP,RiPP-like,5.3,5,Bacteria,Pseudomonadota,Gammaproteobacteria,JAJDOJ01,JAJDOJ01,JALVEU01,0
M42,SevenSisters_M42_B55,ALECFFGP_13.region001,RiPP,RiPP-like,10.86,9,Bacteria,Pseudomonadota,Gammaproteobacteria,JAJDOJ01,JAJDOJ01,JALVEU01,0
M42,SevenSisters_M42_B55,ALECFFGP_1.region001,Hybrid,phosphonate:Terpene,21.61,19,Bacteria,Pseudomonadota,Gammaproteobacteria,JAJDOJ01,JAJDOJ01,JALVEU01,0
M42,SevenSisters_M42_B55,ALECFFGP_44.region001,Terpene,Terpene generic,18.44,15,Bacteria,Pseudomonadota,Gammaproteobacteria,JAJDOJ01,JAJDOJ01,JALVEU01,0
M42,SevenSisters_M42_B55,ALECFFGP_80.region001,NRP,NRPS-like,7.68,6,Bacteria,Pseudomonadota,Gammaproteobacteria,JAJDOJ01,JAJDOJ01,JALVEU01,0
M42,SevenSisters_M42_B57,BMGACMOE_111.region001,Other,arylpolyene,14.77,12,Bacteria,Bacteroidota,Bacteroidia,SpSt-205,0,0,0
M42,SevenSisters_M42_B58,NPOHOBJL_50.region001,Polyketide,T3PKS,24.51,21,Bacteria,Planctomycetota,UBA1135,UBA2386,GCA-002748355,0,0
M42,SevenSisters_M42_B58,NPOHOBJL_81.region001,Terpene,Terpene generic,12.35,11,Bacteria,Planctomycetota,UBA1135,UBA2386,GCA-002748355,0,0
M42,SevenSisters_M42_B6,AAPHHPOD_142.region001,RiPP,RRE-containing,2.81,4,Bacteria,Bacteroidota_A,Rhodothermia,Rhodothermales,Rhodothermaceae,Rhodothermus,0
M42,SevenSisters_M42_B6,AAPHHPOD_172.region001,RiPP,RRE-containing,14.64,20,Bacteria,Bacteroidota_A,Rhodothermia,Rhodothermales,Rhodothermaceae,Rhodothermus,0
M42,SevenSisters_M42_B6,AAPHHPOD_173.region001,Terpene,Terpene generic,3.83,3,Bacteria,Bacteroidota_A,Rhodothermia,Rhodothermales,Rhodothermaceae,Rhodothermus,0
M42,SevenSisters_M42_B60,CFHKIPKK_42.region001,Terpene,Terpene generic,16.16,12,Bacteria,Pseudomonadota,Gammaproteobacteria,Pseudomonadales,Azotimanducaceae,0,0
M42,SevenSisters_M42_B63,EJEDHMNO_191.region001,Hybrid,NRPS:T1PKS,33.73,6,Bacteria,Calditrichota,Calditrichia,Calditrichales,Calditrichaceae,Caldithrix,0
M42,SevenSisters_M42_B63,EJEDHMNO_193.region001,NRP,NRP generic,44.05,17,Bacteria,Calditrichota,Calditrichia,Calditrichales,Calditrichaceae,Caldithrix,0
M42,SevenSisters_M42_B63,EJEDHMNO_21.region001,Terpene,Terpene generic,15.21,12,Bacteria,Calditrichota,Calditrichia,Calditrichales,Calditrichaceae,Caldithrix,0
M42,SevenSisters_M42_B63,EJEDHMNO_10.region001,RiPP,RiPP-like,2.81,3,Bacteria,Calditrichota,Calditrichia,Calditrichales,Calditrichaceae,Caldithrix,0
M42,SevenSisters_M42_B65,JIPOEFDI_125.region001,NRP,NRPS-like,29.1,26,Bacteria,Pseudomonadota,Gammaproteobacteria,SZUA-229,SZUA-229,S010-25,0
M42,SevenSisters_M42_B65,JIPOEFDI_46.region001,RiPP,RiPP-like,8,9,Bacteria,Pseudomonadota,Gammaproteobacteria,SZUA-229,SZUA-229,S010-25,0
M42,SevenSisters_M42_B65,JIPOEFDI_66.region001,RiPP,thiopeptide,12.01,10,Bacteria,Pseudomonadota,Gammaproteobacteria,SZUA-229,SZUA-229,S010-25,0
M42,SevenSisters_M42_B65,JIPOEFDI_7.region001,RiPP,RiPP-like,10.83,11,Bacteria,Pseudomonadota,Gammaproteobacteria,SZUA-229,SZUA-229,S010-25,0
M42,SevenSisters_M42_B67,DECBAKBH_186.region001,Terpene,Terpene generic,21.02,13,Bacteria,Planctomycetota,Planctomycetia,Pirellulales,Pirellulaceae,Mariniblastus,0
M42,SevenSisters_M42_B67,DECBAKBH_38.region001,Terpene,Terpene generic,21.92,17,Bacteria,Planctomycetota,Planctomycetia,Pirellulales,Pirellulaceae,Mariniblastus,0
M42,SevenSisters_M42_B67,DECBAKBH_92.region001,NRP,NRPS-like,16.69,15,Bacteria,Planctomycetota,Planctomycetia,Pirellulales,Pirellulaceae,Mariniblastus,0
M42,SevenSisters_M42_B68,AMGCNGIF_166.region001,Other,acyl_amino_acids,11.21,11,Bacteria,Planctomycetota,Planctomycetia,Pirellulales,Pirellulaceae,S141-3,S141-3 sp026989685
M42,SevenSisters_M42_B68,AMGCNGIF_16.region001,Polyketide,T3PKS,10.46,10,Bacteria,Planctomycetota,Planctomycetia,Pirellulales,Pirellulaceae,S141-3,S141-3 sp026989685
M42,SevenSisters_M42_B68,AMGCNGIF_363.region001,Terpene,Terpene generic,5.09,3,Bacteria,Planctomycetota,Planctomycetia,Pirellulales,Pirellulaceae,S141-3,S141-3 sp026989685
M42,SevenSisters_M42_B68,AMGCNGIF_619.region001,NRP,NRPS-like,7.57,5,Bacteria,Planctomycetota,Planctomycetia,Pirellulales,Pirellulaceae,S141-3,S141-3 sp026989685
M42,SevenSisters_M42_B68,AMGCNGIF_80.region001,Other,hydrogen-cyanide,10.3,9,Bacteria,Planctomycetota,Planctomycetia,Pirellulales,Pirellulaceae,S141-3,S141-3 sp026989685
M42,SevenSisters_M42_B69,HBKMGLGG_96.region001,RiPP,RiPP-like,9.72,7,Bacteria,Bacteroidota,Bacteroidia,Flavobacteriales,NORP312,0,0
M42,SevenSisters_M42_B7,DIHHJLAN_216.region001,Other,arylpolyene,28.65,23,Bacteria,Myxococcota,Polyangia,Nannocystales,Nannocystaceae,J032,J032 sp003696955
M42,SevenSisters_M42_B7,DIHHJLAN_382.region001,Terpene,Terpene generic,5.54,5,Bacteria,Myxococcota,Polyangia,Nannocystales,Nannocystaceae,J032,J032 sp003696955
M42,SevenSisters_M42_B7,DIHHJLAN_411.region001,RiPP,RiPP-like,10.85,13,Bacteria,Myxococcota,Polyangia,Nannocystales,Nannocystaceae,J032,J032 sp003696955
M42,SevenSisters_M42_B7,DIHHJLAN_455.region001,RiPP,RiPP-like,6.11,3,Bacteria,Myxococcota,Polyangia,Nannocystales,Nannocystaceae,J032,J032 sp003696955
M42,SevenSisters_M42_B7,DIHHJLAN_551.region001,Other,arylpolyene,3.32,4,Bacteria,Myxococcota,Polyangia,Nannocystales,Nannocystaceae,J032,J032 sp003696955
M42,SevenSisters_M42_B7,DIHHJLAN_608.region001,RiPP,RiPP-like,10.53,6,Bacteria,Myxococcota,Polyangia,Nannocystales,Nannocystaceae,J032,J032 sp003696955
M42,SevenSisters_M42_B7,DIHHJLAN_611.region001,Other,arylpolyene,15.06,15,Bacteria,Myxococcota,Polyangia,Nannocystales,Nannocystaceae,J032,J032 sp003696955
M42,SevenSisters_M42_B71,JFOHPMHI_81.region001,Other,betalactone,29.89,27,Bacteria,J088,J088,J088,0,0,0
M42,SevenSisters_M42_B72,EKNKAGOK_259.region001,RiPP,RRE-containing,5.83,5,Bacteria,Poribacteria,WGA-4E,GCA-2687025,GCA-2687025,BPJZ01,0
M42,SevenSisters_M42_B72,EKNKAGOK_414.region001,Terpene,Terpene generic,4.79,3,Bacteria,Poribacteria,WGA-4E,GCA-2687025,GCA-2687025,BPJZ01,0
M42,SevenSisters_M42_B72,EKNKAGOK_488.region001,NRP,NRPS-like,4.9,3,Bacteria,Poribacteria,WGA-4E,GCA-2687025,GCA-2687025,BPJZ01,0
M42,SevenSisters_M42_B73,GBICOLAB_154.region001,Polyketide,hglE-KS,14.8,9,Bacteria,Myxococcota,Polyangia,Polyangiales,SG8-38,JALVDI01,0
M42,SevenSisters_M42_B73,GBICOLAB_74.region001,Terpene,Terpene generic,23.56,15,Bacteria,Myxococcota,Polyangia,Polyangiales,SG8-38,JALVDI01,0
M42,SevenSisters_M42_B73,GBICOLAB_364.region001,Terpene,Terpene generic,10.61,10,Bacteria,Myxococcota,Polyangia,Polyangiales,SG8-38,JALVDI01,0
M42,SevenSisters_M42_B73,GBICOLAB_197.region001,RiPP,RiPP-like,7.98,8,Bacteria,Myxococcota,Polyangia,Polyangiales,SG8-38,JALVDI01,0
M42,SevenSisters_M42_B73,GBICOLAB_135.region001,Other,arylpolyene,16.37,19,Bacteria,Myxococcota,Polyangia,Polyangiales,SG8-38,JALVDI01,0
M42,SevenSisters_M42_B73,GBICOLAB_223.region001,Polyketide,T3PKS,19.26,15,Bacteria,Myxococcota,Polyangia,Polyangiales,SG8-38,JALVDI01,0
M42,SevenSisters_M42_B73,GBICOLAB_299.region001,Other,arylpolyene,28.66,27,Bacteria,Myxococcota,Polyangia,Polyangiales,SG8-38,JALVDI01,0
M42,SevenSisters_M42_B74,CEIMKNJA_48.region001,Polyketide,T3PKS,14.78,10,Bacteria,Planctomycetota,Phycisphaerae,Phycisphaerales,UBA1924,JAUIES01,0
M42,SevenSisters_M42_B75,LPICABGO_100.region001,Terpene,Terpene generic,6.34,6,Bacteria,Planctomycetota,UBA1135,UBA1135,UBA1135,JALUVI01,0
M42,SevenSisters_M42_B76,DOMKCLFL_1.region001,RiPP,RiPP-like,10.29,14,Archaea,Thermoproteota,Nitrososphaeria,Nitrososphaerales,Nitrosocaldaceae,Nitrosothermus,0
M42,SevenSisters_M42_B76,DOMKCLFL_90.region001,Hybrid,thioamitides:thiopeptide,28.48,32,Archaea,Thermoproteota,Nitrososphaeria,Nitrososphaerales,Nitrosocaldaceae,Nitrosothermus,0
M42,SevenSisters_M42_B76,DOMKCLFL_3.region001,RiPP,RiPP-like,7.27,10,Archaea,Thermoproteota,Nitrososphaeria,Nitrososphaerales,Nitrosocaldaceae,Nitrosothermus,0
M42,SevenSisters_M42_B77,KEOAAHCD_114.region001,RiPP,RiPP-like,10.85,10,Bacteria,Pseudomonadota,Gammaproteobacteria,J113,J113,J113,0
M42,SevenSisters_M42_B77,KEOAAHCD_120.region001,RiPP,RiPP-like,8.83,11,Bacteria,Pseudomonadota,Gammaproteobacteria,J113,J113,J113,0
M42,SevenSisters_M42_B77,KEOAAHCD_192.region001,Other,phosphonate,2.42,2,Bacteria,Pseudomonadota,Gammaproteobacteria,J113,J113,J113,0
M42,SevenSisters_M42_B77,KEOAAHCD_68.region001,Terpene,Terpene generic,8.47,6,Bacteria,Pseudomonadota,Gammaproteobacteria,J113,J113,J113,0
M42,SevenSisters_M42_B77,KEOAAHCD_46.region001,RiPP,redox-cofactor,22.22,22,Bacteria,Pseudomonadota,Gammaproteobacteria,J113,J113,J113,0
M42,SevenSisters_M42_B79,GDOCBFHK_106.region001,Polyketide,T3PKS,22.78,24,Bacteria,J088,J088,J088,J088,J088,0
M42,SevenSisters_M42_B79,GDOCBFHK_157.region001,Terpene,Terpene generic,2.92,3,Bacteria,J088,J088,J088,J088,J088,0
M42,SevenSisters_M42_B8,ELLBJFJF_208.region001,RiPP,RiPP-like,7.32,9,Bacteria,Aquificota,Aquificia,Aquificales,Aquificaceae,Hydrogenivirga,0
M42,SevenSisters_M42_B8,ELLBJFJF_89.region001,NRP,NRPS-like,12.83,11,Bacteria,Aquificota,Aquificia,Aquificales,Aquificaceae,Hydrogenivirga,0
M42,SevenSisters_M42_B80,MDFECFPP_116.region001,RiPP,RRE-containing,2.77,4,Bacteria,Bacteroidota,Bacteroidia,Bacteroidales,S143-33,S143-33,0
M42,SevenSisters_M42_B80,MDFECFPP_20.region001,Hybrid,RRE-containing:thiopeptide,23.48,21,Bacteria,Bacteroidota,Bacteroidia,Bacteroidales,S143-33,S143-33,0
M42,SevenSisters_M42_B81,LMLAHAKG_71.region001,Polyketide,T3PKS,27.9,28,Bacteria,Pseudomonadota,Alphaproteobacteria,Geminicoccales,Geminicoccaceae,JALSRW01,0
M42,SevenSisters_M42_B82,IHCAEKKF_139.region001,Polyketide,T3PKS,2.47,2,Bacteria,Zhuqueibacterota,Zhuqueibacteria,Zhuqueibacterales,Geothermadaptataceae,Hydrothermovivens,0
M42,SevenSisters_M42_B82,IHCAEKKF_184.region001,RiPP,RRE-containing,20.37,20,Bacteria,Zhuqueibacterota,Zhuqueibacteria,Zhuqueibacterales,Geothermadaptataceae,Hydrothermovivens,0
M42,SevenSisters_M42_B83,GPLJCPAO_104.region001,RiPP,RRE-containing,19.91,20,Bacteria,Calditrichota,Calditrichia,RBG-13-44-9,J042,WGBF01,0
M42,SevenSisters_M42_B83,GPLJCPAO_11.region001,NRP,NRP generic,2.75,1,Bacteria,Calditrichota,Calditrichia,RBG-13-44-9,J042,WGBF01,0
M42,SevenSisters_M42_B83,GPLJCPAO_130.region001,NRP,NRP generic,12.62,6,Bacteria,Calditrichota,Calditrichia,RBG-13-44-9,J042,WGBF01,0
M42,SevenSisters_M42_B83,GPLJCPAO_203.region001,Hybrid,NRPS:T1PKS,13.53,3,Bacteria,Calditrichota,Calditrichia,RBG-13-44-9,J042,WGBF01,0
M42,SevenSisters_M42_B83,GPLJCPAO_225.region001,NRP,NRP generic,28.21,3,Bacteria,Calditrichota,Calditrichia,RBG-13-44-9,J042,WGBF01,0
M42,SevenSisters_M42_B83,GPLJCPAO_58.region001,Terpene,Terpene generic,12.02,7,Bacteria,Calditrichota,Calditrichia,RBG-13-44-9,J042,WGBF01,0
M42,SevenSisters_M42_B85,KLKHCHJP_124.region001,RiPP,RRE-containing,11.28,12,Bacteria,Chloroflexota,Anaerolineae,Anaerolineales,DRKV01,DRKV01,0
M42,SevenSisters_M42_B85,KLKHCHJP_22.region001,RiPP,RiPP-like,10.82,9,Bacteria,Chloroflexota,Anaerolineae,Anaerolineales,DRKV01,DRKV01,0
M42,SevenSisters_M42_B86,KKGMKDHN_10.region001,RiPP,RRE-containing,20.29,16,Bacteria,Bacteroidota,Bacteroidia,Chitinophagales,SW-11-45-7,0,0
M42,SevenSisters_M42_B87,DJMKKBJF_57.region001,RiPP,RiPP-like,6.5,10,Bacteria,Aquificota,Aquificia,Aquificales,Hydrogenothermaceae,Hydrogenothermus,0
M42,SevenSisters_M42_B87,DJMKKBJF_64.region001,RiPP,RiPP-like,9.94,10,Bacteria,Aquificota,Aquificia,Aquificales,Hydrogenothermaceae,Hydrogenothermus,0
M42,SevenSisters_M42_B88,BECGIJIG_136.region001,RiPP,RRE-containing,2.88,3,Bacteria,Aquificota,Aquificia,Aquificales,Hydrogenothermaceae,QNZC01,0
M42,SevenSisters_M42_B89,IAAIGDBD_406.region001,RiPP,RRE-containing,2.99,3,Bacteria,Myxococcota,UBA9042,JABWCM01,0,0,0
M42,SevenSisters_M42_B89,IAAIGDBD_722.region001,Terpene,Terpene generic,6.84,4,Bacteria,Myxococcota,UBA9042,JABWCM01,0,0,0
M42,SevenSisters_M42_B9,FNJEANDP_14.region001,Terpene,Terpene generic,21.07,16,Bacteria,Planctomycetota,Planctomycetia,JALXBF01,JALXBF01,JALSID01,0
M42,SevenSisters_M42_B9,FNJEANDP_208.region001,Polyketide,T3PKS,4.8,6,Bacteria,Planctomycetota,Planctomycetia,JALXBF01,JALXBF01,JALSID01,0
M42,SevenSisters_M42_B9,FNJEANDP_364.region001,Other,acyl_amino_acids,24.67,15,Bacteria,Planctomycetota,Planctomycetia,JALXBF01,JALXBF01,JALSID01,0
M42,SevenSisters_M42_B90,CDDIELDI_317.region001,Terpene,Terpene generic,2.07,2,Bacteria,Planctomycetota,Phycisphaerae,UBA1845,Fen-1342,JAUIEC01,0
M42,SevenSisters_M42_B92,CHIBKKCF_448.region001,RiPP,RRE-containing,10.85,8,Bacteria,Calditrichota,Calditrichia,RBG-13-44-9,J075,0,0
M42,SevenSisters_M42_B92,CHIBKKCF_87.region001,Terpene,Terpene generic,6.71,7,Bacteria,Calditrichota,Calditrichia,RBG-13-44-9,J075,0,0
M42,SevenSisters_M42_B97,CIJPCIIB_102.region001,Polyketide,T3PKS,15.2,12,Bacteria,Planctomycetota,B15-G4,B15-G4,JADJEK01,JAUIEL01,0
M42,SevenSisters_M42_B97,CIJPCIIB_158.region001,RiPP,RiPP-like,9.36,10,Bacteria,Planctomycetota,B15-G4,B15-G4,JADJEK01,JAUIEL01,0
M42,SevenSisters_M42_B97,CIJPCIIB_168.region001,Terpene,Terpene generic,20.81,18,Bacteria,Planctomycetota,B15-G4,B15-G4,JADJEK01,JAUIEL01,0
M42,SevenSisters_M42_B97,CIJPCIIB_198.region001,RiPP,RiPP-like,10.88,9,Bacteria,Planctomycetota,B15-G4,B15-G4,JADJEK01,JAUIEL01,0
M42,SevenSisters_M42_B99,ODODKDLJ_58.region001,RiPP,RiPP-like,2.26,3,Bacteria,Myxococcota_A,UBA9160,UBA9160,JALSIO01,JALSIO01,0