Metagenome,MAG,BGC counts,Domain,Phylum,Class,Order,Family,Genus,Species,complete annotation
M24,Aegir_M24_B1,0,Bacteria,Bacteroidota,Bacteroidia,Bacteroidales,JAADGE01,CAMZKQ01,0,d__Bacteria;p__Bacteroidota;c__Bacteroidia;o__Bacteroidales;f__JAADGE01;g__CAMZKQ01;s__
M24,Aegir_M24_B10,2,Bacteria,Bacteroidota,Bacteroidia,Flavobacteriales,Salibacteraceae,CAJXZP01,0,d__Bacteria;p__Bacteroidota;c__Bacteroidia;o__Flavobacteriales;f__Salibacteraceae;g__CAJXZP01;s__
M24,Aegir_M24_B100,2,Bacteria,Pseudomonadota,Gammaproteobacteria,SZUA-229,SZUA-229,GCA-2746365,0,d__Bacteria;p__Pseudomonadota;c__Gammaproteobacteria;o__SZUA-229;f__SZUA-229;g__GCA-2746365;s__
M24,Aegir_M24_B101,1,Bacteria,Bacteroidota,Bacteroidia,Flavobacteriales,Crocinitomicaceae,UBA4466,0,d__Bacteria;p__Bacteroidota;c__Bacteroidia;o__Flavobacteriales;f__Crocinitomicaceae;g__UBA4466;s__
M24,Aegir_M24_B102,3,Bacteria,Pseudomonadota,Gammaproteobacteria,GCA-001735895,GCA-001735895,JACNJF01,0,d__Bacteria;p__Pseudomonadota;c__Gammaproteobacteria;o__GCA-001735895;f__GCA-001735895;g__JACNJF01;s__
M24,Aegir_M24_B103,8,Bacteria,Planctomycetota,UBA11346,UBA11346,UBA11346,JANQLF01,0,d__Bacteria;p__Planctomycetota;c__UBA11346;o__UBA11346;f__UBA11346;g__JANQLF01;s__
M24,Aegir_M24_B104,0,Bacteria,Pseudomonadota,Gammaproteobacteria,Enterobacterales,Kangiellaceae,GCA-002733465,0,d__Bacteria;p__Pseudomonadota;c__Gammaproteobacteria;o__Enterobacterales;f__Kangiellaceae;g__GCA-002733465;s__
M24,Aegir_M24_B105,3,Bacteria,Pseudomonadota,Gammaproteobacteria,AKS1,AKS1,Sulfuriflexus,0,d__Bacteria;p__Pseudomonadota;c__Gammaproteobacteria;o__AKS1;f__AKS1;g__Sulfuriflexus;s__
M24,Aegir_M24_B106,2,Bacteria,Pseudomonadota,Gammaproteobacteria,Xanthomonadales,Marinicellaceae,NORP309,0,d__Bacteria;p__Pseudomonadota;c__Gammaproteobacteria;o__Xanthomonadales;f__Marinicellaceae;g__NORP309;s__
M24,Aegir_M24_B107,2,Bacteria,Campylobacterota,Campylobacteria,Campylobacterales,Sulfurovaceae,Sulfurovum,Sulfurovum sp030949725,d__Bacteria;p__Campylobacterota;c__Campylobacteria;o__Campylobacterales;f__Sulfurovaceae;g__Sulfurovum;s__Sulfurovum sp030949725
M24,Aegir_M24_B108,3,Bacteria,Pseudomonadota,Gammaproteobacteria,Enterobacterales,Kangiellaceae,GCA-002733465,0,d__Bacteria;p__Pseudomonadota;c__Gammaproteobacteria;o__Enterobacterales;f__Kangiellaceae;g__GCA-002733465;s__
M24,Aegir_M24_B109,3,Bacteria,Pseudomonadota,Alphaproteobacteria,Rhodobacterales,Rhodobacteraceae,UBA5972,0,d__Bacteria;p__Pseudomonadota;c__Alphaproteobacteria;o__Rhodobacterales;f__Rhodobacteraceae;g__UBA5972;s__
M24,Aegir_M24_B11,8,Bacteria,Pseudomonadota,Gammaproteobacteria,CAJXQU01,CAJXQU01,CAJXQU01,CAJXQU01 sp026984275,d__Bacteria;p__Pseudomonadota;c__Gammaproteobacteria;o__CAJXQU01;f__CAJXQU01;g__CAJXQU01;s__CAJXQU01 sp026984275
M24,Aegir_M24_B110,5,Bacteria,Myxococcota,Polyangia,Haliangiales,Haliangiaceae,NORP324,0,d__Bacteria;p__Myxococcota;c__Polyangia;o__Haliangiales;f__Haliangiaceae;g__NORP324;s__
M24,Aegir_M24_B111,2,Bacteria,Pseudomonadota,Gammaproteobacteria,SZUA-229,SZUA-229,GCA-2746365,0,d__Bacteria;p__Pseudomonadota;c__Gammaproteobacteria;o__SZUA-229;f__SZUA-229;g__GCA-2746365;s__
M24,Aegir_M24_B112,5,Bacteria,Planctomycetota,GCA-002687715,GCA-002687715,DRQF01,DRQF01,0,d__Bacteria;p__Planctomycetota;c__GCA-002687715;o__GCA-002687715;f__DRQF01;g__DRQF01;s__
M24,Aegir_M24_B113,2,Bacteria,Bacteroidota,Bacteroidia,Flavobacteriales,Flavobacteriaceae,S010-17,0,d__Bacteria;p__Bacteroidota;c__Bacteroidia;o__Flavobacteriales;f__Flavobacteriaceae;g__S010-17;s__
M24,Aegir_M24_B114,2,Bacteria,Pseudomonadota,Alphaproteobacteria,Rhizobiales,Devosiaceae,DROE01,0,d__Bacteria;p__Pseudomonadota;c__Alphaproteobacteria;o__Rhizobiales;f__Devosiaceae;g__DROE01;s__
M24,Aegir_M24_B115,2,Bacteria,Pseudomonadota,Alphaproteobacteria,Rhodobacterales,Rhodobacteraceae,Profundibacter,Profundibacter amoris,d__Bacteria;p__Pseudomonadota;c__Alphaproteobacteria;o__Rhodobacterales;f__Rhodobacteraceae;g__Profundibacter;s__Profundibacter amoris
M24,Aegir_M24_B116,2,Bacteria,Campylobacterota,Campylobacteria,Campylobacterales,Sulfurimonadaceae,Sulfurimonas,0,d__Bacteria;p__Campylobacterota;c__Campylobacteria;o__Campylobacterales;f__Sulfurimonadaceae;g__Sulfurimonas;s__
M24,Aegir_M24_B117,1,Bacteria,Pseudomonadota,Alphaproteobacteria,Rhodobacterales,Rhodobacteraceae,JAAEUB01,0,d__Bacteria;p__Pseudomonadota;c__Alphaproteobacteria;o__Rhodobacterales;f__Rhodobacteraceae;g__JAAEUB01;s__
M24,Aegir_M24_B118,7,Bacteria,Bacteroidota,Bacteroidia,UBA10329,UBA10329,UBA10329,0,d__Bacteria;p__Bacteroidota;c__Bacteroidia;o__UBA10329;f__UBA10329;g__UBA10329;s__
M24,Aegir_M24_B119,1,Bacteria,Planctomycetota,Phycisphaerae,Phycisphaerales,UBA1924,UBA1924,0,d__Bacteria;p__Planctomycetota;c__Phycisphaerae;o__Phycisphaerales;f__UBA1924;g__UBA1924;s__
M24,Aegir_M24_B12,5,Bacteria,Pseudomonadota,Gammaproteobacteria,SZUA-229,SZUA-229,GCA-2746365,0,d__Bacteria;p__Pseudomonadota;c__Gammaproteobacteria;o__SZUA-229;f__SZUA-229;g__GCA-2746365;s__
M24,Aegir_M24_B120,0,Bacteria,Bacteroidota,Bacteroidia,Chitinophagales,Saprospiraceae,JALSTN01,0,d__Bacteria;p__Bacteroidota;c__Bacteroidia;o__Chitinophagales;f__Saprospiraceae;g__JALSTN01;s__
M24,Aegir_M24_B121,0,Bacteria,Patescibacteriota,Minisyncoccia,UBA9973,UBA918,OLB19,0,d__Bacteria;p__Patescibacteriota;c__Minisyncoccia;o__UBA9973;f__UBA918;g__OLB19;s__
M24,Aegir_M24_B122,3,Bacteria,Pseudomonadota,Gammaproteobacteria,Methylococcales,Methylomonadaceae,Methyloprofundus,Methyloprofundus sp900128525,d__Bacteria;p__Pseudomonadota;c__Gammaproteobacteria;o__Methylococcales;f__Methylomonadaceae;g__Methyloprofundus;s__Methyloprofundus sp900128525
M24,Aegir_M24_B123,3,Bacteria,Pseudomonadota,Gammaproteobacteria,CAMYNG01,CAMYNG01,JALUTW01,JALUTW01 sp027021685,d__Bacteria;p__Pseudomonadota;c__Gammaproteobacteria;o__CAMYNG01;f__CAMYNG01;g__JALUTW01;s__JALUTW01 sp027021685
M24,Aegir_M24_B124,6,Bacteria,Planctomycetota,UBA1135,UBA1135,GCA-002686595,JBBDIB01,0,d__Bacteria;p__Planctomycetota;c__UBA1135;o__UBA1135;f__GCA-002686595;g__JBBDIB01;s__
M24,Aegir_M24_B125,4,Bacteria,Planctomycetota,GCA-002687715,GCA-002687715,DRQF01,S139-23,0,d__Bacteria;p__Planctomycetota;c__GCA-002687715;o__GCA-002687715;f__DRQF01;g__S139-23;s__
M24,Aegir_M24_B126,4,Bacteria,Pseudomonadota,Alphaproteobacteria,Rhodobacterales,Rhodobacteraceae,JAJRUE01,0,d__Bacteria;p__Pseudomonadota;c__Alphaproteobacteria;o__Rhodobacterales;f__Rhodobacteraceae;g__JAJRUE01;s__
M24,Aegir_M24_B127,21,Bacteria,Planctomycetota,GCA-2746535,GCA-2746535,GCA-2746535,GCA-2746535,0,d__Bacteria;p__Planctomycetota;c__GCA-2746535;o__GCA-2746535;f__GCA-2746535;g__GCA-2746535;s__
M24,Aegir_M24_B128,2,Bacteria,Pseudomonadota,Gammaproteobacteria,Pseudomonadales,Azotimanducaceae,JAHRVQ01,0,d__Bacteria;p__Pseudomonadota;c__Gammaproteobacteria;o__Pseudomonadales;f__Azotimanducaceae;g__JAHRVQ01;s__
M24,Aegir_M24_B129,2,Bacteria,Bacteroidota,Bacteroidia,Flavobacteriales,Vicingaceae,GCA-002793235,0,d__Bacteria;p__Bacteroidota;c__Bacteroidia;o__Flavobacteriales;f__Vicingaceae;g__GCA-002793235;s__
M24,Aegir_M24_B13,3,Bacteria,Pseudomonadota,Gammaproteobacteria,Beggiatoales,Beggiatoaceae,0,0,d__Bacteria;p__Pseudomonadota;c__Gammaproteobacteria;o__Beggiatoales;f__Beggiatoaceae;g__;s__
M24,Aegir_M24_B130,7,Bacteria,Pseudomonadota,Gammaproteobacteria,Methylococcales,Methylomonadaceae,JALSJK01,JALSJK01 sp026989395,d__Bacteria;p__Pseudomonadota;c__Gammaproteobacteria;o__Methylococcales;f__Methylomonadaceae;g__JALSJK01;s__JALSJK01 sp026989395
M24,Aegir_M24_B131,3,Bacteria,Pseudomonadota,Gammaproteobacteria,Nitrosococcales,Methylophagaceae,GCA-002733105,0,d__Bacteria;p__Pseudomonadota;c__Gammaproteobacteria;o__Nitrosococcales;f__Methylophagaceae;g__GCA-002733105;s__
M24,Aegir_M24_B132,2,Bacteria,Planctomycetota,UBA1135,UBA1135,GCA-002686595,JARGPD01,0,d__Bacteria;p__Planctomycetota;c__UBA1135;o__UBA1135;f__GCA-002686595;g__JARGPD01;s__
M24,Aegir_M24_B133,0,Bacteria,Planctomycetota,JADGBV01,JADGBV01,JADGBV01,JADGBV01,0,d__Bacteria;p__Planctomycetota;c__JADGBV01;o__JADGBV01;f__JADGBV01;g__JADGBV01;s__
M24,Aegir_M24_B14,2,Bacteria,Pseudomonadota,Gammaproteobacteria,Pseudomonadales,Azotimanducaceae,GCA-002726655,0,d__Bacteria;p__Pseudomonadota;c__Gammaproteobacteria;o__Pseudomonadales;f__Azotimanducaceae;g__GCA-002726655;s__
M24,Aegir_M24_B15,3,Bacteria,Planctomycetota,UBA1135,UBA1135,GCA-002686595,GCA-2862085,0,d__Bacteria;p__Planctomycetota;c__UBA1135;o__UBA1135;f__GCA-002686595;g__GCA-2862085;s__
M24,Aegir_M24_B16,1,Bacteria,Planctomycetota,Planctomycetia,Planctomycetales,Planctomycetaceae,Rubinisphaera,0,d__Bacteria;p__Planctomycetota;c__Planctomycetia;o__Planctomycetales;f__Planctomycetaceae;g__Rubinisphaera;s__
M24,Aegir_M24_B17,1,Bacteria,Pseudomonadota,Gammaproteobacteria,Enterobacterales,Alteromonadaceae,0,0,d__Bacteria;p__Pseudomonadota;c__Gammaproteobacteria;o__Enterobacterales;f__Alteromonadaceae;g__;s__
M24,Aegir_M24_B18,3,Bacteria,Pseudomonadota,Gammaproteobacteria,DSM-19610,DSM-19610,Thiogranum,0,d__Bacteria;p__Pseudomonadota;c__Gammaproteobacteria;o__DSM-19610;f__DSM-19610;g__Thiogranum;s__
M24,Aegir_M24_B19,4,Bacteria,Bdellovibrionota,Bacteriovoracia,Bacteriovoracales,Bacteriovoracaceae,0,0,d__Bacteria;p__Bdellovibrionota;c__Bacteriovoracia;o__Bacteriovoracales;f__Bacteriovoracaceae;g__;s__
M24,Aegir_M24_B2,9,Bacteria,Myxococcota,Polyangia,Polyangiales,SG8-38,JBCCRV01,0,d__Bacteria;p__Myxococcota;c__Polyangia;o__Polyangiales;f__SG8-38;g__JBCCRV01;s__
M24,Aegir_M24_B20,4,Bacteria,Bacteroidota,Bacteroidia,Flavobacteriales,Crocinitomicaceae,UBA4466,0,d__Bacteria;p__Bacteroidota;c__Bacteroidia;o__Flavobacteriales;f__Crocinitomicaceae;g__UBA4466;s__
M24,Aegir_M24_B21,6,Bacteria,Pseudomonadota,Alphaproteobacteria,Rhizobiales,Rhizobiaceae,SZUA-100,0,d__Bacteria;p__Pseudomonadota;c__Alphaproteobacteria;o__Rhizobiales;f__Rhizobiaceae;g__SZUA-100;s__
M24,Aegir_M24_B22,5,Bacteria,Myxococcota,Polyangia,Haliangiales,Haliangiaceae,NORP324,0,d__Bacteria;p__Myxococcota;c__Polyangia;o__Haliangiales;f__Haliangiaceae;g__NORP324;s__
M24,Aegir_M24_B23,2,Bacteria,Pseudomonadota,Alphaproteobacteria,Rhodobacterales,Rhodobacteraceae,Amylibacter,Amylibacter sp024280735,d__Bacteria;p__Pseudomonadota;c__Alphaproteobacteria;o__Rhodobacterales;f__Rhodobacteraceae;g__Amylibacter;s__Amylibacter sp024280735
M24,Aegir_M24_B24,3,Bacteria,Pseudomonadota,Gammaproteobacteria,SZUA-152,SZUA-152,SZUA-152,0,d__Bacteria;p__Pseudomonadota;c__Gammaproteobacteria;o__SZUA-152;f__SZUA-152;g__SZUA-152;s__
M24,Aegir_M24_B25,4,Bacteria,Pseudomonadota,Gammaproteobacteria,SZUA-152,SZUA-152,SZUA-152,0,d__Bacteria;p__Pseudomonadota;c__Gammaproteobacteria;o__SZUA-152;f__SZUA-152;g__SZUA-152;s__
M24,Aegir_M24_B26,2,Bacteria,Bacteroidota,Bacteroidia,Flavobacteriales,Flavobacteriaceae,GCA-002733185,0,d__Bacteria;p__Bacteroidota;c__Bacteroidia;o__Flavobacteriales;f__Flavobacteriaceae;g__GCA-002733185;s__
M24,Aegir_M24_B27,3,Bacteria,Bacteroidota,Bacteroidia,Cytophagales,Bernardetiaceae,0,0,d__Bacteria;p__Bacteroidota;c__Bacteroidia;o__Cytophagales;f__Bernardetiaceae;g__;s__
M24,Aegir_M24_B28,7,Bacteria,Pseudomonadota,Gammaproteobacteria,Methylococcales,Methylomonadaceae,Methylomarinum,0,d__Bacteria;p__Pseudomonadota;c__Gammaproteobacteria;o__Methylococcales;f__Methylomonadaceae;g__Methylomarinum;s__
M24,Aegir_M24_B29,3,Bacteria,Pseudomonadota,Gammaproteobacteria,Enterobacterales,GCA-002770795,DRNA01,0,d__Bacteria;p__Pseudomonadota;c__Gammaproteobacteria;o__Enterobacterales;f__GCA-002770795;g__DRNA01;s__
M24,Aegir_M24_B3,6,Bacteria,Myxococcota,UBA9042,PHBI01,CALCNF01,0,0,d__Bacteria;p__Myxococcota;c__UBA9042;o__PHBI01;f__CALCNF01;g__;s__
M24,Aegir_M24_B30,0,Bacteria,Bacteroidota,Bacteroidia,Flavobacteriales,Crocinitomicaceae,Putridiphycobacter,0,d__Bacteria;p__Bacteroidota;c__Bacteroidia;o__Flavobacteriales;f__Crocinitomicaceae;g__Putridiphycobacter;s__
M24,Aegir_M24_B31,6,Bacteria,Pseudomonadota,Gammaproteobacteria,Enterobacterales,Kangiellaceae,GCA-002733465,0,d__Bacteria;p__Pseudomonadota;c__Gammaproteobacteria;o__Enterobacterales;f__Kangiellaceae;g__GCA-002733465;s__
M24,Aegir_M24_B32,3,Bacteria,Chloroflexota,Anaerolineae,Promineifilales,Promineifilaceae,JAJRTP01,0,d__Bacteria;p__Chloroflexota;c__Anaerolineae;o__Promineifilales;f__Promineifilaceae;g__JAJRTP01;s__
M24,Aegir_M24_B33,0,Bacteria,Bacteroidota,Bacteroidia,Cytophagales,Cyclobacteriaceae,JAKISE01,0,d__Bacteria;p__Bacteroidota;c__Bacteroidia;o__Cytophagales;f__Cyclobacteriaceae;g__JAKISE01;s__
M24,Aegir_M24_B34,1,Bacteria,Pseudomonadota,Alphaproteobacteria,Rhizobiales,Devosiaceae,DROE01,0,d__Bacteria;p__Pseudomonadota;c__Alphaproteobacteria;o__Rhizobiales;f__Devosiaceae;g__DROE01;s__
M24,Aegir_M24_B35,2,Bacteria,Pseudomonadota,Gammaproteobacteria,UWMA-0217,UWMA-0217,JALSHZ01,0,d__Bacteria;p__Pseudomonadota;c__Gammaproteobacteria;o__UWMA-0217;f__UWMA-0217;g__JALSHZ01;s__
M24,Aegir_M24_B36,7,Bacteria,Planctomycetota,UBA11346,UBA11346,UBA11346,JANQLF01,0,d__Bacteria;p__Planctomycetota;c__UBA11346;o__UBA11346;f__UBA11346;g__JANQLF01;s__
M24,Aegir_M24_B37,2,Bacteria,Bacteroidota,Bacteroidia,Chitinophagales,Saprospiraceae,UBA6168,0,d__Bacteria;p__Bacteroidota;c__Bacteroidia;o__Chitinophagales;f__Saprospiraceae;g__UBA6168;s__
M24,Aegir_M24_B38,5,Bacteria,Planctomycetota,UBA1135,UBA2386,UBA2386,0,0,d__Bacteria;p__Planctomycetota;c__UBA1135;o__UBA2386;f__UBA2386;g__;s__
M24,Aegir_M24_B39,8,Bacteria,Verrucomicrobiota,Kiritimatiellia,UBA8416,0,0,0,d__Bacteria;p__Verrucomicrobiota;c__Kiritimatiellia;o__UBA8416;f__;g__;s__
M24,Aegir_M24_B4,2,Bacteria,Campylobacterota,Campylobacteria,Campylobacterales,Sulfurovaceae,Sulfurovum,Sulfurovum sp030949325,d__Bacteria;p__Campylobacterota;c__Campylobacteria;o__Campylobacterales;f__Sulfurovaceae;g__Sulfurovum;s__Sulfurovum sp030949325
M24,Aegir_M24_B40,1,Bacteria,Bacteroidota,Bacteroidia,Cytophagales,JAHDFW01,JAHDFW01,0,d__Bacteria;p__Bacteroidota;c__Bacteroidia;o__Cytophagales;f__JAHDFW01;g__JAHDFW01;s__
M24,Aegir_M24_B41,1,Bacteria,Bacteroidota,Bacteroidia,Flavobacteriales,Flavobacteriaceae,S010-17,0,d__Bacteria;p__Bacteroidota;c__Bacteroidia;o__Flavobacteriales;f__Flavobacteriaceae;g__S010-17;s__
M24,Aegir_M24_B42,6,Bacteria,Pseudomonadota,Alphaproteobacteria,Rhodobacterales,Rhodobacteraceae,Oceanicella,0,d__Bacteria;p__Pseudomonadota;c__Alphaproteobacteria;o__Rhodobacterales;f__Rhodobacteraceae;g__Oceanicella;s__
M24,Aegir_M24_B43,2,Bacteria,Pseudomonadota,Gammaproteobacteria,S144-34,S144-34,S144-34,S144-34 sp026989495,d__Bacteria;p__Pseudomonadota;c__Gammaproteobacteria;o__S144-34;f__S144-34;g__S144-34;s__S144-34 sp026989495
M24,Aegir_M24_B44,6,Bacteria,Pseudomonadota,Gammaproteobacteria,Methylococcales,Methylomonadaceae,QPIN01,0,d__Bacteria;p__Pseudomonadota;c__Gammaproteobacteria;o__Methylococcales;f__Methylomonadaceae;g__QPIN01;s__
M24,Aegir_M24_B45,11,Bacteria,Myxococcota,Bradymonadia,Bradymonadales,Bradymonadaceae,CALJNB01,0,d__Bacteria;p__Myxococcota;c__Bradymonadia;o__Bradymonadales;f__Bradymonadaceae;g__CALJNB01;s__
M24,Aegir_M24_B46,1,Bacteria,Bacteroidota_A,Kapaibacteriia,Kapaibacteriales,UBA2268,0,0,d__Bacteria;p__Bacteroidota_A;c__Kapaibacteriia;o__Kapaibacteriales;f__UBA2268;g__;s__
M24,Aegir_M24_B47,0,Bacteria,Patescibacteriota,Minisyncoccia,UBA9973,UBA918,OLB19,0,d__Bacteria;p__Patescibacteriota;c__Minisyncoccia;o__UBA9973;f__UBA918;g__OLB19;s__
M24,Aegir_M24_B48,0,Bacteria,Bacteroidota,Bacteroidia,Chitinophagales,S012-47,S012-47,0,d__Bacteria;p__Bacteroidota;c__Bacteroidia;o__Chitinophagales;f__S012-47;g__S012-47;s__
M24,Aegir_M24_B49,5,Bacteria,Pseudomonadota,Gammaproteobacteria,SZUA-152,SZUA-152,SZUA-152,0,d__Bacteria;p__Pseudomonadota;c__Gammaproteobacteria;o__SZUA-152;f__SZUA-152;g__SZUA-152;s__
M24,Aegir_M24_B5,8,Bacteria,Pseudomonadota,Gammaproteobacteria,Methylococcales,Methylomonadaceae,QPIN01,0,d__Bacteria;p__Pseudomonadota;c__Gammaproteobacteria;o__Methylococcales;f__Methylomonadaceae;g__QPIN01;s__
M24,Aegir_M24_B50,2,Bacteria,Pseudomonadota,Gammaproteobacteria,GCA-001735895,GCA-001735895,0,0,d__Bacteria;p__Pseudomonadota;c__Gammaproteobacteria;o__GCA-001735895;f__GCA-001735895;g__;s__
M24,Aegir_M24_B51,3,Bacteria,Bacteroidota,Bacteroidia,Cytophagales,Cyclobacteriaceae,0,0,d__Bacteria;p__Bacteroidota;c__Bacteroidia;o__Cytophagales;f__Cyclobacteriaceae;g__;s__
M24,Aegir_M24_B52,3,Bacteria,Pseudomonadota,Gammaproteobacteria,Enterobacterales,Alteromonadaceae,Colwellia,0,d__Bacteria;p__Pseudomonadota;c__Gammaproteobacteria;o__Enterobacterales;f__Alteromonadaceae;g__Colwellia;s__
M24,Aegir_M24_B53,5,Bacteria,Bacteroidota_A,Ignavibacteria,Ignavibacteriales,Melioribacteraceae,GCA-2746605,0,d__Bacteria;p__Bacteroidota_A;c__Ignavibacteria;o__Ignavibacteriales;f__Melioribacteraceae;g__GCA-2746605;s__
M24,Aegir_M24_B54,9,Bacteria,Myxococcota,UBA727,UBA727,0,0,0,d__Bacteria;p__Myxococcota;c__UBA727;o__UBA727;f__;g__;s__
M24,Aegir_M24_B55,3,Bacteria,Pseudomonadota,Alphaproteobacteria,Rhodobacterales,Rhodobacteraceae,NORP23,0,d__Bacteria;p__Pseudomonadota;c__Alphaproteobacteria;o__Rhodobacterales;f__Rhodobacteraceae;g__NORP23;s__
M24,Aegir_M24_B56,1,Bacteria,Bacteroidota,Bacteroidia,Cytophagales,Cyclobacteriaceae,S012-113,0,d__Bacteria;p__Bacteroidota;c__Bacteroidia;o__Cytophagales;f__Cyclobacteriaceae;g__S012-113;s__
M24,Aegir_M24_B57,5,Bacteria,Verrucomicrobiota,Verrucomicrobiia,Verrucomicrobiales,DEV007,Arctic95D-9,0,d__Bacteria;p__Verrucomicrobiota;c__Verrucomicrobiia;o__Verrucomicrobiales;f__DEV007;g__Arctic95D-9;s__
M24,Aegir_M24_B58,6,Bacteria,Pseudomonadota,Gammaproteobacteria,Methylococcales,Methylomonadaceae,WTBX01,WTBX01 sp030949405,d__Bacteria;p__Pseudomonadota;c__Gammaproteobacteria;o__Methylococcales;f__Methylomonadaceae;g__WTBX01;s__WTBX01 sp030949405
M24,Aegir_M24_B59,4,Bacteria,Calditrichota,Calditrichia,Calditrichales,J004,JABFGF01,0,d__Bacteria;p__Calditrichota;c__Calditrichia;o__Calditrichales;f__J004;g__JABFGF01;s__
M24,Aegir_M24_B6,2,Bacteria,Bacteroidota,Bacteroidia,Chitinophagales,Saprospiraceae,CAJQQY01,0,d__Bacteria;p__Bacteroidota;c__Bacteroidia;o__Chitinophagales;f__Saprospiraceae;g__CAJQQY01;s__
M24,Aegir_M24_B60,5,Bacteria,Pseudomonadota,Alphaproteobacteria,Rhodobacterales,Rhodobacteraceae,NVTR01,0,d__Bacteria;p__Pseudomonadota;c__Alphaproteobacteria;o__Rhodobacterales;f__Rhodobacteraceae;g__NVTR01;s__
M24,Aegir_M24_B61,3,Bacteria,Bacteroidota,Bacteroidia,Cytophagales,Bernardetiaceae,0,0,d__Bacteria;p__Bacteroidota;c__Bacteroidia;o__Cytophagales;f__Bernardetiaceae;g__;s__
M24,Aegir_M24_B62,8,Bacteria,Pseudomonadota,Gammaproteobacteria,Methylococcales,Methylomonadaceae,QPIN01,QPIN01 sp026988195,d__Bacteria;p__Pseudomonadota;c__Gammaproteobacteria;o__Methylococcales;f__Methylomonadaceae;g__QPIN01;s__QPIN01 sp026988195
M24,Aegir_M24_B63,3,Bacteria,Pseudomonadota,Gammaproteobacteria,UBA6429,Thiohalophilaceae,JALSSV01,0,d__Bacteria;p__Pseudomonadota;c__Gammaproteobacteria;o__UBA6429;f__Thiohalophilaceae;g__JALSSV01;s__
M24,Aegir_M24_B64,2,Bacteria,Planctomycetota,UBA1135,UBA1135,GCA-002686595,JABACD01,0,d__Bacteria;p__Planctomycetota;c__UBA1135;o__UBA1135;f__GCA-002686595;g__JABACD01;s__
M24,Aegir_M24_B65,1,Bacteria,Planctomycetota,Phycisphaerae,Phycisphaerales,UBA1924,JAUIES01,0,d__Bacteria;p__Planctomycetota;c__Phycisphaerae;o__Phycisphaerales;f__UBA1924;g__JAUIES01;s__
M24,Aegir_M24_B66,5,Bacteria,Bdellovibrionota_B,Oligoflexia,Oligoflexales,JAWKNZ01,JAWKNZ01,0,d__Bacteria;p__Bdellovibrionota_B;c__Oligoflexia;o__Oligoflexales;f__JAWKNZ01;g__JAWKNZ01;s__
M24,Aegir_M24_B67,5,Bacteria,Myxococcota_A,UBA9160,UBA9160,UBA4427,UBA4427,0,d__Bacteria;p__Myxococcota_A;c__UBA9160;o__UBA9160;f__UBA4427;g__UBA4427;s__
M24,Aegir_M24_B68,2,Bacteria,Campylobacterota,Campylobacteria,Campylobacterales,Sulfurovaceae,Sulfurovum,0,d__Bacteria;p__Campylobacterota;c__Campylobacteria;o__Campylobacterales;f__Sulfurovaceae;g__Sulfurovum;s__
M24,Aegir_M24_B69,0,Bacteria,Pseudomonadota,Alphaproteobacteria,Caulobacterales,Maricaulaceae,Robiginitomaculum_A,0,d__Bacteria;p__Pseudomonadota;c__Alphaproteobacteria;o__Caulobacterales;f__Maricaulaceae;g__Robiginitomaculum_A;s__
M24,Aegir_M24_B7,2,Bacteria,Bacteroidota,Bacteroidia,Flavobacteriales,Crocinitomicaceae,Crocinitomix,0,d__Bacteria;p__Bacteroidota;c__Bacteroidia;o__Flavobacteriales;f__Crocinitomicaceae;g__Crocinitomix;s__
M24,Aegir_M24_B70,3,Bacteria,Campylobacterota,Campylobacteria,Campylobacterales,Sulfurimonadaceae,GCA-2733885,0,d__Bacteria;p__Campylobacterota;c__Campylobacteria;o__Campylobacterales;f__Sulfurimonadaceae;g__GCA-2733885;s__
M24,Aegir_M24_B71,5,Bacteria,Planctomycetota,Planctomycetia,Planctomycetales,Planctomycetaceae,Thalassoglobus,0,d__Bacteria;p__Planctomycetota;c__Planctomycetia;o__Planctomycetales;f__Planctomycetaceae;g__Thalassoglobus;s__
M24,Aegir_M24_B72,14,Bacteria,Bacteroidota,Bacteroidia,Flavobacteriales,Crocinitomicaceae,Crocinitomix,0,d__Bacteria;p__Bacteroidota;c__Bacteroidia;o__Flavobacteriales;f__Crocinitomicaceae;g__Crocinitomix;s__
M24,Aegir_M24_B73,4,Bacteria,Pseudomonadota,Gammaproteobacteria,Thiotrichales,Thiotrichaceae,HyVt-477,0,d__Bacteria;p__Pseudomonadota;c__Gammaproteobacteria;o__Thiotrichales;f__Thiotrichaceae;g__HyVt-477;s__
M24,Aegir_M24_B74,0,Bacteria,Campylobacterota,Campylobacteria,Campylobacterales,Sulfurovaceae,UBA1140,0,d__Bacteria;p__Campylobacterota;c__Campylobacteria;o__Campylobacterales;f__Sulfurovaceae;g__UBA1140;s__
M24,Aegir_M24_B75,7,Bacteria,Pseudomonadota,Gammaproteobacteria,Methylococcales,Methylomonadaceae,WTBX01,0,d__Bacteria;p__Pseudomonadota;c__Gammaproteobacteria;o__Methylococcales;f__Methylomonadaceae;g__WTBX01;s__
M24,Aegir_M24_B76,3,Bacteria,Pseudomonadota,Alphaproteobacteria,Rhodobacterales,Rhodobacteraceae,Profundibacter,0,d__Bacteria;p__Pseudomonadota;c__Alphaproteobacteria;o__Rhodobacterales;f__Rhodobacteraceae;g__Profundibacter;s__
M24,Aegir_M24_B77,2,Bacteria,Campylobacterota,Campylobacteria,Campylobacterales,Sulfurovaceae,SZUA-451,0,d__Bacteria;p__Campylobacterota;c__Campylobacteria;o__Campylobacterales;f__Sulfurovaceae;g__SZUA-451;s__
M24,Aegir_M24_B78,5,Bacteria,Pseudomonadota,Gammaproteobacteria,Pseudomonadales,Halieaceae,JBALVT01,0,d__Bacteria;p__Pseudomonadota;c__Gammaproteobacteria;o__Pseudomonadales;f__Halieaceae;g__JBALVT01;s__
M24,Aegir_M24_B79,0,Bacteria,Pseudomonadota,Alphaproteobacteria,Caulobacterales,Maricaulaceae,Robiginitomaculum_A,Robiginitomaculum_A sp024278915,d__Bacteria;p__Pseudomonadota;c__Alphaproteobacteria;o__Caulobacterales;f__Maricaulaceae;g__Robiginitomaculum_A;s__Robiginitomaculum_A sp024278915
M24,Aegir_M24_B8,4,Bacteria,Campylobacterota,Campylobacteria,Campylobacterales,Sulfurovaceae,UBA1140,0,d__Bacteria;p__Campylobacterota;c__Campylobacteria;o__Campylobacterales;f__Sulfurovaceae;g__UBA1140;s__
M24,Aegir_M24_B80,4,Bacteria,Actinomycetota,Acidimicrobiia,Acidimicrobiales,Poriferisodalaceae,DRKF01,0,d__Bacteria;p__Actinomycetota;c__Acidimicrobiia;o__Acidimicrobiales;f__Poriferisodalaceae;g__DRKF01;s__
M24,Aegir_M24_B81,0,Bacteria,Bacteroidota,Bacteroidia,Chitinophagales,Saprospiraceae,0,0,d__Bacteria;p__Bacteroidota;c__Bacteroidia;o__Chitinophagales;f__Saprospiraceae;g__;s__
M24,Aegir_M24_B82,0,Archaea,Thermoproteota,Nitrososphaeria,Nitrososphaerales,Nitrosopumilaceae,Nitrosopumilus,0,d__Archaea;p__Thermoproteota;c__Nitrososphaeria;o__Nitrososphaerales;f__Nitrosopumilaceae;g__Nitrosopumilus;s__
M24,Aegir_M24_B83,0,Bacteria,Campylobacterota,Campylobacteria,Campylobacterales,QNZT01,JANTGR01,0,d__Bacteria;p__Campylobacterota;c__Campylobacteria;o__Campylobacterales;f__QNZT01;g__JANTGR01;s__
M24,Aegir_M24_B84,5,Bacteria,Pseudomonadota,Gammaproteobacteria,Nitrosococcales,Methylophagaceae,GCA-002733105,0,d__Bacteria;p__Pseudomonadota;c__Gammaproteobacteria;o__Nitrosococcales;f__Methylophagaceae;g__GCA-002733105;s__
M24,Aegir_M24_B85,2,Bacteria,Chloroflexota,Anaerolineae,Caldilineales,Caldilineaceae,JAJRVT01,0,d__Bacteria;p__Chloroflexota;c__Anaerolineae;o__Caldilineales;f__Caldilineaceae;g__JAJRVT01;s__
M24,Aegir_M24_B86,15,Bacteria,Planctomycetota,JADGBV01,JADGBV01,JADGBV01,0,0,d__Bacteria;p__Planctomycetota;c__JADGBV01;o__JADGBV01;f__JADGBV01;g__;s__
M24,Aegir_M24_B87,2,Bacteria,Bacteroidota,Bacteroidia,Flavobacteriales,Flavobacteriaceae,Lutimonas,0,d__Bacteria;p__Bacteroidota;c__Bacteroidia;o__Flavobacteriales;f__Flavobacteriaceae;g__Lutimonas;s__
M24,Aegir_M24_B88,3,Bacteria,Bacteroidota,Bacteroidia,Flavobacteriales,Flavobacteriaceae,Lutimonas,0,d__Bacteria;p__Bacteroidota;c__Bacteroidia;o__Flavobacteriales;f__Flavobacteriaceae;g__Lutimonas;s__
M24,Aegir_M24_B89,3,Bacteria,Pseudomonadota,Gammaproteobacteria,Chromatiales,Sedimenticolaceae,Thiolapillus,0,d__Bacteria;p__Pseudomonadota;c__Gammaproteobacteria;o__Chromatiales;f__Sedimenticolaceae;g__Thiolapillus;s__
M24,Aegir_M24_B9,3,Bacteria,Pseudomonadota,Gammaproteobacteria,Thiomicrospirales,Thiomicrospiraceae,Thiomicrorhabdus,0,d__Bacteria;p__Pseudomonadota;c__Gammaproteobacteria;o__Thiomicrospirales;f__Thiomicrospiraceae;g__Thiomicrorhabdus;s__
M24,Aegir_M24_B90,6,Bacteria,Pseudomonadota,Gammaproteobacteria,UBA6429,Thiohalophilaceae,SZUA-37,0,d__Bacteria;p__Pseudomonadota;c__Gammaproteobacteria;o__UBA6429;f__Thiohalophilaceae;g__SZUA-37;s__
M24,Aegir_M24_B91,3,Bacteria,Pseudomonadota,Gammaproteobacteria,Beggiatoales,Beggiatoaceae,BB2,0,d__Bacteria;p__Pseudomonadota;c__Gammaproteobacteria;o__Beggiatoales;f__Beggiatoaceae;g__BB2;s__
M24,Aegir_M24_B92,3,Bacteria,Bacteroidota,Bacteroidia,Flavobacteriales,PHOS-HE28,0,0,d__Bacteria;p__Bacteroidota;c__Bacteroidia;o__Flavobacteriales;f__PHOS-HE28;g__;s__
M24,Aegir_M24_B93,3,Bacteria,Pseudomonadota,Gammaproteobacteria,SZUA-229,SZUA-229,S010-25,0,d__Bacteria;p__Pseudomonadota;c__Gammaproteobacteria;o__SZUA-229;f__SZUA-229;g__S010-25;s__
M24,Aegir_M24_B94,2,Bacteria,Pseudomonadota,Gammaproteobacteria,Pseudomonadales,Azotimanducaceae,JAHRVQ01,0,d__Bacteria;p__Pseudomonadota;c__Gammaproteobacteria;o__Pseudomonadales;f__Azotimanducaceae;g__JAHRVQ01;s__
M24,Aegir_M24_B95,3,Bacteria,Campylobacterota,Campylobacteria,Campylobacterales,Sulfurovaceae,Sulfurovum,0,d__Bacteria;p__Campylobacterota;c__Campylobacteria;o__Campylobacterales;f__Sulfurovaceae;g__Sulfurovum;s__
M24,Aegir_M24_B96,5,Bacteria,Pseudomonadota,Gammaproteobacteria,Thiotrichales,Thiotrichaceae,JAGLBW01,0,d__Bacteria;p__Pseudomonadota;c__Gammaproteobacteria;o__Thiotrichales;f__Thiotrichaceae;g__JAGLBW01;s__
M24,Aegir_M24_B97,5,Bacteria,Pseudomonadota,Alphaproteobacteria,Rhodobacterales,Rhodobacteraceae,UBA3077,0,d__Bacteria;p__Pseudomonadota;c__Alphaproteobacteria;o__Rhodobacterales;f__Rhodobacteraceae;g__UBA3077;s__
M24,Aegir_M24_B98,4,Bacteria,Pseudomonadota,Alphaproteobacteria,Rhodobacterales,Rhodobacteraceae,JAAEUB01,0,d__Bacteria;p__Pseudomonadota;c__Alphaproteobacteria;o__Rhodobacterales;f__Rhodobacteraceae;g__JAAEUB01;s__
M24,Aegir_M24_B99,5,Bacteria,Pseudomonadota,Alphaproteobacteria,Rhodobacterales,Rhodobacteraceae,NVQY01,0,d__Bacteria;p__Pseudomonadota;c__Alphaproteobacteria;o__Rhodobacterales;f__Rhodobacteraceae;g__NVQY01;s__
M25,Aegir_M25_B1,2,Bacteria,Pseudomonadota,Alphaproteobacteria,JAGPBS01,0,0,0,d__Bacteria;p__Pseudomonadota;c__Alphaproteobacteria;o__JAGPBS01;f__;g__;s__
M25,Aegir_M25_B10,4,Bacteria,Pseudomonadota,Alphaproteobacteria,Rhodobacterales,Rhodobacteraceae,NORP23,0,d__Bacteria;p__Pseudomonadota;c__Alphaproteobacteria;o__Rhodobacterales;f__Rhodobacteraceae;g__NORP23;s__
M25,Aegir_M25_B100,1,Bacteria,Aquificota,Aquificia,Aquificales,Hydrogenothermaceae,QNZC01,0,d__Bacteria;p__Aquificota;c__Aquificia;o__Aquificales;f__Hydrogenothermaceae;g__QNZC01;s__
M25,Aegir_M25_B101,1,Bacteria,WOR-3,Hydrothermia,B15-G9,WFZT01,WFZT01,0,d__Bacteria;p__WOR-3;c__Hydrothermia;o__B15-G9;f__WFZT01;g__WFZT01;s__
M25,Aegir_M25_B102,6,Bacteria,Pseudomonadota,Gammaproteobacteria,Methylococcales,Methylomonadaceae,JALSJK01,JALSJK01 sp026989395,d__Bacteria;p__Pseudomonadota;c__Gammaproteobacteria;o__Methylococcales;f__Methylomonadaceae;g__JALSJK01;s__JALSJK01 sp026989395
M25,Aegir_M25_B103,4,Bacteria,Pseudomonadota,Alphaproteobacteria,Rhodobacterales,Rhodobacteraceae,JAAEUB01,0,d__Bacteria;p__Pseudomonadota;c__Alphaproteobacteria;o__Rhodobacterales;f__Rhodobacteraceae;g__JAAEUB01;s__
M25,Aegir_M25_B104,1,Bacteria,WOR-3,Hydrothermia,UBA1063,CAJXJZ01,CAJXJZ01,0,d__Bacteria;p__WOR-3;c__Hydrothermia;o__UBA1063;f__CAJXJZ01;g__CAJXJZ01;s__
M25,Aegir_M25_B105,2,Bacteria,Chloroflexota,Anaerolineae,Aggregatilineales,Aggregatilineaceae,JALSSH01,0,d__Bacteria;p__Chloroflexota;c__Anaerolineae;o__Aggregatilineales;f__Aggregatilineaceae;g__JALSSH01;s__
M25,Aegir_M25_B106,7,Bacteria,Pseudomonadota,Gammaproteobacteria,Nitrosococcales,Methylophagaceae,GCA-002733105,0,d__Bacteria;p__Pseudomonadota;c__Gammaproteobacteria;o__Nitrosococcales;f__Methylophagaceae;g__GCA-002733105;s__
M25,Aegir_M25_B107,0,Archaea,Korarchaeota,Korarchaeia,Korarchaeales,Korarchaeaceae,JAOZFG01,JAOZFG01 sp027491435,d__Archaea;p__Korarchaeota;c__Korarchaeia;o__Korarchaeales;f__Korarchaeaceae;g__JAOZFG01;s__JAOZFG01 sp027491435
M25,Aegir_M25_B108,5,Bacteria,Pseudomonadota,Gammaproteobacteria,J113,J113,J113,0,d__Bacteria;p__Pseudomonadota;c__Gammaproteobacteria;o__J113;f__J113;g__J113;s__
M25,Aegir_M25_B109,1,Archaea,Thermoproteota,Thermoprotei_A,Sulfolobales,Desulfurococcaceae,JALVIT01,0,d__Archaea;p__Thermoproteota;c__Thermoprotei_A;o__Sulfolobales;f__Desulfurococcaceae;g__JALVIT01;s__
M25,Aegir_M25_B11,2,Bacteria,Actinomycetota,Acidimicrobiia,Acidimicrobiales,Poriferisodalaceae,DRKF01,0,d__Bacteria;p__Actinomycetota;c__Acidimicrobiia;o__Acidimicrobiales;f__Poriferisodalaceae;g__DRKF01;s__
M25,Aegir_M25_B110,2,Bacteria,Pseudomonadota,Gammaproteobacteria,Legionellales,Legionellaceae,Legionella_A,0,d__Bacteria;p__Pseudomonadota;c__Gammaproteobacteria;o__Legionellales;f__Legionellaceae;g__Legionella_A;s__
M25,Aegir_M25_B111,0,Archaea,Iainarchaeota,Iainarchaeia,JAADDC01,JAADDC01,0,0,d__Archaea;p__Iainarchaeota;c__Iainarchaeia;o__JAADDC01;f__JAADDC01;g__;s__
M25,Aegir_M25_B112,0,Archaea,Halobacteriota,Archaeoglobi,Archaeoglobales,Archaeoglobaceae,JdFR-41,0,d__Archaea;p__Halobacteriota;c__Archaeoglobi;o__Archaeoglobales;f__Archaeoglobaceae;g__JdFR-41;s__
M25,Aegir_M25_B113,2,Bacteria,Aquificota,Aquificia,Aquificales,Aquificaceae,Hydrogenivirga,0,d__Bacteria;p__Aquificota;c__Aquificia;o__Aquificales;f__Aquificaceae;g__Hydrogenivirga;s__
M25,Aegir_M25_B114,0,Bacteria,Pseudomonadota,Alphaproteobacteria,Caulobacterales,Maricaulaceae,Robiginitomaculum_A,0,d__Bacteria;p__Pseudomonadota;c__Alphaproteobacteria;o__Caulobacterales;f__Maricaulaceae;g__Robiginitomaculum_A;s__
M25,Aegir_M25_B115,1,Bacteria,Acidobacteriota,Holophagae,Thermotomaculales,Thermotomaculaceae,Thermotomaculum,0,d__Bacteria;p__Acidobacteriota;c__Holophagae;o__Thermotomaculales;f__Thermotomaculaceae;g__Thermotomaculum;s__
M25,Aegir_M25_B116,0,Bacteria,Bacteroidota,Bacteroidia,Flavobacteriales,Flavobacteriaceae,Polaribacter,0,d__Bacteria;p__Bacteroidota;c__Bacteroidia;o__Flavobacteriales;f__Flavobacteriaceae;g__Polaribacter;s__
M25,Aegir_M25_B117,0,Archaea,Thermoproteota,Thermoprotei_A,Sulfolobales,WANQ01,JALWGO01,0,d__Archaea;p__Thermoproteota;c__Thermoprotei_A;o__Sulfolobales;f__WANQ01;g__JALWGO01;s__
M25,Aegir_M25_B118,0,Bacteria,Patescibacteriota,WWE3,2-01-FULL-39-13,2-01-FULL-39-13,0,0,d__Bacteria;p__Patescibacteriota;c__WWE3;o__2-01-FULL-39-13;f__2-01-FULL-39-13;g__;s__
M25,Aegir_M25_B119,0,Archaea,Iainarchaeota,Iainarchaeia,JAADDC01,JAADDC01,0,0,d__Archaea;p__Iainarchaeota;c__Iainarchaeia;o__JAADDC01;f__JAADDC01;g__;s__
M25,Aegir_M25_B12,2,Bacteria,Myxococcota,UBA796,UBA796,UBA2385,S143-5,0,d__Bacteria;p__Myxococcota;c__UBA796;o__UBA796;f__UBA2385;g__S143-5;s__
M25,Aegir_M25_B120,0,Archaea,Micrarchaeota,Micrarchaeia,Anstonellales,Bilamarchaeaceae,0,0,d__Archaea;p__Micrarchaeota;c__Micrarchaeia;o__Anstonellales;f__Bilamarchaeaceae;g__;s__
M25,Aegir_M25_B121,2,Bacteria,Desulfobacterota,Dissulfuribacteria,Dissulfuribacterales,S140-46,S140-46,0,d__Bacteria;p__Desulfobacterota;c__Dissulfuribacteria;o__Dissulfuribacterales;f__S140-46;g__S140-46;s__
M25,Aegir_M25_B122,7,Bacteria,Pseudomonadota,Gammaproteobacteria,Methylococcales,Methylothermaceae,Methylohalobius,0,d__Bacteria;p__Pseudomonadota;c__Gammaproteobacteria;o__Methylococcales;f__Methylothermaceae;g__Methylohalobius;s__
M25,Aegir_M25_B123,1,Archaea,Thermoproteota,Thermoprotei_A,Sulfolobales,Desulfurococcaceae,WAON01,0,d__Archaea;p__Thermoproteota;c__Thermoprotei_A;o__Sulfolobales;f__Desulfurococcaceae;g__WAON01;s__
M25,Aegir_M25_B124,3,Bacteria,Chloroflexota,Anaerolineae,J102,J102,M2005,0,d__Bacteria;p__Chloroflexota;c__Anaerolineae;o__J102;f__J102;g__M2005;s__
M25,Aegir_M25_B125,6,Bacteria,Chloroflexota,Anaerolineae,4572-78,J111,J111,0,d__Bacteria;p__Chloroflexota;c__Anaerolineae;o__4572-78;f__J111;g__J111;s__
M25,Aegir_M25_B126,0,Bacteria,Bacteroidota,Bacteroidia,Bacteroidales,S143-33,0,0,d__Bacteria;p__Bacteroidota;c__Bacteroidia;o__Bacteroidales;f__S143-33;g__;s__
M25,Aegir_M25_B127,8,Bacteria,Pseudomonadota,Gammaproteobacteria,Burkholderiales,Burkholderiaceae,Ralstonia,Ralstonia sp913056305,d__Bacteria;p__Pseudomonadota;c__Gammaproteobacteria;o__Burkholderiales;f__Burkholderiaceae;g__Ralstonia;s__Ralstonia sp913056305
M25,Aegir_M25_B128,1,Bacteria,Thermotogota,Thermotogae,Thermotogales,Thermotogaceae,0,0,d__Bacteria;p__Thermotogota;c__Thermotogae;o__Thermotogales;f__Thermotogaceae;g__;s__
M25,Aegir_M25_B129,1,Bacteria,Aquificota,Aquificia,Aquificales,Hydrogenothermaceae,Hydrogenothermus,0,d__Bacteria;p__Aquificota;c__Aquificia;o__Aquificales;f__Hydrogenothermaceae;g__Hydrogenothermus;s__
M25,Aegir_M25_B13,7,Bacteria,Myxococcota,UBA796,UBA796,0,0,0,d__Bacteria;p__Myxococcota;c__UBA796;o__UBA796;f__;g__;s__
M25,Aegir_M25_B130,2,Bacteria,Bacteroidota,Bacteroidia,Flavobacteriales,Salibacteraceae,CAJXZP01,0,d__Bacteria;p__Bacteroidota;c__Bacteroidia;o__Flavobacteriales;f__Salibacteraceae;g__CAJXZP01;s__
M25,Aegir_M25_B131,4,Bacteria,Aquificota,Aquificia,Aquificales,Hydrogenothermaceae,Hydrogenothermus,0,d__Bacteria;p__Aquificota;c__Aquificia;o__Aquificales;f__Hydrogenothermaceae;g__Hydrogenothermus;s__
M25,Aegir_M25_B132,1,Archaea,Thermoproteota,Thermoprotei_A,Sulfolobales,NBVN01,WAOK01,0,d__Archaea;p__Thermoproteota;c__Thermoprotei_A;o__Sulfolobales;f__NBVN01;g__WAOK01;s__
M25,Aegir_M25_B133,1,Bacteria,Bacteroidota,Bacteroidia,Flavobacteriales,CAJJDF01,CAJJDF01,0,d__Bacteria;p__Bacteroidota;c__Bacteroidia;o__Flavobacteriales;f__CAJJDF01;g__CAJJDF01;s__
M25,Aegir_M25_B134,3,Bacteria,Campylobacterota,Campylobacteria,Campylobacterales,0,0,0,d__Bacteria;p__Campylobacterota;c__Campylobacteria;o__Campylobacterales;f__;g__;s__
M25,Aegir_M25_B135,0,Bacteria,Campylobacterota,Campylobacteria,Campylobacterales,0,0,0,d__Bacteria;p__Campylobacterota;c__Campylobacteria;o__Campylobacterales;f__;g__;s__
M25,Aegir_M25_B136,1,Bacteria,Pseudomonadota,Alphaproteobacteria,Geminicoccales,Geminicoccaceae,HRBIN39,0,d__Bacteria;p__Pseudomonadota;c__Alphaproteobacteria;o__Geminicoccales;f__Geminicoccaceae;g__HRBIN39;s__
M25,Aegir_M25_B137,1,Bacteria,DRYD01,DRYD01,0,0,0,0,d__Bacteria;p__DRYD01;c__DRYD01;o__;f__;g__;s__
M25,Aegir_M25_B138,3,Bacteria,Pseudomonadota,Gammaproteobacteria,S140-43,S140-43,S140-43,0,d__Bacteria;p__Pseudomonadota;c__Gammaproteobacteria;o__S140-43;f__S140-43;g__S140-43;s__
M25,Aegir_M25_B139,2,Bacteria,Pseudomonadota,Gammaproteobacteria,J048,J048,0,0,d__Bacteria;p__Pseudomonadota;c__Gammaproteobacteria;o__J048;f__J048;g__;s__
M25,Aegir_M25_B14,6,Bacteria,Pseudomonadota,Gammaproteobacteria,Beggiatoales,Beggiatoaceae,JAUXCJ01,0,d__Bacteria;p__Pseudomonadota;c__Gammaproteobacteria;o__Beggiatoales;f__Beggiatoaceae;g__JAUXCJ01;s__
M25,Aegir_M25_B140,1,Bacteria,Campylobacterota,Campylobacteria,Campylobacterales,Sulfurimonadaceae,BB10,0,d__Bacteria;p__Campylobacterota;c__Campylobacteria;o__Campylobacterales;f__Sulfurimonadaceae;g__BB10;s__
M25,Aegir_M25_B141,0,Archaea,Thermoproteota,Thermoprotei_A,Sulfolobales,Acidilobaceae,0,0,d__Archaea;p__Thermoproteota;c__Thermoprotei_A;o__Sulfolobales;f__Acidilobaceae;g__;s__
M25,Aegir_M25_B142,1,Bacteria,Chloroflexota,Anaerolineae,4572-78,4572-78,JANTHQ01,0,d__Bacteria;p__Chloroflexota;c__Anaerolineae;o__4572-78;f__4572-78;g__JANTHQ01;s__
M25,Aegir_M25_B143,0,Archaea,Asgardarchaeota,Njordarchaeia,Njordarchaeales,JAHKLH01,JAHKLH01,0,d__Archaea;p__Asgardarchaeota;c__Njordarchaeia;o__Njordarchaeales;f__JAHKLH01;g__JAHKLH01;s__
M25,Aegir_M25_B144,4,Bacteria,Pseudomonadota,Gammaproteobacteria,Thiotrichales,Thiotrichaceae,Cocleimonas,0,d__Bacteria;p__Pseudomonadota;c__Gammaproteobacteria;o__Thiotrichales;f__Thiotrichaceae;g__Cocleimonas;s__
M25,Aegir_M25_B145,0,Bacteria,Campylobacterota,Campylobacteria,Campylobacterales,Hydrogenimonadaceae,0,0,d__Bacteria;p__Campylobacterota;c__Campylobacteria;o__Campylobacterales;f__Hydrogenimonadaceae;g__;s__
M25,Aegir_M25_B146,1,Archaea,Nanobdellota,Nanobdellia,Nanobdellales,0,0,0,d__Archaea;p__Nanobdellota;c__Nanobdellia;o__Nanobdellales;f__;g__;s__
M25,Aegir_M25_B147,2,Archaea,Korarchaeota,Korarchaeia,Korarchaeales,Korarchaeaceae,DRBY01,DRBY01 sp027491415,d__Archaea;p__Korarchaeota;c__Korarchaeia;o__Korarchaeales;f__Korarchaeaceae;g__DRBY01;s__DRBY01 sp027491415
M25,Aegir_M25_B148,0,Bacteria,DYJV01,DYJV01,DYJV01,JALVYZ01,JALVYZ01,0,d__Bacteria;p__DYJV01;c__DYJV01;o__DYJV01;f__JALVYZ01;g__JALVYZ01;s__
M25,Aegir_M25_B149,0,Archaea,Nanobdellota,Nanobdellia,Nanobdellales,Nanobdellaceae,0,0,d__Archaea;p__Nanobdellota;c__Nanobdellia;o__Nanobdellales;f__Nanobdellaceae;g__;s__
M25,Aegir_M25_B15,8,Bacteria,Myxococcota,Polyangia,Nannocystales,Nannocystaceae,0,0,d__Bacteria;p__Myxococcota;c__Polyangia;o__Nannocystales;f__Nannocystaceae;g__;s__
M25,Aegir_M25_B150,0,Bacteria,Bacteroidota,Bacteroidia,Flavobacteriales,Vicingaceae,UBA852,0,d__Bacteria;p__Bacteroidota;c__Bacteroidia;o__Flavobacteriales;f__Vicingaceae;g__UBA852;s__
M25,Aegir_M25_B151,0,Archaea,Thermoproteota,Thermoprotei_A,Sulfolobales,Pyrodictiaceae,Pyrofollis,0,d__Archaea;p__Thermoproteota;c__Thermoprotei_A;o__Sulfolobales;f__Pyrodictiaceae;g__Pyrofollis;s__
M25,Aegir_M25_B152,0,Archaea,Thermoproteota,Thermoprotei_A,Sulfolobales,Pyrodictiaceae,0,0,d__Archaea;p__Thermoproteota;c__Thermoprotei_A;o__Sulfolobales;f__Pyrodictiaceae;g__;s__
M25,Aegir_M25_B153,6,Bacteria,Myxococcota,UBA796,UBA796,GCA-2862545,0,0,d__Bacteria;p__Myxococcota;c__UBA796;o__UBA796;f__GCA-2862545;g__;s__
M25,Aegir_M25_B154,3,Bacteria,Bacteroidota_A,Kapaibacteriia,Kapaibacteriales,UBA2268,ChocPot-Mid,0,d__Bacteria;p__Bacteroidota_A;c__Kapaibacteriia;o__Kapaibacteriales;f__UBA2268;g__ChocPot-Mid;s__
M25,Aegir_M25_B155,2,Bacteria,WOR-3,Hydrothermia,JBDRYB01,JBDRYB01,0,0,d__Bacteria;p__WOR-3;c__Hydrothermia;o__JBDRYB01;f__JBDRYB01;g__;s__
M25,Aegir_M25_B156,0,Bacteria,Atribacterota,JALVIU01,JALVIU01,JALVIU01,JALVIU01,0,d__Bacteria;p__Atribacterota;c__JALVIU01;o__JALVIU01;f__JALVIU01;g__JALVIU01;s__
M25,Aegir_M25_B157,2,Bacteria,Desulfobacterota_I,Desulfovibrionia,Desulfovibrionales,Desulfothermaceae,0,0,d__Bacteria;p__Desulfobacterota_I;c__Desulfovibrionia;o__Desulfovibrionales;f__Desulfothermaceae;g__;s__
M25,Aegir_M25_B158,0,Bacteria,Chloroflexota,Anaerolineae,Anaerolineales,DRMV01,DUEP01,0,d__Bacteria;p__Chloroflexota;c__Anaerolineae;o__Anaerolineales;f__DRMV01;g__DUEP01;s__
M25,Aegir_M25_B159,0,Bacteria,Thermotogota,Thermotogae,Thermotogales,Thermotogaceae,0,0,d__Bacteria;p__Thermotogota;c__Thermotogae;o__Thermotogales;f__Thermotogaceae;g__;s__
M25,Aegir_M25_B16,1,Bacteria,Bacteroidota,Bacteroidia,Bacteroidales,JALTDM01,JALTDM01,0,d__Bacteria;p__Bacteroidota;c__Bacteroidia;o__Bacteroidales;f__JALTDM01;g__JALTDM01;s__
M25,Aegir_M25_B160,0,Archaea,Thermoproteota,Thermoprotei_A,Sulfolobales,Pyrodictiaceae,Hyperthermus,0,d__Archaea;p__Thermoproteota;c__Thermoprotei_A;o__Sulfolobales;f__Pyrodictiaceae;g__Hyperthermus;s__
M25,Aegir_M25_B161,0,Bacteria,Planctomycetota,Phycisphaerae,Phycisphaerales,UBA1924,UBA1924,0,d__Bacteria;p__Planctomycetota;c__Phycisphaerae;o__Phycisphaerales;f__UBA1924;g__UBA1924;s__
M25,Aegir_M25_B162,0,Bacteria,Chloroflexota,Anaerolineae,Anaerolineales,DRMV01,DRMV01,0,d__Bacteria;p__Chloroflexota;c__Anaerolineae;o__Anaerolineales;f__DRMV01;g__DRMV01;s__
M25,Aegir_M25_B163,1,Bacteria,Aquificota,Aquificia,Aquificales,Hydrogenothermaceae,Hydrogenothermus,0,d__Bacteria;p__Aquificota;c__Aquificia;o__Aquificales;f__Hydrogenothermaceae;g__Hydrogenothermus;s__
M25,Aegir_M25_B164,1,Bacteria,Campylobacterota,Campylobacteria,Campylobacterales,Nitratiruptoraceae,Nitrosophilus_A,0,d__Bacteria;p__Campylobacterota;c__Campylobacteria;o__Campylobacterales;f__Nitratiruptoraceae;g__Nitrosophilus_A;s__
M25,Aegir_M25_B165,5,Bacteria,Bacteroidota_A,Ignavibacteria,Ignavibacteriales,Melioribacteraceae,GCA-2746605,0,d__Bacteria;p__Bacteroidota_A;c__Ignavibacteria;o__Ignavibacteriales;f__Melioribacteraceae;g__GCA-2746605;s__
M25,Aegir_M25_B166,0,Bacteria,Chloroflexota,Anaerolineae,Anaerolineales,DRMV01,S139-71,0,d__Bacteria;p__Chloroflexota;c__Anaerolineae;o__Anaerolineales;f__DRMV01;g__S139-71;s__
M25,Aegir_M25_B167,0,Bacteria,Campylobacterota,Campylobacteria,Campylobacterales,SZUA-545,JAOXRY01,0,d__Bacteria;p__Campylobacterota;c__Campylobacteria;o__Campylobacterales;f__SZUA-545;g__JAOXRY01;s__
M25,Aegir_M25_B168,0,Bacteria,JALSQH01,JALSQH01,0,0,0,0,d__Bacteria;p__JALSQH01;c__JALSQH01;o__;f__;g__;s__
M25,Aegir_M25_B169,1,Bacteria,Pseudomonadota,Gammaproteobacteria,Xanthomonadales,SZUA-36,SZUA-51,0,d__Bacteria;p__Pseudomonadota;c__Gammaproteobacteria;o__Xanthomonadales;f__SZUA-36;g__SZUA-51;s__
M25,Aegir_M25_B17,2,Bacteria,Desulfobacterota,DSM-4660,Desulfatiglandales,JALVZP01,0,0,d__Bacteria;p__Desulfobacterota;c__DSM-4660;o__Desulfatiglandales;f__JALVZP01;g__;s__
M25,Aegir_M25_B170,3,Bacteria,Bacteroidota,Bacteroidia,Flavobacteriales,Flavobacteriaceae,S010-17,0,d__Bacteria;p__Bacteroidota;c__Bacteroidia;o__Flavobacteriales;f__Flavobacteriaceae;g__S010-17;s__
M25,Aegir_M25_B171,2,Bacteria,Pseudomonadota,Gammaproteobacteria,Methylococcales,Methylomonadaceae,Methyloprofundus,Methyloprofundus sp900128525,d__Bacteria;p__Pseudomonadota;c__Gammaproteobacteria;o__Methylococcales;f__Methylomonadaceae;g__Methyloprofundus;s__Methyloprofundus sp900128525
M25,Aegir_M25_B172,1,Bacteria,Bacteroidota,Bacteroidia,Bacteroidales,NBLH01,NBLH01,0,d__Bacteria;p__Bacteroidota;c__Bacteroidia;o__Bacteroidales;f__NBLH01;g__NBLH01;s__
M25,Aegir_M25_B173,0,Bacteria,Campylobacterota,Campylobacteria,Campylobacterales,Sulfurovaceae,Sulfurovum,0,d__Bacteria;p__Campylobacterota;c__Campylobacteria;o__Campylobacterales;f__Sulfurovaceae;g__Sulfurovum;s__
M25,Aegir_M25_B174,2,Bacteria,Myxococcota,SURF-8,0,0,0,0,d__Bacteria;p__Myxococcota;c__SURF-8;o__;f__;g__;s__
M25,Aegir_M25_B175,0,Bacteria,DYJV01,DYJV01,DYJV01,JALVYZ01,JALVYZ01,0,d__Bacteria;p__DYJV01;c__DYJV01;o__DYJV01;f__JALVYZ01;g__JALVYZ01;s__
M25,Aegir_M25_B176,0,Archaea,Thermoplasmatota,Thermoplasmata,WALJ01,WALJ01,WALJ01,0,d__Archaea;p__Thermoplasmatota;c__Thermoplasmata;o__WALJ01;f__WALJ01;g__WALJ01;s__
M25,Aegir_M25_B177,0,Archaea,Micrarchaeota,Micrarchaeia,Anstonellales,J096,0,0,d__Archaea;p__Micrarchaeota;c__Micrarchaeia;o__Anstonellales;f__J096;g__;s__
M25,Aegir_M25_B178,2,Archaea,Thermoproteota,Thermoprotei_A,Sulfolobales,WAQK01,JALWQH01,0,d__Archaea;p__Thermoproteota;c__Thermoprotei_A;o__Sulfolobales;f__WAQK01;g__JALWQH01;s__
M25,Aegir_M25_B18,1,Archaea,Thermoproteota,Thermoprotei_A,Sulfolobales,NBVN01,EX4484-204,0,d__Archaea;p__Thermoproteota;c__Thermoprotei_A;o__Sulfolobales;f__NBVN01;g__EX4484-204;s__
M25,Aegir_M25_B180,0,Bacteria,Chloroflexota,Anaerolineae,JAADDB01,JAADDB01,0,0,d__Bacteria;p__Chloroflexota;c__Anaerolineae;o__JAADDB01;f__JAADDB01;g__;s__
M25,Aegir_M25_B181,0,Bacteria,Chloroflexota,Anaerolineae,Anaerolineales,DRMV01,JAADEN01,0,d__Bacteria;p__Chloroflexota;c__Anaerolineae;o__Anaerolineales;f__DRMV01;g__JAADEN01;s__
M25,Aegir_M25_B182,0,Bacteria,Campylobacterota,Campylobacteria,Campylobacterales,QNZT01,QNZT01,0,d__Bacteria;p__Campylobacterota;c__Campylobacteria;o__Campylobacterales;f__QNZT01;g__QNZT01;s__
M25,Aegir_M25_B183,0,Archaea,Aenigmatarchaeota,Aenigmatarchaeia,GW2011-AR5,WALA01,0,0,d__Archaea;p__Aenigmatarchaeota;c__Aenigmatarchaeia;o__GW2011-AR5;f__WALA01;g__;s__
M25,Aegir_M25_B184,1,Archaea,Thermoproteota,Thermoprotei_A,Sulfolobales,Fervidicoccaceae,0,0,d__Archaea;p__Thermoproteota;c__Thermoprotei_A;o__Sulfolobales;f__Fervidicoccaceae;g__;s__
M25,Aegir_M25_B185,0,Archaea,Thermoproteota,Thermoprotei_A,Sulfolobales,Pyrodictiaceae,JBEVCE01,0,d__Archaea;p__Thermoproteota;c__Thermoprotei_A;o__Sulfolobales;f__Pyrodictiaceae;g__JBEVCE01;s__
M25,Aegir_M25_B186,0,Bacteria,WOR-3,Hydrothermia,B15-G9,WFZT01,WFZT01,0,d__Bacteria;p__WOR-3;c__Hydrothermia;o__B15-G9;f__WFZT01;g__WFZT01;s__
M25,Aegir_M25_B187,4,Bacteria,Acidobacteriota,Thermoanaerobaculia,Thermoanaerobaculales,Sulfomarinibacteraceae,JAMOVQ01,0,d__Bacteria;p__Acidobacteriota;c__Thermoanaerobaculia;o__Thermoanaerobaculales;f__Sulfomarinibacteraceae;g__JAMOVQ01;s__
M25,Aegir_M25_B188,6,Bacteria,Zhuqueibacterota,Zhuqueibacteria,Oleimicrobiales,Geothermoviventaceae,Geothermovivens,0,d__Bacteria;p__Zhuqueibacterota;c__Zhuqueibacteria;o__Oleimicrobiales;f__Geothermoviventaceae;g__Geothermovivens;s__
M25,Aegir_M25_B189,2,Bacteria,Cyanobacteriota,Sericytochromatia,UBA7694,UBA7694,CAXRDE01,0,d__Bacteria;p__Cyanobacteriota;c__Sericytochromatia;o__UBA7694;f__UBA7694;g__CAXRDE01;s__
M25,Aegir_M25_B19,0,Archaea,Methanobacteriota_B,Thermococci,Thermococcales,Thermococcaceae,Thermococcus,0,d__Archaea;p__Methanobacteriota_B;c__Thermococci;o__Thermococcales;f__Thermococcaceae;g__Thermococcus;s__
M25,Aegir_M25_B190,3,Bacteria,Pseudomonadota,Alphaproteobacteria,Rhodobacterales,Rhodobacteraceae,Profundibacter,0,d__Bacteria;p__Pseudomonadota;c__Alphaproteobacteria;o__Rhodobacterales;f__Rhodobacteraceae;g__Profundibacter;s__
M25,Aegir_M25_B191,5,Bacteria,Pseudomonadota,Gammaproteobacteria,Methylococcales,Methylomonadaceae,Methylomarinum,0,d__Bacteria;p__Pseudomonadota;c__Gammaproteobacteria;o__Methylococcales;f__Methylomonadaceae;g__Methylomarinum;s__
M25,Aegir_M25_B192,0,Archaea,Thermoproteota,Thermoprotei_A,Sulfolobales,Acidilobaceae,S143-63,0,d__Archaea;p__Thermoproteota;c__Thermoprotei_A;o__Sulfolobales;f__Acidilobaceae;g__S143-63;s__
M25,Aegir_M25_B193,3,Bacteria,Pseudomonadota,Alphaproteobacteria,Rhodobacterales,Rhodobacteraceae,Profundibacter,Profundibacter amoris,d__Bacteria;p__Pseudomonadota;c__Alphaproteobacteria;o__Rhodobacterales;f__Rhodobacteraceae;g__Profundibacter;s__Profundibacter amoris
M25,Aegir_M25_B194,1,Bacteria,WOR-3,Hydrothermia,WGAB01,0,0,0,d__Bacteria;p__WOR-3;c__Hydrothermia;o__WGAB01;f__;g__;s__
M25,Aegir_M25_B195,1,Archaea,Thermoproteota,Thermoprotei_A,Sulfolobales,Pyrodictiaceae,QNYQ01,0,d__Archaea;p__Thermoproteota;c__Thermoprotei_A;o__Sulfolobales;f__Pyrodictiaceae;g__QNYQ01;s__
M25,Aegir_M25_B196,1,Bacteria,Campylobacterota,Campylobacteria,Campylobacterales,Sulfurimonadaceae,Sulfurimonas,0,d__Bacteria;p__Campylobacterota;c__Campylobacteria;o__Campylobacterales;f__Sulfurimonadaceae;g__Sulfurimonas;s__
M25,Aegir_M25_B197,1,Bacteria,Campylobacterota,Campylobacteria,Campylobacterales,Sulfurimonadaceae,S145-25,0,d__Bacteria;p__Campylobacterota;c__Campylobacteria;o__Campylobacterales;f__Sulfurimonadaceae;g__S145-25;s__
M25,Aegir_M25_B198,2,Bacteria,Aquificota,Aquificia,Aquificales,Hydrogenothermaceae,JAADDV01,0,d__Bacteria;p__Aquificota;c__Aquificia;o__Aquificales;f__Hydrogenothermaceae;g__JAADDV01;s__
M25,Aegir_M25_B199,2,Bacteria,Bacteroidota,Bacteroidia,Bacteroidales,F082,Sulfidibacterium,0,d__Bacteria;p__Bacteroidota;c__Bacteroidia;o__Bacteroidales;f__F082;g__Sulfidibacterium;s__
M25,Aegir_M25_B2,0,Archaea,Aenigmatarchaeota,Aenigmatarchaeia,CG10238-14,SpSt-28,JAGGZO01,0,d__Archaea;p__Aenigmatarchaeota;c__Aenigmatarchaeia;o__CG10238-14;f__SpSt-28;g__JAGGZO01;s__
M25,Aegir_M25_B20,0,Bacteria,Deinococcota,Deinococci,Deinococcales,Marinithermaceae,WFXV01,0,d__Bacteria;p__Deinococcota;c__Deinococci;o__Deinococcales;f__Marinithermaceae;g__WFXV01;s__
M25,Aegir_M25_B200,3,Bacteria,Bacteroidota_A,Ignavibacteria,Ignavibacteriales,Melioribacteraceae,WGAL01,0,d__Bacteria;p__Bacteroidota_A;c__Ignavibacteria;o__Ignavibacteriales;f__Melioribacteraceae;g__WGAL01;s__
M25,Aegir_M25_B201,0,Archaea,Thermoproteota,Thermoprotei_A,Sulfolobales,Acidilobaceae,0,0,d__Archaea;p__Thermoproteota;c__Thermoprotei_A;o__Sulfolobales;f__Acidilobaceae;g__;s__
M25,Aegir_M25_B202,0,Bacteria,Patescibacteriota,Dojkabacteria,GCA-002793355,GCA-002793355,0,0,d__Bacteria;p__Patescibacteriota;c__Dojkabacteria;o__GCA-002793355;f__GCA-002793355;g__;s__
M25,Aegir_M25_B203,0,Archaea,Thermoproteota,Thermoprotei_A,Sulfolobales,Acidilobaceae,Calypsonella,0,d__Archaea;p__Thermoproteota;c__Thermoprotei_A;o__Sulfolobales;f__Acidilobaceae;g__Calypsonella;s__
M25,Aegir_M25_B204,0,Archaea,Thermoproteota,Thermoprotei_A,Sulfolobales,Acidilobaceae,JALWTO01,0,d__Archaea;p__Thermoproteota;c__Thermoprotei_A;o__Sulfolobales;f__Acidilobaceae;g__JALWTO01;s__
M25,Aegir_M25_B205,4,Bacteria,Pseudomonadota,Gammaproteobacteria,Nitrosococcales,Methylophagaceae,GCA-002733105,0,d__Bacteria;p__Pseudomonadota;c__Gammaproteobacteria;o__Nitrosococcales;f__Methylophagaceae;g__GCA-002733105;s__
M25,Aegir_M25_B206,0,Bacteria,Chloroflexota,Anaerolineae,Aggregatilineales,Phototrophicaceae,S146-30,0,d__Bacteria;p__Chloroflexota;c__Anaerolineae;o__Aggregatilineales;f__Phototrophicaceae;g__S146-30;s__
M25,Aegir_M25_B207,0,Bacteria,Spirochaetota,Brevinematia,Brevinematales,0,0,0,d__Bacteria;p__Spirochaetota;c__Brevinematia;o__Brevinematales;f__;g__;s__
M25,Aegir_M25_B208,0,Archaea,Iainarchaeota,Iainarchaeia,JAADDC01,JAADDC01,JAADDC01,0,d__Archaea;p__Iainarchaeota;c__Iainarchaeia;o__JAADDC01;f__JAADDC01;g__JAADDC01;s__
M25,Aegir_M25_B209,3,Bacteria,Pseudomonadota,Gammaproteobacteria,Chromatiales,Sedimenticolaceae,Thiolapillus,0,d__Bacteria;p__Pseudomonadota;c__Gammaproteobacteria;o__Chromatiales;f__Sedimenticolaceae;g__Thiolapillus;s__
M25,Aegir_M25_B21,2,Archaea,Methanobacteriota_B,Thermococci,Thermococcales,Thermococcaceae,Thermococcus,0,d__Archaea;p__Methanobacteriota_B;c__Thermococci;o__Thermococcales;f__Thermococcaceae;g__Thermococcus;s__
M25,Aegir_M25_B210,0,Archaea,Thermoproteota,Thermoprotei,Thermofilales,Thermofilaceae,0,0,d__Archaea;p__Thermoproteota;c__Thermoprotei;o__Thermofilales;f__Thermofilaceae;g__;s__
M25,Aegir_M25_B211,0,Archaea,Asgardarchaeota,Njordarchaeia,Njordarchaeales,JAMOTR01,JAMOTR01,0,d__Archaea;p__Asgardarchaeota;c__Njordarchaeia;o__Njordarchaeales;f__JAMOTR01;g__JAMOTR01;s__
M25,Aegir_M25_B212,2,Bacteria,Campylobacterota,Campylobacteria,Campylobacterales,Hydrogenimonadaceae,Hydrogenimonas,0,d__Bacteria;p__Campylobacterota;c__Campylobacteria;o__Campylobacterales;f__Hydrogenimonadaceae;g__Hydrogenimonas;s__
M25,Aegir_M25_B213,4,Bacteria,Pseudomonadota,Gammaproteobacteria,UBA6429,Thiohalophilaceae,JALSSV01,0,d__Bacteria;p__Pseudomonadota;c__Gammaproteobacteria;o__UBA6429;f__Thiohalophilaceae;g__JALSSV01;s__
M25,Aegir_M25_B214,2,Bacteria,Pseudomonadota,Gammaproteobacteria,Thiotrichales,Thiotrichaceae,HyVt-477,0,d__Bacteria;p__Pseudomonadota;c__Gammaproteobacteria;o__Thiotrichales;f__Thiotrichaceae;g__HyVt-477;s__
M25,Aegir_M25_B215,3,Bacteria,Chloroflexota,Anaerolineae,Promineifilales,Promineifilaceae,JAJRTP01,0,d__Bacteria;p__Chloroflexota;c__Anaerolineae;o__Promineifilales;f__Promineifilaceae;g__JAJRTP01;s__
M25,Aegir_M25_B216,5,Bacteria,Pseudomonadota,Gammaproteobacteria,Methylococcales,Methylothermaceae,0,0,d__Bacteria;p__Pseudomonadota;c__Gammaproteobacteria;o__Methylococcales;f__Methylothermaceae;g__;s__
M25,Aegir_M25_B217,0,Bacteria,Pseudomonadota,Alphaproteobacteria,Rhodobacterales,Rhodobacteraceae,JAGRMG01,0,d__Bacteria;p__Pseudomonadota;c__Alphaproteobacteria;o__Rhodobacterales;f__Rhodobacteraceae;g__JAGRMG01;s__
M25,Aegir_M25_B218,1,Archaea,Thermoproteota,Thermoprotei_A,Sulfolobales,Pyrodictiaceae,JBEVCE01,0,d__Archaea;p__Thermoproteota;c__Thermoprotei_A;o__Sulfolobales;f__Pyrodictiaceae;g__JBEVCE01;s__
M25,Aegir_M25_B219,0,Bacteria,Patescibacteriota,Dojkabacteria,B142,JAFGMG01,0,0,d__Bacteria;p__Patescibacteriota;c__Dojkabacteria;o__B142;f__JAFGMG01;g__;s__
M25,Aegir_M25_B22,0,Bacteria,Aquificota,Aquificia,Desulfurobacteriales,Desulfurobacteriaceae,Desulfurobacterium_B,0,d__Bacteria;p__Aquificota;c__Aquificia;o__Desulfurobacteriales;f__Desulfurobacteriaceae;g__Desulfurobacterium_B;s__
M25,Aegir_M25_B220,0,Bacteria,Bacteroidota,Bacteroidia,Flavobacteriales,JAADED01,JALSPZ01,0,d__Bacteria;p__Bacteroidota;c__Bacteroidia;o__Flavobacteriales;f__JAADED01;g__JALSPZ01;s__
M25,Aegir_M25_B221,2,Bacteria,Desulfobacterota,DSM-4660,Desulfatiglandales,JALVZP01,0,0,d__Bacteria;p__Desulfobacterota;c__DSM-4660;o__Desulfatiglandales;f__JALVZP01;g__;s__
M25,Aegir_M25_B222,2,Archaea,Thermoproteota,Thermoprotei_A,Sulfolobales,Desulfurococcaceae,WAML01,0,d__Archaea;p__Thermoproteota;c__Thermoprotei_A;o__Sulfolobales;f__Desulfurococcaceae;g__WAML01;s__
M25,Aegir_M25_B223,0,Archaea,Halobacteriota,Archaeoglobi,Archaeoglobales,Archaeoglobaceae,B5-G16,0,d__Archaea;p__Halobacteriota;c__Archaeoglobi;o__Archaeoglobales;f__Archaeoglobaceae;g__B5-G16;s__
M25,Aegir_M25_B224,3,Bacteria,Desulfobacterota,Dissulfuribacteria,Dissulfuribacterales,Dissulfuribacteraceae,Dissulfuribacter,0,d__Bacteria;p__Desulfobacterota;c__Dissulfuribacteria;o__Dissulfuribacterales;f__Dissulfuribacteraceae;g__Dissulfuribacter;s__
M25,Aegir_M25_B225,5,Bacteria,Pseudomonadota,Gammaproteobacteria,Nitrosococcales,Methylophagaceae,0,0,d__Bacteria;p__Pseudomonadota;c__Gammaproteobacteria;o__Nitrosococcales;f__Methylophagaceae;g__;s__
M25,Aegir_M25_B226,1,Bacteria,Planctomycetota,UBA1135,UBA1135,UBA1135,JALUVI01,0,d__Bacteria;p__Planctomycetota;c__UBA1135;o__UBA1135;f__UBA1135;g__JALUVI01;s__
M25,Aegir_M25_B227,0,Bacteria,Patescibacteriota,Minisyncoccia,Moranbacterales,GCA-2747515,JALVQA01,0,d__Bacteria;p__Patescibacteriota;c__Minisyncoccia;o__Moranbacterales;f__GCA-2747515;g__JALVQA01;s__
M25,Aegir_M25_B228,1,Archaea,Thermoproteota,Thermoprotei_A,Sulfolobales,Acidilobaceae,Calypsonella,0,d__Archaea;p__Thermoproteota;c__Thermoprotei_A;o__Sulfolobales;f__Acidilobaceae;g__Calypsonella;s__
M25,Aegir_M25_B229,3,Bacteria,Calditrichota,Calditrichia,Calditrichales,Calditrichaceae,Caldithrix,0,d__Bacteria;p__Calditrichota;c__Calditrichia;o__Calditrichales;f__Calditrichaceae;g__Caldithrix;s__
M25,Aegir_M25_B23,0,Bacteria,Chloroflexota,Anaerolineae,Anaerolineales,DRMV01,DRMV01,0,d__Bacteria;p__Chloroflexota;c__Anaerolineae;o__Anaerolineales;f__DRMV01;g__DRMV01;s__
M25,Aegir_M25_B230,1,Bacteria,Thermotogota,Thermotogae,Thermotogales,Thermotogaceae,0,0,d__Bacteria;p__Thermotogota;c__Thermotogae;o__Thermotogales;f__Thermotogaceae;g__;s__
M25,Aegir_M25_B231,3,Bacteria,Desulfobacterota,Thermodesulfobacteria,Thermodesulfobacteriales,Thermodesulfatatoraceae,Thermodesulfatator_A,0,d__Bacteria;p__Desulfobacterota;c__Thermodesulfobacteria;o__Thermodesulfobacteriales;f__Thermodesulfatatoraceae;g__Thermodesulfatator_A;s__
M25,Aegir_M25_B232,3,Bacteria,Calditrichota,Calditrichia,Calditrichales,Calditrichaceae,Caldithrix,0,d__Bacteria;p__Calditrichota;c__Calditrichia;o__Calditrichales;f__Calditrichaceae;g__Caldithrix;s__
M25,Aegir_M25_B233,0,Archaea,Korarchaeota,Korarchaeia,Korarchaeales,Korarchaeaceae,WALU01,WALU01 sp027491395,d__Archaea;p__Korarchaeota;c__Korarchaeia;o__Korarchaeales;f__Korarchaeaceae;g__WALU01;s__WALU01 sp027491395
M25,Aegir_M25_B234,0,Bacteria,Campylobacterota,Campylobacteria,Campylobacterales,JALSKU01,JALSKU01,0,d__Bacteria;p__Campylobacterota;c__Campylobacteria;o__Campylobacterales;f__JALSKU01;g__JALSKU01;s__
M25,Aegir_M25_B235,0,Bacteria,Bacteroidota,Bacteroidia,Chitinophagales,Saprospiraceae,JALSTN01,0,d__Bacteria;p__Bacteroidota;c__Bacteroidia;o__Chitinophagales;f__Saprospiraceae;g__JALSTN01;s__
M25,Aegir_M25_B236,0,Bacteria,Campylobacterota,Campylobacteria,Campylobacterales,Sulfurovaceae,Nitratifractor,0,d__Bacteria;p__Campylobacterota;c__Campylobacteria;o__Campylobacterales;f__Sulfurovaceae;g__Nitratifractor;s__
M25,Aegir_M25_B237,2,Bacteria,Pseudomonadota,Gammaproteobacteria,SZUA-229,SZUA-229,GCA-2746365,0,d__Bacteria;p__Pseudomonadota;c__Gammaproteobacteria;o__SZUA-229;f__SZUA-229;g__GCA-2746365;s__
M25,Aegir_M25_B238,2,Bacteria,Pseudomonadota,Gammaproteobacteria,UWMA-0217,UWMA-0217,JALSHZ01,0,d__Bacteria;p__Pseudomonadota;c__Gammaproteobacteria;o__UWMA-0217;f__UWMA-0217;g__JALSHZ01;s__
M25,Aegir_M25_B239,7,Bacteria,Myxococcota,UBA796,UBA796,UBA2385,J125,0,d__Bacteria;p__Myxococcota;c__UBA796;o__UBA796;f__UBA2385;g__J125;s__
M25,Aegir_M25_B24,9,Bacteria,Pseudomonadota,Gammaproteobacteria,Methylococcales,Methylomonadaceae,QPIN01,0,d__Bacteria;p__Pseudomonadota;c__Gammaproteobacteria;o__Methylococcales;f__Methylomonadaceae;g__QPIN01;s__
M25,Aegir_M25_B240,0,Archaea,Micrarchaeota,Micrarchaeia,Anstonellales,J096,WAKO01,0,d__Archaea;p__Micrarchaeota;c__Micrarchaeia;o__Anstonellales;f__J096;g__WAKO01;s__
M25,Aegir_M25_B241,3,Bacteria,Bacteroidota,Bacteroidia,Flavobacteriales,Flavobacteriaceae,Lutimonas,0,d__Bacteria;p__Bacteroidota;c__Bacteroidia;o__Flavobacteriales;f__Flavobacteriaceae;g__Lutimonas;s__
M25,Aegir_M25_B242,1,Bacteria,Bacteroidota,Bacteroidia,Flavobacteriales,Flavobacteriaceae,S010-17,0,d__Bacteria;p__Bacteroidota;c__Bacteroidia;o__Flavobacteriales;f__Flavobacteriaceae;g__S010-17;s__
M25,Aegir_M25_B243,0,Archaea,Micrarchaeota,Micrarchaeia,CAILAH01,CAILAH01,0,0,d__Archaea;p__Micrarchaeota;c__Micrarchaeia;o__CAILAH01;f__CAILAH01;g__;s__
M25,Aegir_M25_B244,0,Bacteria,DYJV01,DYJV01,DYJV01,DYJV01,0,0,d__Bacteria;p__DYJV01;c__DYJV01;o__DYJV01;f__DYJV01;g__;s__
M25,Aegir_M25_B245,3,Bacteria,Aquificota,Aquificia,Aquificales,Hydrogenothermaceae,JALSSE01,0,d__Bacteria;p__Aquificota;c__Aquificia;o__Aquificales;f__Hydrogenothermaceae;g__JALSSE01;s__
M25,Aegir_M25_B246,0,Archaea,Thermoproteota,Thermoprotei,Thermoproteales,Thermocladiaceae,0,0,d__Archaea;p__Thermoproteota;c__Thermoprotei;o__Thermoproteales;f__Thermocladiaceae;g__;s__
M25,Aegir_M25_B247,8,Bacteria,Desulfobacterota,Dissulfuribacteria,Dissulfuribacterales,QOAL01,0,0,d__Bacteria;p__Desulfobacterota;c__Dissulfuribacteria;o__Dissulfuribacterales;f__QOAL01;g__;s__
M25,Aegir_M25_B248,0,Archaea,Thermoproteota,Thermoprotei_A,Sulfolobales,Acidilobaceae,S143-63,0,d__Archaea;p__Thermoproteota;c__Thermoprotei_A;o__Sulfolobales;f__Acidilobaceae;g__S143-63;s__
M25,Aegir_M25_B249,1,Bacteria,Bacteroidota,Bacteroidia,Flavobacteriales,Crocinitomicaceae,UBA4466,UBA4466 sp013373595,d__Bacteria;p__Bacteroidota;c__Bacteroidia;o__Flavobacteriales;f__Crocinitomicaceae;g__UBA4466;s__UBA4466 sp013373595
M25,Aegir_M25_B25,2,Bacteria,Campylobacterota,Campylobacteria,Campylobacterales,Sulfurimonadaceae,JACXUG01,0,d__Bacteria;p__Campylobacterota;c__Campylobacteria;o__Campylobacterales;f__Sulfurimonadaceae;g__JACXUG01;s__
M25,Aegir_M25_B250,0,Archaea,Asgardarchaeota,Njordarchaeia,Njordarchaeales,JAMOTR01,JAMOTR01,0,d__Archaea;p__Asgardarchaeota;c__Njordarchaeia;o__Njordarchaeales;f__JAMOTR01;g__JAMOTR01;s__
M25,Aegir_M25_B251,1,Archaea,Thermoproteota,Thermoprotei_A,Sulfolobales,Pyrodictiaceae,WAQM01,0,d__Archaea;p__Thermoproteota;c__Thermoprotei_A;o__Sulfolobales;f__Pyrodictiaceae;g__WAQM01;s__
M25,Aegir_M25_B252,3,Bacteria,Pseudomonadota,Gammaproteobacteria,Chromatiales,Chromatiaceae,Achromatium,0,d__Bacteria;p__Pseudomonadota;c__Gammaproteobacteria;o__Chromatiales;f__Chromatiaceae;g__Achromatium;s__
M25,Aegir_M25_B253,0,Bacteria,Chloroflexota,Anaerolineae,Anaerolineales,Villigracilaceae,S143-42,0,d__Bacteria;p__Chloroflexota;c__Anaerolineae;o__Anaerolineales;f__Villigracilaceae;g__S143-42;s__
M25,Aegir_M25_B254,3,Bacteria,Chloroflexota,Anaerolineae,Caldilineales,Caldilineaceae,JAJRVT01,0,d__Bacteria;p__Chloroflexota;c__Anaerolineae;o__Caldilineales;f__Caldilineaceae;g__JAJRVT01;s__
M25,Aegir_M25_B255,8,Bacteria,Myxococcota,UBA796,UBA796,CAJQPC01,CAJQPC01,0,d__Bacteria;p__Myxococcota;c__UBA796;o__UBA796;f__CAJQPC01;g__CAJQPC01;s__
M25,Aegir_M25_B26,2,Bacteria,Chloroflexota,Anaerolineae,Anaerolineales,UBA11858,UBA11858,0,d__Bacteria;p__Chloroflexota;c__Anaerolineae;o__Anaerolineales;f__UBA11858;g__UBA11858;s__
M25,Aegir_M25_B27,1,Bacteria,JALSQH01,JALSQH01,JALSQH01,JALSQH01,JALSQH01,0,d__Bacteria;p__JALSQH01;c__JALSQH01;o__JALSQH01;f__JALSQH01;g__JALSQH01;s__
M25,Aegir_M25_B28,0,Archaea,Nanobdellota,Nanobdellia,Woesearchaeales,UBA525,0,0,d__Archaea;p__Nanobdellota;c__Nanobdellia;o__Woesearchaeales;f__UBA525;g__;s__
M25,Aegir_M25_B29,1,Bacteria,Spirochaetota,Leptospiria,Leptospirales,Leptonemataceae,JAGRNA01,0,d__Bacteria;p__Spirochaetota;c__Leptospiria;o__Leptospirales;f__Leptonemataceae;g__JAGRNA01;s__
M25,Aegir_M25_B3,0,Bacteria,Campylobacterota,Campylobacteria,Campylobacterales,Sulfurovaceae,UBA1140,0,d__Bacteria;p__Campylobacterota;c__Campylobacteria;o__Campylobacterales;f__Sulfurovaceae;g__UBA1140;s__
M25,Aegir_M25_B30,0,Bacteria,Chloroflexota,Anaerolineae,B4-G1,DUEL01,JBDOIF01,0,d__Bacteria;p__Chloroflexota;c__Anaerolineae;o__B4-G1;f__DUEL01;g__JBDOIF01;s__
M25,Aegir_M25_B31,0,Archaea,Thermoproteota,Thermoprotei_A,Sulfolobales,Acidilobaceae,S143-63,0,d__Archaea;p__Thermoproteota;c__Thermoprotei_A;o__Sulfolobales;f__Acidilobaceae;g__S143-63;s__
M25,Aegir_M25_B32,1,Bacteria,Bacteroidota,Bacteroidia,Flavobacteriales,Crocinitomicaceae,Putridiphycobacter,0,d__Bacteria;p__Bacteroidota;c__Bacteroidia;o__Flavobacteriales;f__Crocinitomicaceae;g__Putridiphycobacter;s__
M25,Aegir_M25_B33,1,Archaea,Thermoproteota,Thermoprotei_A,Sulfolobales,Desulfurococcaceae,JALVHX01,0,d__Archaea;p__Thermoproteota;c__Thermoprotei_A;o__Sulfolobales;f__Desulfurococcaceae;g__JALVHX01;s__
M25,Aegir_M25_B34,3,Bacteria,Chloroflexota,Anaerolineae,Promineifilales,Promineifilaceae,S016-13,0,d__Bacteria;p__Chloroflexota;c__Anaerolineae;o__Promineifilales;f__Promineifilaceae;g__S016-13;s__
M25,Aegir_M25_B35,4,Bacteria,Pseudomonadota,Gammaproteobacteria,Methylococcales,Methylothermaceae,Methylohalobius,0,d__Bacteria;p__Pseudomonadota;c__Gammaproteobacteria;o__Methylococcales;f__Methylothermaceae;g__Methylohalobius;s__
M25,Aegir_M25_B36,1,Bacteria,Chloroflexota,Anaerolineae,J102,J102,M2005,0,d__Bacteria;p__Chloroflexota;c__Anaerolineae;o__J102;f__J102;g__M2005;s__
M25,Aegir_M25_B37,1,Bacteria,Chloroflexota,Anaerolineae,Aggregatilineales,Ch27,JALSTC01,JALSTC01 sp026983935,d__Bacteria;p__Chloroflexota;c__Anaerolineae;o__Aggregatilineales;f__Ch27;g__JALSTC01;s__JALSTC01 sp026983935
M25,Aegir_M25_B38,6,Bacteria,Desulfobacterota,DSM-4660,Desulfatiglandales,Desulfatiglandaceae,JAGGTJ01,0,d__Bacteria;p__Desulfobacterota;c__DSM-4660;o__Desulfatiglandales;f__Desulfatiglandaceae;g__JAGGTJ01;s__
M25,Aegir_M25_B39,0,Bacteria,Campylobacterota,Campylobacteria,Campylobacterales,Sulfurovaceae,Sulfurovum,0,d__Bacteria;p__Campylobacterota;c__Campylobacteria;o__Campylobacterales;f__Sulfurovaceae;g__Sulfurovum;s__
M25,Aegir_M25_B4,1,Bacteria,Bipolaricaulota,Bipolaricaulia,Bipolaricaulales,Bipolaricaulaceae,0,0,d__Bacteria;p__Bipolaricaulota;c__Bipolaricaulia;o__Bipolaricaulales;f__Bipolaricaulaceae;g__;s__
M25,Aegir_M25_B40,3,Bacteria,Bacteroidota,Bacteroidia,Flavobacteriales,Flavobacteriaceae,Lutimonas,0,d__Bacteria;p__Bacteroidota;c__Bacteroidia;o__Flavobacteriales;f__Flavobacteriaceae;g__Lutimonas;s__
M25,Aegir_M25_B41,0,Bacteria,Bacteroidota,Bacteroidia,Flavobacteriales,Flavobacteriaceae,S010-17,0,d__Bacteria;p__Bacteroidota;c__Bacteroidia;o__Flavobacteriales;f__Flavobacteriaceae;g__S010-17;s__
M25,Aegir_M25_B42,0,Archaea,Thermoproteota,Thermoprotei_A,Sulfolobales,Desulfurococcaceae,WAML01,0,d__Archaea;p__Thermoproteota;c__Thermoprotei_A;o__Sulfolobales;f__Desulfurococcaceae;g__WAML01;s__
M25,Aegir_M25_B43,0,Archaea,Thermoplasmatota,Thermoplasmata,Aciduliprofundales,Aciduliprofundaceae,S014-50,0,d__Archaea;p__Thermoplasmatota;c__Thermoplasmata;o__Aciduliprofundales;f__Aciduliprofundaceae;g__S014-50;s__
M25,Aegir_M25_B44,0,Archaea,Asgardarchaeota,Njordarchaeia,Njordarchaeales,Panguiarchaeaceae,0,0,d__Archaea;p__Asgardarchaeota;c__Njordarchaeia;o__Njordarchaeales;f__Panguiarchaeaceae;g__;s__
M25,Aegir_M25_B45,0,Bacteria,Spirochaetota,Leptospiria,Leptospirales,Leptonemataceae,JAGRNA01,0,d__Bacteria;p__Spirochaetota;c__Leptospiria;o__Leptospirales;f__Leptonemataceae;g__JAGRNA01;s__
M25,Aegir_M25_B46,3,Bacteria,Planctomycetota,Planctomycetia,Pirellulales,Pirellulaceae,Mariniblastus,0,d__Bacteria;p__Planctomycetota;c__Planctomycetia;o__Pirellulales;f__Pirellulaceae;g__Mariniblastus;s__
M25,Aegir_M25_B47,1,Bacteria,Planctomycetota,SZUA-567,SZUA-567,JAFGWW01,0,0,d__Bacteria;p__Planctomycetota;c__SZUA-567;o__SZUA-567;f__JAFGWW01;g__;s__
M25,Aegir_M25_B48,1,Bacteria,Bacteroidota,Bacteroidia,Bacteroidales,S143-33,S143-33,0,d__Bacteria;p__Bacteroidota;c__Bacteroidia;o__Bacteroidales;f__S143-33;g__S143-33;s__
M25,Aegir_M25_B49,0,Bacteria,Bacteroidota,Bacteroidia,Chitinophagales,Saprospiraceae,JADJGA01,0,d__Bacteria;p__Bacteroidota;c__Bacteroidia;o__Chitinophagales;f__Saprospiraceae;g__JADJGA01;s__
M25,Aegir_M25_B5,2,Bacteria,J088,J088,J088,J088,J088,0,d__Bacteria;p__J088;c__J088;o__J088;f__J088;g__J088;s__
M25,Aegir_M25_B50,4,Bacteria,Pseudomonadota,Gammaproteobacteria,Chromatiales,Sedimenticolaceae,MONJU,0,d__Bacteria;p__Pseudomonadota;c__Gammaproteobacteria;o__Chromatiales;f__Sedimenticolaceae;g__MONJU;s__
M25,Aegir_M25_B51,1,Bacteria,WOR-3,Hydrothermia,WGAB01,WGAB01,WGAB01,0,d__Bacteria;p__WOR-3;c__Hydrothermia;o__WGAB01;f__WGAB01;g__WGAB01;s__
M25,Aegir_M25_B52,0,Bacteria,Campylobacterota,Campylobacteria,Campylobacterales,Sulfurovaceae,Nitratifractor,0,d__Bacteria;p__Campylobacterota;c__Campylobacteria;o__Campylobacterales;f__Sulfurovaceae;g__Nitratifractor;s__
M25,Aegir_M25_B53,0,Bacteria,Deinococcota,Deinococci,Deinococcales,Marinithermaceae,Oceanithermus,Oceanithermus sp026981865,d__Bacteria;p__Deinococcota;c__Deinococci;o__Deinococcales;f__Marinithermaceae;g__Oceanithermus;s__Oceanithermus sp026981865
M25,Aegir_M25_B54,4,Bacteria,Planctomycetota,GCA-002687715,GCA-002687715,DRQF01,DRQF01,0,d__Bacteria;p__Planctomycetota;c__GCA-002687715;o__GCA-002687715;f__DRQF01;g__DRQF01;s__
M25,Aegir_M25_B55,3,Bacteria,Pseudomonadota,Gammaproteobacteria,S144-34,S144-34,S144-34,S144-34 sp026989495,d__Bacteria;p__Pseudomonadota;c__Gammaproteobacteria;o__S144-34;f__S144-34;g__S144-34;s__S144-34 sp026989495
M25,Aegir_M25_B56,7,Bacteria,Calditrichota,Calditrichia,RBG-13-44-9,J042,WGBF01,0,d__Bacteria;p__Calditrichota;c__Calditrichia;o__RBG-13-44-9;f__J042;g__WGBF01;s__
M25,Aegir_M25_B57,1,Bacteria,Aquificota,Aquificia,Aquificales,QOAS01,QOAS01,0,d__Bacteria;p__Aquificota;c__Aquificia;o__Aquificales;f__QOAS01;g__QOAS01;s__
M25,Aegir_M25_B58,3,Bacteria,Pseudomonadota,Alphaproteobacteria,Rhodobacterales,Rhodobacteraceae,JAAEUB01,0,d__Bacteria;p__Pseudomonadota;c__Alphaproteobacteria;o__Rhodobacterales;f__Rhodobacteraceae;g__JAAEUB01;s__
M25,Aegir_M25_B59,0,Archaea,Thermoproteota,Thermoprotei_A,Sulfolobales,Acidilobaceae,0,0,d__Archaea;p__Thermoproteota;c__Thermoprotei_A;o__Sulfolobales;f__Acidilobaceae;g__;s__
M25,Aegir_M25_B6,2,Bacteria,Campylobacterota,Campylobacteria,Nautiliales,Nautiliaceae,Caminibacter,0,d__Bacteria;p__Campylobacterota;c__Campylobacteria;o__Nautiliales;f__Nautiliaceae;g__Caminibacter;s__
M25,Aegir_M25_B60,0,Bacteria,WOR-3,Hydrothermia,B15-G9,B15-G9,B15-G9,0,d__Bacteria;p__WOR-3;c__Hydrothermia;o__B15-G9;f__B15-G9;g__B15-G9;s__
M25,Aegir_M25_B61,0,Bacteria,Patescibacteriota,Dojkabacteria,GCA-002793355,GCA-002793355,0,0,d__Bacteria;p__Patescibacteriota;c__Dojkabacteria;o__GCA-002793355;f__GCA-002793355;g__;s__
M25,Aegir_M25_B62,1,Bacteria,JALSQH01,JALSQH01,JALSQH01,JALSQH01,JALSQH01,0,d__Bacteria;p__JALSQH01;c__JALSQH01;o__JALSQH01;f__JALSQH01;g__JALSQH01;s__
M25,Aegir_M25_B63,1,Archaea,Thermoproteota,Thermoprotei_A,Sulfolobales,Pyrodictiaceae,Pyrolobus,0,d__Archaea;p__Thermoproteota;c__Thermoprotei_A;o__Sulfolobales;f__Pyrodictiaceae;g__Pyrolobus;s__
M25,Aegir_M25_B64,2,Bacteria,Aquificota,Aquificia,Aquificales,Hydrogenothermaceae,Persephonella_A,0,d__Bacteria;p__Aquificota;c__Aquificia;o__Aquificales;f__Hydrogenothermaceae;g__Persephonella_A;s__
M25,Aegir_M25_B65,4,Bacteria,Pseudomonadota,Gammaproteobacteria,Methylococcales,Methylomonadaceae,QPIN01,QPIN01 sp026988195,d__Bacteria;p__Pseudomonadota;c__Gammaproteobacteria;o__Methylococcales;f__Methylomonadaceae;g__QPIN01;s__QPIN01 sp026988195
M25,Aegir_M25_B66,1,Bacteria,Thermosulfidibacterota,Thermosulfidibacteria,Thermosulfidibacterales,Thermosulfidibacteraceae,Thermosulfidibacter,0,d__Bacteria;p__Thermosulfidibacterota;c__Thermosulfidibacteria;o__Thermosulfidibacterales;f__Thermosulfidibacteraceae;g__Thermosulfidibacter;s__
M25,Aegir_M25_B67,1,Bacteria,Chloroflexota,Anaerolineae,Aggregatilineales,JALXEW01,JALXEW01,0,d__Bacteria;p__Chloroflexota;c__Anaerolineae;o__Aggregatilineales;f__JALXEW01;g__JALXEW01;s__
M25,Aegir_M25_B68,0,Bacteria,Pseudomonadota,Gammaproteobacteria,DSM-100275,DSM-100275,Inmirania,0,d__Bacteria;p__Pseudomonadota;c__Gammaproteobacteria;o__DSM-100275;f__DSM-100275;g__Inmirania;s__
M25,Aegir_M25_B69,2,Archaea,Thermoproteota,Thermoprotei_A,Sulfolobales,Desulfurococcaceae,WAON01,0,d__Archaea;p__Thermoproteota;c__Thermoprotei_A;o__Sulfolobales;f__Desulfurococcaceae;g__WAON01;s__
M25,Aegir_M25_B7,2,Archaea,Thermoproteota,Thermoprotei_A,Sulfolobales,Desulfurococcaceae,EX4484-58,0,d__Archaea;p__Thermoproteota;c__Thermoprotei_A;o__Sulfolobales;f__Desulfurococcaceae;g__EX4484-58;s__
M25,Aegir_M25_B70,2,Bacteria,Bacteroidota,Bacteroidia,Chitinophagales,Saprospiraceae,UBA6168,0,d__Bacteria;p__Bacteroidota;c__Bacteroidia;o__Chitinophagales;f__Saprospiraceae;g__UBA6168;s__
M25,Aegir_M25_B71,0,Bacteria,Spirochaetota,Leptospiria,Leptospirales,Leptonemataceae,SKYB61,0,d__Bacteria;p__Spirochaetota;c__Leptospiria;o__Leptospirales;f__Leptonemataceae;g__SKYB61;s__
M25,Aegir_M25_B72,0,Archaea,Iainarchaeota,Iainarchaeia,JAADDC01,JAADDC01,SZUA-1452,0,d__Archaea;p__Iainarchaeota;c__Iainarchaeia;o__JAADDC01;f__JAADDC01;g__SZUA-1452;s__
M25,Aegir_M25_B73,3,Bacteria,Desulfobacterota_I,Desulfovibrionia,Desulfovibrionales,Desulfothermaceae,Desulfothermus,0,d__Bacteria;p__Desulfobacterota_I;c__Desulfovibrionia;o__Desulfovibrionales;f__Desulfothermaceae;g__Desulfothermus;s__
M25,Aegir_M25_B74,2,Bacteria,Campylobacterota,Campylobacteria,Campylobacterales,Sulfurovaceae,Sulfurovum,0,d__Bacteria;p__Campylobacterota;c__Campylobacteria;o__Campylobacterales;f__Sulfurovaceae;g__Sulfurovum;s__
M25,Aegir_M25_B75,0,Bacteria,Myxococcota,SURF-8,0,0,0,0,d__Bacteria;p__Myxococcota;c__SURF-8;o__;f__;g__;s__
M25,Aegir_M25_B76,1,Bacteria,Campylobacterota,Campylobacteria,Campylobacterales,Sulfurovaceae,JAADEQ01,0,d__Bacteria;p__Campylobacterota;c__Campylobacteria;o__Campylobacterales;f__Sulfurovaceae;g__JAADEQ01;s__
M25,Aegir_M25_B77,2,Bacteria,Campylobacterota,Campylobacteria,Campylobacterales,Arcobacteraceae,CAIJNA01,0,d__Bacteria;p__Campylobacterota;c__Campylobacteria;o__Campylobacterales;f__Arcobacteraceae;g__CAIJNA01;s__
M25,Aegir_M25_B78,6,Bacteria,Acidobacteriota,Polarisedimenticolia,J045,J045,JAMOQA01,0,d__Bacteria;p__Acidobacteriota;c__Polarisedimenticolia;o__J045;f__J045;g__JAMOQA01;s__
M25,Aegir_M25_B79,2,Bacteria,Bacteroidota,Bacteroidia,Bacteroidales,UBA1556,0,0,d__Bacteria;p__Bacteroidota;c__Bacteroidia;o__Bacteroidales;f__UBA1556;g__;s__
M25,Aegir_M25_B8,2,Bacteria,Desulfobacterota,Syntrophobacteria,Syntrophobacterales,Thermodesulforhabdaceae,JALXAE01,0,d__Bacteria;p__Desulfobacterota;c__Syntrophobacteria;o__Syntrophobacterales;f__Thermodesulforhabdaceae;g__JALXAE01;s__
M25,Aegir_M25_B80,0,Bacteria,Campylobacterota,Campylobacteria,Campylobacterales,Sulfurovaceae,UBA1140,0,d__Bacteria;p__Campylobacterota;c__Campylobacteria;o__Campylobacterales;f__Sulfurovaceae;g__UBA1140;s__
M25,Aegir_M25_B81,4,Bacteria,WOR-3,Hydrothermia,LBFQ01,LBFQ01,JAADCS01,0,d__Bacteria;p__WOR-3;c__Hydrothermia;o__LBFQ01;f__LBFQ01;g__JAADCS01;s__
M25,Aegir_M25_B82,1,Archaea,Halobacteriota,Archaeoglobi,Archaeoglobales,Archaeoglobaceae,0,0,d__Archaea;p__Halobacteriota;c__Archaeoglobi;o__Archaeoglobales;f__Archaeoglobaceae;g__;s__
M25,Aegir_M25_B83,4,Bacteria,Myxococcota,UBA9042,PHBI01,JAAZYN01,0,0,d__Bacteria;p__Myxococcota;c__UBA9042;o__PHBI01;f__JAAZYN01;g__;s__
M25,Aegir_M25_B84,3,Bacteria,Pseudomonadota,Alphaproteobacteria,Rhizobiales,Aestuariivirgaceae,Thermopetrobacter,0,d__Bacteria;p__Pseudomonadota;c__Alphaproteobacteria;o__Rhizobiales;f__Aestuariivirgaceae;g__Thermopetrobacter;s__
M25,Aegir_M25_B85,1,Bacteria,WOR-3,Hydrothermia,JBDRYB01,JBDRYB01,0,0,d__Bacteria;p__WOR-3;c__Hydrothermia;o__JBDRYB01;f__JBDRYB01;g__;s__
M25,Aegir_M25_B86,0,Archaea,Nanobdellota,Nanobdellia,Woesearchaeales,J091,J091,0,d__Archaea;p__Nanobdellota;c__Nanobdellia;o__Woesearchaeales;f__J091;g__J091;s__
M25,Aegir_M25_B87,8,Bacteria,Myxococcota,Polyangia,Polyangiales,SG8-38,JALVDI01,0,d__Bacteria;p__Myxococcota;c__Polyangia;o__Polyangiales;f__SG8-38;g__JALVDI01;s__
M25,Aegir_M25_B88,1,Bacteria,Campylobacterota,Campylobacteria,Campylobacterales,0,0,0,d__Bacteria;p__Campylobacterota;c__Campylobacteria;o__Campylobacterales;f__;g__;s__
M25,Aegir_M25_B89,0,Archaea,Micrarchaeota,Micrarchaeia,Anstonellales,J096,WAKO01,0,d__Archaea;p__Micrarchaeota;c__Micrarchaeia;o__Anstonellales;f__J096;g__WAKO01;s__
M25,Aegir_M25_B9,2,Bacteria,Pseudomonadota,Gammaproteobacteria,Methylococcales,Cycloclasticaceae,Cycloclasticus,0,d__Bacteria;p__Pseudomonadota;c__Gammaproteobacteria;o__Methylococcales;f__Cycloclasticaceae;g__Cycloclasticus;s__
M25,Aegir_M25_B90,2,Bacteria,Aquificota,Aquificia,Aquificales,Aquificaceae,Aquifex,0,d__Bacteria;p__Aquificota;c__Aquificia;o__Aquificales;f__Aquificaceae;g__Aquifex;s__
M25,Aegir_M25_B91,3,Bacteria,Pseudomonadota,Gammaproteobacteria,Arenicellales,Poriferihabitantaceae,0,0,d__Bacteria;p__Pseudomonadota;c__Gammaproteobacteria;o__Arenicellales;f__Poriferihabitantaceae;g__;s__
M25,Aegir_M25_B92,0,Bacteria,Patescibacteriota,Microgenomatia,UBA1400,PJMF01,WFTH01,0,d__Bacteria;p__Patescibacteriota;c__Microgenomatia;o__UBA1400;f__PJMF01;g__WFTH01;s__
M25,Aegir_M25_B93,3,Bacteria,Pseudomonadota,Alphaproteobacteria,Geminicoccales,Geminicoccaceae,JALSRW01,0,d__Bacteria;p__Pseudomonadota;c__Alphaproteobacteria;o__Geminicoccales;f__Geminicoccaceae;g__JALSRW01;s__
M25,Aegir_M25_B94,0,Bacteria,Bacteroidota,Bacteroidia,Chitinophagales,Saprospiraceae,0,0,d__Bacteria;p__Bacteroidota;c__Bacteroidia;o__Chitinophagales;f__Saprospiraceae;g__;s__
M25,Aegir_M25_B95,3,Bacteria,Pseudomonadota,Gammaproteobacteria,GCA-001735895,GCA-001735895,JACNJF01,0,d__Bacteria;p__Pseudomonadota;c__Gammaproteobacteria;o__GCA-001735895;f__GCA-001735895;g__JACNJF01;s__
M25,Aegir_M25_B96,1,Bacteria,J088,J088,J088,0,0,0,d__Bacteria;p__J088;c__J088;o__J088;f__;g__;s__
M25,Aegir_M25_B97,0,Bacteria,Chloroflexota,Anaerolineae,JAADDB01,JAADDB01,0,0,d__Bacteria;p__Chloroflexota;c__Anaerolineae;o__JAADDB01;f__JAADDB01;g__;s__
M25,Aegir_M25_B98,2,Bacteria,Pseudomonadota,Gammaproteobacteria,Chromatiales,Sedimenticolaceae,Thiolapillus,0,d__Bacteria;p__Pseudomonadota;c__Gammaproteobacteria;o__Chromatiales;f__Sedimenticolaceae;g__Thiolapillus;s__
M25,Aegir_M25_B99,1,Bacteria,Chloroflexota,Anaerolineae,B4-G1,B4-G1,JALWUZ01,0,d__Bacteria;p__Chloroflexota;c__Anaerolineae;o__B4-G1;f__B4-G1;g__JALWUZ01;s__
M26,Aegir_M26_B10,0,Bacteria,Campylobacterota,Campylobacteria,Campylobacterales,Sulfurimonadaceae,Sulfurimonas,0,d__Bacteria;p__Campylobacterota;c__Campylobacteria;o__Campylobacterales;f__Sulfurimonadaceae;g__Sulfurimonas;s__
M26,Aegir_M26_B11,6,Bacteria,Pseudomonadota,Gammaproteobacteria,Methylococcales,Methylomonadaceae,Methylomarinum,0,d__Bacteria;p__Pseudomonadota;c__Gammaproteobacteria;o__Methylococcales;f__Methylomonadaceae;g__Methylomarinum;s__
M26,Aegir_M26_B12,2,Bacteria,Campylobacterota,Campylobacteria,Nautiliales,Nautiliaceae,Caminibacter,0,d__Bacteria;p__Campylobacterota;c__Campylobacteria;o__Nautiliales;f__Nautiliaceae;g__Caminibacter;s__
M26,Aegir_M26_B13,1,Bacteria,Bacteroidota,Bacteroidia,Bacteroidales,JALTDM01,JALTDM01,0,d__Bacteria;p__Bacteroidota;c__Bacteroidia;o__Bacteroidales;f__JALTDM01;g__JALTDM01;s__
M26,Aegir_M26_B14,1,Bacteria,Pseudomonadota,Gammaproteobacteria,Thiomicrospirales,Thiomicrospiraceae,Sulfurivirga,0,d__Bacteria;p__Pseudomonadota;c__Gammaproteobacteria;o__Thiomicrospirales;f__Thiomicrospiraceae;g__Sulfurivirga;s__
M26,Aegir_M26_B15,0,Archaea,Thermoproteota,Thermoprotei_A,Sulfolobales,Acidilobaceae,S143-63,0,d__Archaea;p__Thermoproteota;c__Thermoprotei_A;o__Sulfolobales;f__Acidilobaceae;g__S143-63;s__
M26,Aegir_M26_B16,0,Archaea,Nanobdellota,Nanobdellia,0,0,0,0,d__Archaea;p__Nanobdellota;c__Nanobdellia;o__;f__;g__;s__
M26,Aegir_M26_B17,1,Bacteria,Thermosulfidibacterota,Thermosulfidibacteria,Thermosulfidibacterales,Thermosulfidibacteraceae,Thermosulfidibacter,0,d__Bacteria;p__Thermosulfidibacterota;c__Thermosulfidibacteria;o__Thermosulfidibacterales;f__Thermosulfidibacteraceae;g__Thermosulfidibacter;s__
M26,Aegir_M26_B18,2,Bacteria,Aquificota,Aquificia,Aquificales,Hydrogenothermaceae,Hydrogenothermus,0,d__Bacteria;p__Aquificota;c__Aquificia;o__Aquificales;f__Hydrogenothermaceae;g__Hydrogenothermus;s__
M26,Aegir_M26_B19,2,Bacteria,Campylobacterota,Campylobacteria,Nautiliales,Nautiliaceae,0,0,d__Bacteria;p__Campylobacterota;c__Campylobacteria;o__Nautiliales;f__Nautiliaceae;g__;s__
M26,Aegir_M26_B2,1,Bacteria,Campylobacterota,Campylobacteria,Campylobacterales,Hydrogenimonadaceae,Hydrogenimonas,0,d__Bacteria;p__Campylobacterota;c__Campylobacteria;o__Campylobacterales;f__Hydrogenimonadaceae;g__Hydrogenimonas;s__
M26,Aegir_M26_B20,0,Archaea,Thermoproteota,Thermoprotei_A,Sulfolobales,Ignicoccaceae,Ignicoccus,0,d__Archaea;p__Thermoproteota;c__Thermoprotei_A;o__Sulfolobales;f__Ignicoccaceae;g__Ignicoccus;s__
M26,Aegir_M26_B21,2,Bacteria,Campylobacterota,Campylobacteria,Campylobacterales,Sulfurimonadaceae,Sulfurimonas,Sulfurimonas sp030949945,d__Bacteria;p__Campylobacterota;c__Campylobacteria;o__Campylobacterales;f__Sulfurimonadaceae;g__Sulfurimonas;s__Sulfurimonas sp030949945
M26,Aegir_M26_B22,3,Bacteria,Pseudomonadota,Gammaproteobacteria,Thiomicrospirales,Thiomicrospiraceae,Thiosulfativibrio,0,d__Bacteria;p__Pseudomonadota;c__Gammaproteobacteria;o__Thiomicrospirales;f__Thiomicrospiraceae;g__Thiosulfativibrio;s__
M26,Aegir_M26_B23,0,Archaea,Nanobdellota,Nanobdellia,0,0,0,0,d__Archaea;p__Nanobdellota;c__Nanobdellia;o__;f__;g__;s__
M26,Aegir_M26_B24,0,Bacteria,DYJV01,DYJV01,DYJV01,JALVYZ01,JALVYZ01,0,d__Bacteria;p__DYJV01;c__DYJV01;o__DYJV01;f__JALVYZ01;g__JALVYZ01;s__
M26,Aegir_M26_B25,1,Bacteria,Aquificota,Aquificia,Aquificales,Hydrogenothermaceae,Hydrogenothermus,0,d__Bacteria;p__Aquificota;c__Aquificia;o__Aquificales;f__Hydrogenothermaceae;g__Hydrogenothermus;s__
M26,Aegir_M26_B26,8,Bacteria,Pseudomonadota,Gammaproteobacteria,Burkholderiales,Burkholderiaceae,Ralstonia,Ralstonia sp913056305,d__Bacteria;p__Pseudomonadota;c__Gammaproteobacteria;o__Burkholderiales;f__Burkholderiaceae;g__Ralstonia;s__Ralstonia sp913056305
M26,Aegir_M26_B27,4,Bacteria,Pseudomonadota,Gammaproteobacteria,Nitrosococcales,Methylophagaceae,GCA-002733105,0,d__Bacteria;p__Pseudomonadota;c__Gammaproteobacteria;o__Nitrosococcales;f__Methylophagaceae;g__GCA-002733105;s__
M26,Aegir_M26_B28,1,Bacteria,Bacteroidota,Bacteroidia,Flavobacteriales,JAADED01,JALSPZ01,0,d__Bacteria;p__Bacteroidota;c__Bacteroidia;o__Flavobacteriales;f__JAADED01;g__JALSPZ01;s__
M26,Aegir_M26_B29,1,Bacteria,Campylobacterota,Campylobacteria,Campylobacterales,Sulfurimonadaceae,0,0,d__Bacteria;p__Campylobacterota;c__Campylobacteria;o__Campylobacterales;f__Sulfurimonadaceae;g__;s__
M26,Aegir_M26_B3,1,Bacteria,Campylobacterota,Campylobacteria,Campylobacterales,Sulfurospirillaceae,Sulfurospirillum_A,0,d__Bacteria;p__Campylobacterota;c__Campylobacteria;o__Campylobacterales;f__Sulfurospirillaceae;g__Sulfurospirillum_A;s__
M26,Aegir_M26_B30,0,Archaea,Iainarchaeota,Iainarchaeia,JAADDC01,JAADDC01,SZUA-1452,0,d__Archaea;p__Iainarchaeota;c__Iainarchaeia;o__JAADDC01;f__JAADDC01;g__SZUA-1452;s__
M26,Aegir_M26_B31,1,Archaea,Thermoproteota,Thermoprotei_A,Sulfolobales,Pyrodictiaceae,QNYQ01,0,d__Archaea;p__Thermoproteota;c__Thermoprotei_A;o__Sulfolobales;f__Pyrodictiaceae;g__QNYQ01;s__
M26,Aegir_M26_B32,2,Bacteria,Aquificota,Aquificia,Aquificales,Hydrogenothermaceae,Persephonella_A,0,d__Bacteria;p__Aquificota;c__Aquificia;o__Aquificales;f__Hydrogenothermaceae;g__Persephonella_A;s__
M26,Aegir_M26_B33,1,Bacteria,Pseudomonadota,Gammaproteobacteria,Enterobacterales,Alteromonadaceae,GCA-2401725,0,d__Bacteria;p__Pseudomonadota;c__Gammaproteobacteria;o__Enterobacterales;f__Alteromonadaceae;g__GCA-2401725;s__
M26,Aegir_M26_B34,0,Bacteria,Campylobacterota,Campylobacteria,Campylobacterales,Hydrogenimonadaceae,Hydrogenimonas,0,d__Bacteria;p__Campylobacterota;c__Campylobacteria;o__Campylobacterales;f__Hydrogenimonadaceae;g__Hydrogenimonas;s__
M26,Aegir_M26_B35,1,Archaea,Thermoproteota,Thermoprotei_A,Sulfolobales,Ignicoccaceae,Ignicoccus,0,d__Archaea;p__Thermoproteota;c__Thermoprotei_A;o__Sulfolobales;f__Ignicoccaceae;g__Ignicoccus;s__
M26,Aegir_M26_B36,0,Bacteria,Coprothermobacterota,Coprothermobacteria,Coprothermobacterales,JAADFF01,JAADFF01,0,d__Bacteria;p__Coprothermobacterota;c__Coprothermobacteria;o__Coprothermobacterales;f__JAADFF01;g__JAADFF01;s__
M26,Aegir_M26_B37,2,Bacteria,Pseudomonadota,Gammaproteobacteria,Thiomicrospirales,Thiomicrospiraceae,Thiomicrorhabdus,0,d__Bacteria;p__Pseudomonadota;c__Gammaproteobacteria;o__Thiomicrospirales;f__Thiomicrospiraceae;g__Thiomicrorhabdus;s__
M26,Aegir_M26_B38,0,Archaea,Methanobacteriota_B,Thermococci,Thermococcales,Thermococcaceae,Thermococcus,0,d__Archaea;p__Methanobacteriota_B;c__Thermococci;o__Thermococcales;f__Thermococcaceae;g__Thermococcus;s__
M26,Aegir_M26_B39,0,Bacteria,Aquificota,Aquificia,Desulfurobacteriales,Desulfurobacteriaceae,Desulfurobacterium_B,0,d__Bacteria;p__Aquificota;c__Aquificia;o__Desulfurobacteriales;f__Desulfurobacteriaceae;g__Desulfurobacterium_B;s__
M26,Aegir_M26_B4,0,Bacteria,Campylobacterota,Campylobacteria,Campylobacterales,Nitratiruptoraceae,Nitratiruptor,0,d__Bacteria;p__Campylobacterota;c__Campylobacteria;o__Campylobacterales;f__Nitratiruptoraceae;g__Nitratiruptor;s__
M26,Aegir_M26_B40,1,Bacteria,Aquificota,Aquificia,Aquificales,QOAS01,QOAS01,0,d__Bacteria;p__Aquificota;c__Aquificia;o__Aquificales;f__QOAS01;g__QOAS01;s__
M26,Aegir_M26_B41,0,Archaea,Thermoproteota,Thermoprotei_A,Sulfolobales,Acidilobaceae,0,0,d__Archaea;p__Thermoproteota;c__Thermoprotei_A;o__Sulfolobales;f__Acidilobaceae;g__;s__
M26,Aegir_M26_B42,1,Bacteria,Thermotogota,Thermotogae,Petrotogales,Petrotogaceae,Marinitoga,0,d__Bacteria;p__Thermotogota;c__Thermotogae;o__Petrotogales;f__Petrotogaceae;g__Marinitoga;s__
M26,Aegir_M26_B43,0,Archaea,Thermoproteota,Thermoprotei_A,Sulfolobales,Acidilobaceae,0,0,d__Archaea;p__Thermoproteota;c__Thermoprotei_A;o__Sulfolobales;f__Acidilobaceae;g__;s__
M26,Aegir_M26_B44,0,Archaea,Methanobacteriota_B,Thermococci,Thermococcales,Thermococcaceae,Thermococcus,0,d__Archaea;p__Methanobacteriota_B;c__Thermococci;o__Thermococcales;f__Thermococcaceae;g__Thermococcus;s__
M26,Aegir_M26_B45,0,Bacteria,Deinococcota,Deinococci,Deinococcales,Marinithermaceae,WFXV01,0,d__Bacteria;p__Deinococcota;c__Deinococci;o__Deinococcales;f__Marinithermaceae;g__WFXV01;s__
M26,Aegir_M26_B46,1,Archaea,Thermoproteota,Thermoprotei_A,Sulfolobales,Pyrodictiaceae,QNYQ01,0,d__Archaea;p__Thermoproteota;c__Thermoprotei_A;o__Sulfolobales;f__Pyrodictiaceae;g__QNYQ01;s__
M26,Aegir_M26_B47,2,Bacteria,Campylobacterota,Campylobacteria,Campylobacterales,Sulfurimonadaceae,Sulfurimonas,0,d__Bacteria;p__Campylobacterota;c__Campylobacteria;o__Campylobacterales;f__Sulfurimonadaceae;g__Sulfurimonas;s__
M26,Aegir_M26_B5,1,Bacteria,Aquificota,Aquificia,Aquificales,Hydrogenothermaceae,QNZC01,0,d__Bacteria;p__Aquificota;c__Aquificia;o__Aquificales;f__Hydrogenothermaceae;g__QNZC01;s__
M26,Aegir_M26_B6,1,Bacteria,Campylobacterota,Campylobacteria,Nautiliales,JAADDX01,0,0,d__Bacteria;p__Campylobacterota;c__Campylobacteria;o__Nautiliales;f__JAADDX01;g__;s__
M26,Aegir_M26_B7,0,Bacteria,Bacteroidota,Bacteroidia,Flavobacteriales,Vicingaceae,UBA852,0,d__Bacteria;p__Bacteroidota;c__Bacteroidia;o__Flavobacteriales;f__Vicingaceae;g__UBA852;s__
M26,Aegir_M26_B8,1,Bacteria,Campylobacterota,Campylobacteria,Campylobacterales,0,0,0,d__Bacteria;p__Campylobacterota;c__Campylobacteria;o__Campylobacterales;f__;g__;s__
M26,Aegir_M26_B9,0,Bacteria,Bacteroidota,Bacteroidia,Bacteroidales,S143-33,S143-33,0,d__Bacteria;p__Bacteroidota;c__Bacteroidia;o__Bacteroidales;f__S143-33;g__S143-33;s__
M33,Barite_M33_B1,1,Bacteria,Omnitrophota,Koll11,Tantalellales,Tantalellaceae,DAOVKF01,0,d__Bacteria;p__Omnitrophota;c__Koll11;o__Tantalellales;f__Tantalellaceae;g__DAOVKF01;s__
M33,Barite_M33_B10,2,Bacteria,Pseudomonadota,Gammaproteobacteria,Pseudomonadales,Azotimanducaceae,JAHRVQ01,0,d__Bacteria;p__Pseudomonadota;c__Gammaproteobacteria;o__Pseudomonadales;f__Azotimanducaceae;g__JAHRVQ01;s__
M33,Barite_M33_B100,6,Bacteria,Pseudomonadota,Alphaproteobacteria,Micavibrionales,CSBR16-224,0,0,d__Bacteria;p__Pseudomonadota;c__Alphaproteobacteria;o__Micavibrionales;f__CSBR16-224;g__;s__
M33,Barite_M33_B101,2,Bacteria,Bacteroidota,Bacteroidia,Flavobacteriales,Flavobacteriaceae,S010-17,0,d__Bacteria;p__Bacteroidota;c__Bacteroidia;o__Flavobacteriales;f__Flavobacteriaceae;g__S010-17;s__
M33,Barite_M33_B102,4,Bacteria,Planctomycetota,UBA1135,UBA1135,GCA-002686595,NORP259,0,d__Bacteria;p__Planctomycetota;c__UBA1135;o__UBA1135;f__GCA-002686595;g__NORP259;s__
M33,Barite_M33_B103,3,Bacteria,Pseudomonadota,Gammaproteobacteria,SZUA-229,SZUA-229,SZUA-229,0,d__Bacteria;p__Pseudomonadota;c__Gammaproteobacteria;o__SZUA-229;f__SZUA-229;g__SZUA-229;s__
M33,Barite_M33_B104,5,Bacteria,Pseudomonadota,Gammaproteobacteria,Methylococcales,Methylomonadaceae,Methyloprofundus,0,d__Bacteria;p__Pseudomonadota;c__Gammaproteobacteria;o__Methylococcales;f__Methylomonadaceae;g__Methyloprofundus;s__
M33,Barite_M33_B105,7,Bacteria,Pseudomonadota,Gammaproteobacteria,Methylococcales,Methylomonadaceae,0,0,d__Bacteria;p__Pseudomonadota;c__Gammaproteobacteria;o__Methylococcales;f__Methylomonadaceae;g__;s__
M33,Barite_M33_B106,4,Bacteria,Pseudomonadota,Gammaproteobacteria,QNFE01,QNFE01,0,0,d__Bacteria;p__Pseudomonadota;c__Gammaproteobacteria;o__QNFE01;f__QNFE01;g__;s__
M33,Barite_M33_B107,6,Bacteria,Pseudomonadota,Gammaproteobacteria,Nitrosococcales,Methylophagaceae,GCA-002733105,0,d__Bacteria;p__Pseudomonadota;c__Gammaproteobacteria;o__Nitrosococcales;f__Methylophagaceae;g__GCA-002733105;s__
M33,Barite_M33_B108,4,Bacteria,Verrucomicrobiota,Verrucomicrobiia,Opitutales,Opitutaceae,Cephaloticoccus,0,d__Bacteria;p__Verrucomicrobiota;c__Verrucomicrobiia;o__Opitutales;f__Opitutaceae;g__Cephaloticoccus;s__
M33,Barite_M33_B109,1,Bacteria,Bacteroidota,Bacteroidia,Chitinophagales,Saprospiraceae,BCD1,0,d__Bacteria;p__Bacteroidota;c__Bacteroidia;o__Chitinophagales;f__Saprospiraceae;g__BCD1;s__
M33,Barite_M33_B11,0,Bacteria,Desulfobacterota,Anaeroferrophillalia,Anaeroferrophillales,Anaeroferrophillaceae,DQWO01,0,d__Bacteria;p__Desulfobacterota;c__Anaeroferrophillalia;o__Anaeroferrophillales;f__Anaeroferrophillaceae;g__DQWO01;s__
M33,Barite_M33_B110,5,Bacteria,Myxococcota_A,UBA9160,UBA9160,UBA4427,UBA4427,0,d__Bacteria;p__Myxococcota_A;c__UBA9160;o__UBA9160;f__UBA4427;g__UBA4427;s__
M33,Barite_M33_B111,2,Bacteria,Campylobacterota,Campylobacteria,Campylobacterales,Sulfurovaceae,Sulfurovum,Sulfurovum sp030949325,d__Bacteria;p__Campylobacterota;c__Campylobacteria;o__Campylobacterales;f__Sulfurovaceae;g__Sulfurovum;s__Sulfurovum sp030949325
M33,Barite_M33_B112,4,Bacteria,Bacteroidota,Bacteroidia,Cytophagales,Cyclobacteriaceae,Reichenbachiella,0,d__Bacteria;p__Bacteroidota;c__Bacteroidia;o__Cytophagales;f__Cyclobacteriaceae;g__Reichenbachiella;s__
M33,Barite_M33_B113,3,Bacteria,Pseudomonadota,Gammaproteobacteria,Beggiatoales,Beggiatoaceae,0,0,d__Bacteria;p__Pseudomonadota;c__Gammaproteobacteria;o__Beggiatoales;f__Beggiatoaceae;g__;s__
M33,Barite_M33_B114,2,Bacteria,Pseudomonadota,Gammaproteobacteria,SZUA-229,SZUA-229,GCA-2746365,0,d__Bacteria;p__Pseudomonadota;c__Gammaproteobacteria;o__SZUA-229;f__SZUA-229;g__GCA-2746365;s__
M33,Barite_M33_B115,1,Bacteria,Bacteroidota,Bacteroidia,Flavobacteriales,Salibacteraceae,CAJXZP01,0,d__Bacteria;p__Bacteroidota;c__Bacteroidia;o__Flavobacteriales;f__Salibacteraceae;g__CAJXZP01;s__
M33,Barite_M33_B12,0,Bacteria,Bacteroidota,Bacteroidia,Flavobacteriales,Flavobacteriaceae,0,0,d__Bacteria;p__Bacteroidota;c__Bacteroidia;o__Flavobacteriales;f__Flavobacteriaceae;g__;s__
M33,Barite_M33_B13,4,Bacteria,Pseudomonadota,Gammaproteobacteria,Chromatiales,Chromatiaceae,0,0,d__Bacteria;p__Pseudomonadota;c__Gammaproteobacteria;o__Chromatiales;f__Chromatiaceae;g__;s__
M33,Barite_M33_B14,2,Bacteria,Campylobacterota,Campylobacteria,Campylobacterales,Sulfurovaceae,Sulfurovum,0,d__Bacteria;p__Campylobacterota;c__Campylobacteria;o__Campylobacterales;f__Sulfurovaceae;g__Sulfurovum;s__
M33,Barite_M33_B15,0,Bacteria,Campylobacterota,Campylobacteria,Campylobacterales,Sulfurimonadaceae,GCA-2733885,0,d__Bacteria;p__Campylobacterota;c__Campylobacteria;o__Campylobacterales;f__Sulfurimonadaceae;g__GCA-2733885;s__
M33,Barite_M33_B16,0,Bacteria,Planctomycetota,Phycisphaerae,Phycisphaerales,Phycisphaeraceae,JAHQVV01,0,d__Bacteria;p__Planctomycetota;c__Phycisphaerae;o__Phycisphaerales;f__Phycisphaeraceae;g__JAHQVV01;s__
M33,Barite_M33_B17,2,Bacteria,Planctomycetota,UBA1135,UBA1135,UBA1135,GCA-2746235,0,d__Bacteria;p__Planctomycetota;c__UBA1135;o__UBA1135;f__UBA1135;g__GCA-2746235;s__
M33,Barite_M33_B18,2,Bacteria,Pseudomonadota,Alphaproteobacteria,Micavibrionales,Micavibrionaceae,0,0,d__Bacteria;p__Pseudomonadota;c__Alphaproteobacteria;o__Micavibrionales;f__Micavibrionaceae;g__;s__
M33,Barite_M33_B19,0,Bacteria,Planctomycetota,Phycisphaerae,Phycisphaerales,UBA1924,UBA1924,0,d__Bacteria;p__Planctomycetota;c__Phycisphaerae;o__Phycisphaerales;f__UBA1924;g__UBA1924;s__
M33,Barite_M33_B2,3,Bacteria,Pseudomonadota,Alphaproteobacteria,Caulobacterales,Maricaulaceae,Robiginitomaculum_A,0,d__Bacteria;p__Pseudomonadota;c__Alphaproteobacteria;o__Caulobacterales;f__Maricaulaceae;g__Robiginitomaculum_A;s__
M33,Barite_M33_B20,2,Bacteria,Pseudomonadota,Alphaproteobacteria,Sphingomonadales,Kordiimonadaceae,Kordiimonas,0,d__Bacteria;p__Pseudomonadota;c__Alphaproteobacteria;o__Sphingomonadales;f__Kordiimonadaceae;g__Kordiimonas;s__
M33,Barite_M33_B21,9,Bacteria,Bacteroidota,Bacteroidia,Cytophagales,Cyclobacteriaceae,Roseivirga,0,d__Bacteria;p__Bacteroidota;c__Bacteroidia;o__Cytophagales;f__Cyclobacteriaceae;g__Roseivirga;s__
M33,Barite_M33_B22,1,Bacteria,Pseudomonadota,Gammaproteobacteria,Thiotrichales,Thiotrichaceae,HyVt-477,0,d__Bacteria;p__Pseudomonadota;c__Gammaproteobacteria;o__Thiotrichales;f__Thiotrichaceae;g__HyVt-477;s__
M33,Barite_M33_B23,8,Bacteria,Pseudomonadota,Gammaproteobacteria,Methylococcales,Methylomonadaceae,WTBX01,0,d__Bacteria;p__Pseudomonadota;c__Gammaproteobacteria;o__Methylococcales;f__Methylomonadaceae;g__WTBX01;s__
M33,Barite_M33_B24,1,Bacteria,Pseudomonadota,Alphaproteobacteria,Rickettsiales,JAUIEX01,0,0,d__Bacteria;p__Pseudomonadota;c__Alphaproteobacteria;o__Rickettsiales;f__JAUIEX01;g__;s__
M33,Barite_M33_B25,0,Bacteria,Pseudomonadota,Alphaproteobacteria,Rickettsiales,SXRF01,0,0,d__Bacteria;p__Pseudomonadota;c__Alphaproteobacteria;o__Rickettsiales;f__SXRF01;g__;s__
M33,Barite_M33_B26,2,Bacteria,Pseudomonadota,Alphaproteobacteria,Rhizobiales,OSC116,OCS116,0,d__Bacteria;p__Pseudomonadota;c__Alphaproteobacteria;o__Rhizobiales;f__OSC116;g__OCS116;s__
M33,Barite_M33_B27,1,Bacteria,Pseudomonadota,Alphaproteobacteria,Micavibrionales,CSBR16-224,0,0,d__Bacteria;p__Pseudomonadota;c__Alphaproteobacteria;o__Micavibrionales;f__CSBR16-224;g__;s__
M33,Barite_M33_B28,7,Bacteria,Verrucomicrobiota,Verrucomicrobiia,Verrucomicrobiales,DEV007,Arctic95D-9,0,d__Bacteria;p__Verrucomicrobiota;c__Verrucomicrobiia;o__Verrucomicrobiales;f__DEV007;g__Arctic95D-9;s__
M33,Barite_M33_B29,7,Bacteria,Pseudomonadota,Gammaproteobacteria,SZUA-229,SZUA-229,GCA-2746365,0,d__Bacteria;p__Pseudomonadota;c__Gammaproteobacteria;o__SZUA-229;f__SZUA-229;g__GCA-2746365;s__
M33,Barite_M33_B3,1,Bacteria,Pseudomonadota,Alphaproteobacteria,Caulobacterales,Maricaulaceae,Robiginitomaculum_B,0,d__Bacteria;p__Pseudomonadota;c__Alphaproteobacteria;o__Caulobacterales;f__Maricaulaceae;g__Robiginitomaculum_B;s__
M33,Barite_M33_B30,3,Bacteria,Bacteroidota,Bacteroidia,Flavobacteriales,Flavobacteriaceae,Urechidicola,0,d__Bacteria;p__Bacteroidota;c__Bacteroidia;o__Flavobacteriales;f__Flavobacteriaceae;g__Urechidicola;s__
M33,Barite_M33_B31,5,Bacteria,Pseudomonadota,Gammaproteobacteria,Enterobacterales,Kangiellaceae,GCA-002733465,0,d__Bacteria;p__Pseudomonadota;c__Gammaproteobacteria;o__Enterobacterales;f__Kangiellaceae;g__GCA-002733465;s__
M33,Barite_M33_B32,4,Bacteria,Pseudomonadota,Gammaproteobacteria,GCA-001735895,GCA-001735895,0,0,d__Bacteria;p__Pseudomonadota;c__Gammaproteobacteria;o__GCA-001735895;f__GCA-001735895;g__;s__
M33,Barite_M33_B33,2,Bacteria,Pseudomonadota,Alphaproteobacteria,Caulobacterales,Maricaulaceae,Robiginitomaculum_A,0,d__Bacteria;p__Pseudomonadota;c__Alphaproteobacteria;o__Caulobacterales;f__Maricaulaceae;g__Robiginitomaculum_A;s__
M33,Barite_M33_B34,6,Bacteria,Pseudomonadota,Gammaproteobacteria,Methylococcales,Methylomonadaceae,Methyloprofundus,0,d__Bacteria;p__Pseudomonadota;c__Gammaproteobacteria;o__Methylococcales;f__Methylomonadaceae;g__Methyloprofundus;s__
M33,Barite_M33_B35,5,Bacteria,Pseudomonadota,Gammaproteobacteria,Methylococcales,Methylomonadaceae,Methyloprofundus,0,d__Bacteria;p__Pseudomonadota;c__Gammaproteobacteria;o__Methylococcales;f__Methylomonadaceae;g__Methyloprofundus;s__
M33,Barite_M33_B36,5,Bacteria,Pseudomonadota,Alphaproteobacteria,Rhodobacterales,Rhodobacteraceae,UBA3077,0,d__Bacteria;p__Pseudomonadota;c__Alphaproteobacteria;o__Rhodobacterales;f__Rhodobacteraceae;g__UBA3077;s__
M33,Barite_M33_B37,4,Bacteria,Pseudomonadota,Gammaproteobacteria,Pseudomonadales,Halieaceae,JBALVT01,0,d__Bacteria;p__Pseudomonadota;c__Gammaproteobacteria;o__Pseudomonadales;f__Halieaceae;g__JBALVT01;s__
M33,Barite_M33_B38,2,Bacteria,Pseudomonadota,Gammaproteobacteria,Enterobacterales,Kangiellaceae,GCA-002733465,0,d__Bacteria;p__Pseudomonadota;c__Gammaproteobacteria;o__Enterobacterales;f__Kangiellaceae;g__GCA-002733465;s__
M33,Barite_M33_B39,0,Bacteria,Pseudomonadota,Alphaproteobacteria,Rhizobiales,JAJFHR01,JAJFHR01,0,d__Bacteria;p__Pseudomonadota;c__Alphaproteobacteria;o__Rhizobiales;f__JAJFHR01;g__JAJFHR01;s__
M33,Barite_M33_B4,4,Bacteria,Pseudomonadota,Gammaproteobacteria,Arenicellales,Poriferihabitantaceae,JAAELZ01,0,d__Bacteria;p__Pseudomonadota;c__Gammaproteobacteria;o__Arenicellales;f__Poriferihabitantaceae;g__JAAELZ01;s__
M33,Barite_M33_B40,2,Bacteria,Planctomycetota,Planctomycetia,Pirellulales,Lacipirellulaceae,0,0,d__Bacteria;p__Planctomycetota;c__Planctomycetia;o__Pirellulales;f__Lacipirellulaceae;g__;s__
M33,Barite_M33_B41,2,Bacteria,Planctomycetota,Phycisphaerae,Phycisphaerales,UBA1924,UBA1924,0,d__Bacteria;p__Planctomycetota;c__Phycisphaerae;o__Phycisphaerales;f__UBA1924;g__UBA1924;s__
M33,Barite_M33_B42,1,Bacteria,Pseudomonadota,Alphaproteobacteria,Micavibrionales,Micavibrionaceae,JAJRYK01,0,d__Bacteria;p__Pseudomonadota;c__Alphaproteobacteria;o__Micavibrionales;f__Micavibrionaceae;g__JAJRYK01;s__
M33,Barite_M33_B43,6,Bacteria,Verrucomicrobiota,Verrucomicrobiia,Verrucomicrobiales,Akkermansiaceae,Oceaniferula,0,d__Bacteria;p__Verrucomicrobiota;c__Verrucomicrobiia;o__Verrucomicrobiales;f__Akkermansiaceae;g__Oceaniferula;s__
M33,Barite_M33_B44,2,Bacteria,Pseudomonadota,Alphaproteobacteria,Micavibrionales,Micavibrionaceae,0,0,d__Bacteria;p__Pseudomonadota;c__Alphaproteobacteria;o__Micavibrionales;f__Micavibrionaceae;g__;s__
M33,Barite_M33_B45,4,Bacteria,Pseudomonadota,Gammaproteobacteria,GCA-001735895,GCA-001735895,0,0,d__Bacteria;p__Pseudomonadota;c__Gammaproteobacteria;o__GCA-001735895;f__GCA-001735895;g__;s__
M33,Barite_M33_B46,2,Bacteria,Pseudomonadota,Gammaproteobacteria,Xanthomonadales,Marinicellaceae,NORP309,0,d__Bacteria;p__Pseudomonadota;c__Gammaproteobacteria;o__Xanthomonadales;f__Marinicellaceae;g__NORP309;s__
M33,Barite_M33_B47,6,Bacteria,Pseudomonadota,Gammaproteobacteria,SZUA-229,SZUA-229,GCA-2746365,0,d__Bacteria;p__Pseudomonadota;c__Gammaproteobacteria;o__SZUA-229;f__SZUA-229;g__GCA-2746365;s__
M33,Barite_M33_B48,3,Bacteria,Pseudomonadota,Gammaproteobacteria,Xanthomonadales,SZUA-36,SZUA-51,0,d__Bacteria;p__Pseudomonadota;c__Gammaproteobacteria;o__Xanthomonadales;f__SZUA-36;g__SZUA-51;s__
M33,Barite_M33_B49,3,Bacteria,Pseudomonadota,Gammaproteobacteria,Pseudomonadales,Azotimanducaceae,GCA-002726655,0,d__Bacteria;p__Pseudomonadota;c__Gammaproteobacteria;o__Pseudomonadales;f__Azotimanducaceae;g__GCA-002726655;s__
M33,Barite_M33_B5,7,Bacteria,Nitrospirota,Nitrospiria,Nitrospirales,UBA8639,Nitrospira_E,0,d__Bacteria;p__Nitrospirota;c__Nitrospiria;o__Nitrospirales;f__UBA8639;g__Nitrospira_E;s__
M33,Barite_M33_B50,2,Bacteria,Pseudomonadota,Gammaproteobacteria,Pseudomonadales,Azotimanducaceae,JAHRVQ01,0,d__Bacteria;p__Pseudomonadota;c__Gammaproteobacteria;o__Pseudomonadales;f__Azotimanducaceae;g__JAHRVQ01;s__
M33,Barite_M33_B51,4,Bacteria,Desulfobacterota,Dissulfuribacteria,Dissulfuribacterales,UBA3076,UBA3076,0,d__Bacteria;p__Desulfobacterota;c__Dissulfuribacteria;o__Dissulfuribacterales;f__UBA3076;g__UBA3076;s__
M33,Barite_M33_B52,5,Bacteria,Planctomycetota,Planctomycetia,Planctomycetales,Planctomycetaceae,Thalassoglobus,0,d__Bacteria;p__Planctomycetota;c__Planctomycetia;o__Planctomycetales;f__Planctomycetaceae;g__Thalassoglobus;s__
M33,Barite_M33_B53,2,Bacteria,Bacteroidota,Bacteroidia,Flavobacteriales,Schleiferiaceae,JAOARK01,0,d__Bacteria;p__Bacteroidota;c__Bacteroidia;o__Flavobacteriales;f__Schleiferiaceae;g__JAOARK01;s__
M33,Barite_M33_B54,0,Bacteria,Campylobacterota,Campylobacteria,Campylobacterales,Sulfurovaceae,Sulfurovum,0,d__Bacteria;p__Campylobacterota;c__Campylobacteria;o__Campylobacterales;f__Sulfurovaceae;g__Sulfurovum;s__
M33,Barite_M33_B55,3,Bacteria,Bdellovibrionota,Bdellovibrionia,Bdellovibrionales,JAGQZY01,JAGQZY01,0,d__Bacteria;p__Bdellovibrionota;c__Bdellovibrionia;o__Bdellovibrionales;f__JAGQZY01;g__JAGQZY01;s__
M33,Barite_M33_B56,3,Bacteria,Bacteroidota,Bacteroidia,Flavobacteriales,Flavobacteriaceae,Lutimonas,0,d__Bacteria;p__Bacteroidota;c__Bacteroidia;o__Flavobacteriales;f__Flavobacteriaceae;g__Lutimonas;s__
M33,Barite_M33_B57,3,Bacteria,Pseudomonadota,Gammaproteobacteria,Xanthomonadales,Marinicellaceae,NORP309,0,d__Bacteria;p__Pseudomonadota;c__Gammaproteobacteria;o__Xanthomonadales;f__Marinicellaceae;g__NORP309;s__
M33,Barite_M33_B58,11,Bacteria,Myxococcota,Bradymonadia,UBA4248,0,0,0,d__Bacteria;p__Myxococcota;c__Bradymonadia;o__UBA4248;f__;g__;s__
M33,Barite_M33_B59,0,Bacteria,Pseudomonadota,Alphaproteobacteria,Rickettsiales,Rickettsiaceae,GCA-2402195,0,d__Bacteria;p__Pseudomonadota;c__Alphaproteobacteria;o__Rickettsiales;f__Rickettsiaceae;g__GCA-2402195;s__
M33,Barite_M33_B6,9,Bacteria,Pseudomonadota,Gammaproteobacteria,Methylococcales,Methylomonadaceae,QPIN01,0,d__Bacteria;p__Pseudomonadota;c__Gammaproteobacteria;o__Methylococcales;f__Methylomonadaceae;g__QPIN01;s__
M33,Barite_M33_B60,1,Bacteria,Planctomycetota,Phycisphaerae,Phycisphaerales,Phycisphaeraceae,Algisphaera,0,d__Bacteria;p__Planctomycetota;c__Phycisphaerae;o__Phycisphaerales;f__Phycisphaeraceae;g__Algisphaera;s__
M33,Barite_M33_B61,5,Bacteria,Campylobacterota,Campylobacteria,Campylobacterales,Sulfurovaceae,Sulfurovum,0,d__Bacteria;p__Campylobacterota;c__Campylobacteria;o__Campylobacterales;f__Sulfurovaceae;g__Sulfurovum;s__
M33,Barite_M33_B62,2,Bacteria,Pseudomonadota,Alphaproteobacteria,Sphingomonadales,Emcibacteraceae,Paremcibacter,0,d__Bacteria;p__Pseudomonadota;c__Alphaproteobacteria;o__Sphingomonadales;f__Emcibacteraceae;g__Paremcibacter;s__
M33,Barite_M33_B63,1,Bacteria,Pseudomonadota,Alphaproteobacteria,Caulobacterales,Maricaulaceae,Robiginitomaculum_A,0,d__Bacteria;p__Pseudomonadota;c__Alphaproteobacteria;o__Caulobacterales;f__Maricaulaceae;g__Robiginitomaculum_A;s__
M33,Barite_M33_B64,4,Bacteria,Verrucomicrobiota,Verrucomicrobiia,Opitutales,Opitutaceae,Pelagisphaera,0,d__Bacteria;p__Verrucomicrobiota;c__Verrucomicrobiia;o__Opitutales;f__Opitutaceae;g__Pelagisphaera;s__
M33,Barite_M33_B65,1,Bacteria,Pseudomonadota,Gammaproteobacteria,Burkholderiales,Nitrosomonadaceae,Nitrosomonas,0,d__Bacteria;p__Pseudomonadota;c__Gammaproteobacteria;o__Burkholderiales;f__Nitrosomonadaceae;g__Nitrosomonas;s__
M33,Barite_M33_B66,3,Bacteria,Hydrogenedentota,Hydrogenedentia,Hydrogenedentales,GCA-2746185,DTSJ01,0,d__Bacteria;p__Hydrogenedentota;c__Hydrogenedentia;o__Hydrogenedentales;f__GCA-2746185;g__DTSJ01;s__
M33,Barite_M33_B67,2,Bacteria,Pseudomonadota,Alphaproteobacteria,UBA2136,UBA2136,UBA2136,0,d__Bacteria;p__Pseudomonadota;c__Alphaproteobacteria;o__UBA2136;f__UBA2136;g__UBA2136;s__
M33,Barite_M33_B68,1,Bacteria,Campylobacterota,Campylobacteria,Campylobacterales,Sulfurimonadaceae,Sulfurimonas,0,d__Bacteria;p__Campylobacterota;c__Campylobacteria;o__Campylobacterales;f__Sulfurimonadaceae;g__Sulfurimonas;s__
M33,Barite_M33_B69,12,Bacteria,Pseudomonadota,Gammaproteobacteria,Arenicellales,Arenicellaceae,Arenicella,Arenicella sp016763815,d__Bacteria;p__Pseudomonadota;c__Gammaproteobacteria;o__Arenicellales;f__Arenicellaceae;g__Arenicella;s__Arenicella sp016763815
M33,Barite_M33_B7,3,Bacteria,Pseudomonadota,Gammaproteobacteria,Burkholderiales,Nitrosomonadaceae,Nitrosomonas,0,d__Bacteria;p__Pseudomonadota;c__Gammaproteobacteria;o__Burkholderiales;f__Nitrosomonadaceae;g__Nitrosomonas;s__
M33,Barite_M33_B70,3,Bacteria,Verrucomicrobiota,Kiritimatiellia,Kiritimatiellales,Pontiellaceae,Pontiella,0,d__Bacteria;p__Verrucomicrobiota;c__Kiritimatiellia;o__Kiritimatiellales;f__Pontiellaceae;g__Pontiella;s__
M33,Barite_M33_B71,2,Bacteria,Pseudomonadota,Gammaproteobacteria,Xanthomonadales,Marinicellaceae,NORP309,0,d__Bacteria;p__Pseudomonadota;c__Gammaproteobacteria;o__Xanthomonadales;f__Marinicellaceae;g__NORP309;s__
M33,Barite_M33_B72,3,Bacteria,Pseudomonadota,Alphaproteobacteria,Sphingomonadales,SMXR01,CAKZLM01,0,d__Bacteria;p__Pseudomonadota;c__Alphaproteobacteria;o__Sphingomonadales;f__SMXR01;g__CAKZLM01;s__
M33,Barite_M33_B73,2,Bacteria,Pseudomonadota,Alphaproteobacteria,Rhizobiales,OSC116,OCS116,0,d__Bacteria;p__Pseudomonadota;c__Alphaproteobacteria;o__Rhizobiales;f__OSC116;g__OCS116;s__
M33,Barite_M33_B74,3,Bacteria,Bacteroidota,Bacteroidia,J057,JADKCL01,JBCCQH01,0,d__Bacteria;p__Bacteroidota;c__Bacteroidia;o__J057;f__JADKCL01;g__JBCCQH01;s__
M33,Barite_M33_B75,2,Bacteria,Pseudomonadota,Alphaproteobacteria,Micavibrionales,Micavibrionaceae,0,0,d__Bacteria;p__Pseudomonadota;c__Alphaproteobacteria;o__Micavibrionales;f__Micavibrionaceae;g__;s__
M33,Barite_M33_B76,1,Bacteria,Verrucomicrobiota,Kiritimatiellia,SS1-B-03-39,0,0,0,d__Bacteria;p__Verrucomicrobiota;c__Kiritimatiellia;o__SS1-B-03-39;f__;g__;s__
M33,Barite_M33_B77,2,Bacteria,Pseudomonadota,Alphaproteobacteria,Caulobacterales,Maricaulaceae,Robiginitomaculum_A,0,d__Bacteria;p__Pseudomonadota;c__Alphaproteobacteria;o__Caulobacterales;f__Maricaulaceae;g__Robiginitomaculum_A;s__
M33,Barite_M33_B78,4,Bacteria,Pseudomonadota,Alphaproteobacteria,Caedimonadales,UBA9215,UBA9215,0,d__Bacteria;p__Pseudomonadota;c__Alphaproteobacteria;o__Caedimonadales;f__UBA9215;g__UBA9215;s__
M33,Barite_M33_B79,3,Bacteria,Bdellovibrionota,Bdellovibrionia,Bdellovibrionales,JAMLIO01,JALZUR01,0,d__Bacteria;p__Bdellovibrionota;c__Bdellovibrionia;o__Bdellovibrionales;f__JAMLIO01;g__JALZUR01;s__
M33,Barite_M33_B8,2,Bacteria,Pseudomonadota,Alphaproteobacteria,Micavibrionales,Micavibrionaceae,UBA1850,0,d__Bacteria;p__Pseudomonadota;c__Alphaproteobacteria;o__Micavibrionales;f__Micavibrionaceae;g__UBA1850;s__
M33,Barite_M33_B80,0,Bacteria,Planctomycetota,Phycisphaerae,Phycisphaerales,UBA1924,UBA1924,0,d__Bacteria;p__Planctomycetota;c__Phycisphaerae;o__Phycisphaerales;f__UBA1924;g__UBA1924;s__
M33,Barite_M33_B81,0,Bacteria,Patescibacteriota,Minisyncoccia,UBA9973,UBA918,OLB19,0,d__Bacteria;p__Patescibacteriota;c__Minisyncoccia;o__UBA9973;f__UBA918;g__OLB19;s__
M33,Barite_M33_B82,4,Bacteria,Bacteroidota,Bacteroidia,Flavobacteriales,Cryomorphaceae,Cryomorpha,0,d__Bacteria;p__Bacteroidota;c__Bacteroidia;o__Flavobacteriales;f__Cryomorphaceae;g__Cryomorpha;s__
M33,Barite_M33_B83,2,Archaea,Halobacteriota,Syntropharchaeia,Alkanophagales,Methanospirareceae,QMVO01,QMVO01 sp025464645,d__Archaea;p__Halobacteriota;c__Syntropharchaeia;o__Alkanophagales;f__Methanospirareceae;g__QMVO01;s__QMVO01 sp025464645
M33,Barite_M33_B84,2,Bacteria,Pseudomonadota,Gammaproteobacteria,SZUA-229,SZUA-229,GCA-2746365,0,d__Bacteria;p__Pseudomonadota;c__Gammaproteobacteria;o__SZUA-229;f__SZUA-229;g__GCA-2746365;s__
M33,Barite_M33_B85,2,Bacteria,Pseudomonadota,Gammaproteobacteria,Pseudomonadales,Pseudohongiellaceae,UBA9145,0,d__Bacteria;p__Pseudomonadota;c__Gammaproteobacteria;o__Pseudomonadales;f__Pseudohongiellaceae;g__UBA9145;s__
M33,Barite_M33_B86,1,Bacteria,Pseudomonadota,Alphaproteobacteria,Micavibrionales,UBA1664,UBA1664,0,d__Bacteria;p__Pseudomonadota;c__Alphaproteobacteria;o__Micavibrionales;f__UBA1664;g__UBA1664;s__
M33,Barite_M33_B87,4,Bacteria,Pseudomonadota,Gammaproteobacteria,Xanthomonadales,SZUA-36,SZUA-36,0,d__Bacteria;p__Pseudomonadota;c__Gammaproteobacteria;o__Xanthomonadales;f__SZUA-36;g__SZUA-36;s__
M33,Barite_M33_B88,5,Bacteria,Pseudomonadota,Alphaproteobacteria,Rhodobacterales,Rhodobacteraceae,Amylibacter,0,d__Bacteria;p__Pseudomonadota;c__Alphaproteobacteria;o__Rhodobacterales;f__Rhodobacteraceae;g__Amylibacter;s__
M33,Barite_M33_B89,107,Bacteria,Pseudomonadota,Gammaproteobacteria,Enterobacterales,Alteromonadaceae,JABSOG01,0,d__Bacteria;p__Pseudomonadota;c__Gammaproteobacteria;o__Enterobacterales;f__Alteromonadaceae;g__JABSOG01;s__
M33,Barite_M33_B9,4,Bacteria,Desulfobacterota,Dissulfuribacteria,Dissulfuribacterales,UBA3076,UBA3076,0,d__Bacteria;p__Desulfobacterota;c__Dissulfuribacteria;o__Dissulfuribacterales;f__UBA3076;g__UBA3076;s__
M33,Barite_M33_B90,1,Bacteria,Bacteroidota,Bacteroidia,Cytophagales,Cyclobacteriaceae,0,0,d__Bacteria;p__Bacteroidota;c__Bacteroidia;o__Cytophagales;f__Cyclobacteriaceae;g__;s__
M33,Barite_M33_B91,1,Archaea,Halobacteriota,Methanosarcinia,Methanosarcinales,Methanogasteraceae,Methanogaster_B,0,d__Archaea;p__Halobacteriota;c__Methanosarcinia;o__Methanosarcinales;f__Methanogasteraceae;g__Methanogaster_B;s__
M33,Barite_M33_B92,5,Bacteria,Pseudomonadota,Gammaproteobacteria,Methylococcales,Methylomonadaceae,Methyloprofundus,0,d__Bacteria;p__Pseudomonadota;c__Gammaproteobacteria;o__Methylococcales;f__Methylomonadaceae;g__Methyloprofundus;s__
M33,Barite_M33_B93,0,Bacteria,Pseudomonadota,Gammaproteobacteria,Pseudomonadales,Pseudohongiellaceae,UBA9145,0,d__Bacteria;p__Pseudomonadota;c__Gammaproteobacteria;o__Pseudomonadales;f__Pseudohongiellaceae;g__UBA9145;s__
M33,Barite_M33_B94,1,Bacteria,Pseudomonadota,Alphaproteobacteria,Caulobacterales,Maricaulaceae,Robiginitomaculum_A,0,d__Bacteria;p__Pseudomonadota;c__Alphaproteobacteria;o__Caulobacterales;f__Maricaulaceae;g__Robiginitomaculum_A;s__
M33,Barite_M33_B95,2,Bacteria,Pseudomonadota,Alphaproteobacteria,Micavibrionales,Micavibrionaceae,UBA1850,0,d__Bacteria;p__Pseudomonadota;c__Alphaproteobacteria;o__Micavibrionales;f__Micavibrionaceae;g__UBA1850;s__
M33,Barite_M33_B96,1,Bacteria,Pseudomonadota,Alphaproteobacteria,UBA2136,UBA2136,0,0,d__Bacteria;p__Pseudomonadota;c__Alphaproteobacteria;o__UBA2136;f__UBA2136;g__;s__
M33,Barite_M33_B97,16,Bacteria,Pseudomonadota,Gammaproteobacteria,Xanthomonadales,Marinicellaceae,NORP309,0,d__Bacteria;p__Pseudomonadota;c__Gammaproteobacteria;o__Xanthomonadales;f__Marinicellaceae;g__NORP309;s__
M33,Barite_M33_B98,1,Bacteria,Pseudomonadota,Alphaproteobacteria,Rhizobiales,Devosiaceae,DROE01,0,d__Bacteria;p__Pseudomonadota;c__Alphaproteobacteria;o__Rhizobiales;f__Devosiaceae;g__DROE01;s__
M33,Barite_M33_B99,7,Bacteria,Pseudomonadota,Gammaproteobacteria,Chromatiales,Sedimenticolaceae,0,0,d__Bacteria;p__Pseudomonadota;c__Gammaproteobacteria;o__Chromatiales;f__Sedimenticolaceae;g__;s__
M36,Aegir_M36_B1,3,Bacteria,Pseudomonadota,Gammaproteobacteria,Methylococcales,Cycloclasticaceae,Cycloclasticus,0,d__Bacteria;p__Pseudomonadota;c__Gammaproteobacteria;o__Methylococcales;f__Cycloclasticaceae;g__Cycloclasticus;s__
M36,Aegir_M36_B10,2,Bacteria,Bacteroidota,Bacteroidia,Bacteroidales,Salinivirgaceae,0,0,d__Bacteria;p__Bacteroidota;c__Bacteroidia;o__Bacteroidales;f__Salinivirgaceae;g__;s__
M36,Aegir_M36_B11,1,Bacteria,Bacteroidota,Bacteroidia,Cytophagales,JAHDFW01,0,0,d__Bacteria;p__Bacteroidota;c__Bacteroidia;o__Cytophagales;f__JAHDFW01;g__;s__
M36,Aegir_M36_B12,3,Bacteria,Pseudomonadota,Gammaproteobacteria,Nitrosococcales,Methylophagaceae,GCA-002733105,0,d__Bacteria;p__Pseudomonadota;c__Gammaproteobacteria;o__Nitrosococcales;f__Methylophagaceae;g__GCA-002733105;s__
M36,Aegir_M36_B13,4,Bacteria,Pseudomonadota,Gammaproteobacteria,Thiotrichales,Thiotrichaceae,Cocleimonas,0,d__Bacteria;p__Pseudomonadota;c__Gammaproteobacteria;o__Thiotrichales;f__Thiotrichaceae;g__Cocleimonas;s__
M36,Aegir_M36_B14,0,Bacteria,Patescibacteriota,Gracilibacteria,UBA4473,UBA4473,M50B91,0,d__Bacteria;p__Patescibacteriota;c__Gracilibacteria;o__UBA4473;f__UBA4473;g__M50B91;s__
M36,Aegir_M36_B15,3,Bacteria,Myxococcota,Polyangia,HGW-17,HGW-17,0,0,d__Bacteria;p__Myxococcota;c__Polyangia;o__HGW-17;f__HGW-17;g__;s__
M36,Aegir_M36_B16,0,Bacteria,Campylobacterota,Campylobacteria,Campylobacterales,Sulfurovaceae,Sulfurovum,0,d__Bacteria;p__Campylobacterota;c__Campylobacteria;o__Campylobacterales;f__Sulfurovaceae;g__Sulfurovum;s__
M36,Aegir_M36_B17,5,Bacteria,Pseudomonadota,Gammaproteobacteria,Nitrosococcales,Methylophagaceae,GCA-002733105,0,d__Bacteria;p__Pseudomonadota;c__Gammaproteobacteria;o__Nitrosococcales;f__Methylophagaceae;g__GCA-002733105;s__
M36,Aegir_M36_B19,1,Bacteria,Bacteroidota,Bacteroidia,Flavobacteriales,Flavobacteriaceae,S010-17,0,d__Bacteria;p__Bacteroidota;c__Bacteroidia;o__Flavobacteriales;f__Flavobacteriaceae;g__S010-17;s__
M36,Aegir_M36_B2,8,Bacteria,Desulfobacterota,Desulfobacteria,Desulfobacterales,Desulfobacteraceae,Desulfobacula,0,d__Bacteria;p__Desulfobacterota;c__Desulfobacteria;o__Desulfobacterales;f__Desulfobacteraceae;g__Desulfobacula;s__
M36,Aegir_M36_B20,2,Bacteria,Campylobacterota,Campylobacteria,Campylobacterales,Sulfurovaceae,Sulfurovum,0,d__Bacteria;p__Campylobacterota;c__Campylobacteria;o__Campylobacterales;f__Sulfurovaceae;g__Sulfurovum;s__
M36,Aegir_M36_B21,2,Bacteria,Chloroflexota,Anaerolineae,Promineifilales,Promineifilaceae,JAJRTP01,0,d__Bacteria;p__Chloroflexota;c__Anaerolineae;o__Promineifilales;f__Promineifilaceae;g__JAJRTP01;s__
M36,Aegir_M36_B22,0,Bacteria,Campylobacterota,Campylobacteria,Campylobacterales,Sulfurovaceae,UBA1140,0,d__Bacteria;p__Campylobacterota;c__Campylobacteria;o__Campylobacterales;f__Sulfurovaceae;g__UBA1140;s__
M36,Aegir_M36_B23,4,Bacteria,Pseudomonadota,Alphaproteobacteria,Rhodobacterales,Rhodobacteraceae,UBA3077,0,d__Bacteria;p__Pseudomonadota;c__Alphaproteobacteria;o__Rhodobacterales;f__Rhodobacteraceae;g__UBA3077;s__
M36,Aegir_M36_B24,2,Bacteria,Bacteroidota,Bacteroidia,Flavobacteriales,Salibacteraceae,CAJXZP01,0,d__Bacteria;p__Bacteroidota;c__Bacteroidia;o__Flavobacteriales;f__Salibacteraceae;g__CAJXZP01;s__
M36,Aegir_M36_B25,0,Bacteria,Campylobacterota,Campylobacteria,Campylobacterales,Sulfurovaceae,UBA1140,0,d__Bacteria;p__Campylobacterota;c__Campylobacteria;o__Campylobacterales;f__Sulfurovaceae;g__UBA1140;s__
M36,Aegir_M36_B26,2,Bacteria,Bacteroidota,Bacteroidia,Flavobacteriales,Vicingaceae,GCA-002793235,0,d__Bacteria;p__Bacteroidota;c__Bacteroidia;o__Flavobacteriales;f__Vicingaceae;g__GCA-002793235;s__
M36,Aegir_M36_B27,0,Bacteria,Patescibacteriota,Minisyncoccia,UBA9973,UBA1006,UBA1006,0,d__Bacteria;p__Patescibacteriota;c__Minisyncoccia;o__UBA9973;f__UBA1006;g__UBA1006;s__
M36,Aegir_M36_B28,6,Bacteria,Myxococcota,Polyangia,Polyangiales,SG8-38,JAADHO01,0,d__Bacteria;p__Myxococcota;c__Polyangia;o__Polyangiales;f__SG8-38;g__JAADHO01;s__
M36,Aegir_M36_B29,0,Bacteria,Patescibacteriota,Gracilibacteria,CAIRYL01,CAIRYL01,0,0,d__Bacteria;p__Patescibacteriota;c__Gracilibacteria;o__CAIRYL01;f__CAIRYL01;g__;s__
M36,Aegir_M36_B3,5,Bacteria,Bacteroidota,Bacteroidia,Bacteroidales,UBA1556,4572-112,0,d__Bacteria;p__Bacteroidota;c__Bacteroidia;o__Bacteroidales;f__UBA1556;g__4572-112;s__
M36,Aegir_M36_B30,0,Bacteria,Bacteroidota,Bacteroidia,Chitinophagales,Saprospiraceae,0,0,d__Bacteria;p__Bacteroidota;c__Bacteroidia;o__Chitinophagales;f__Saprospiraceae;g__;s__
M36,Aegir_M36_B31,0,Bacteria,Patescibacteriota,Minisyncoccia,UBA9973,UBA1006,UBA1006,0,d__Bacteria;p__Patescibacteriota;c__Minisyncoccia;o__UBA9973;f__UBA1006;g__UBA1006;s__
M36,Aegir_M36_B32,0,Bacteria,Campylobacterota,Campylobacteria,Campylobacterales,Sulfurovaceae,UBA1140,0,d__Bacteria;p__Campylobacterota;c__Campylobacteria;o__Campylobacterales;f__Sulfurovaceae;g__UBA1140;s__
M36,Aegir_M36_B33,4,Bacteria,Pseudomonadota,Alphaproteobacteria,Rhodobacterales,Rhodobacteraceae,UBA3077,0,d__Bacteria;p__Pseudomonadota;c__Alphaproteobacteria;o__Rhodobacterales;f__Rhodobacteraceae;g__UBA3077;s__
M36,Aegir_M36_B34,8,Bacteria,Myxococcota,UBA796,UBA796,CAJQPC01,CAJQPC01,0,d__Bacteria;p__Myxococcota;c__UBA796;o__UBA796;f__CAJQPC01;g__CAJQPC01;s__
M36,Aegir_M36_B35,5,Bacteria,Calditrichota,Calditrichia,Calditrichales,Calditrichaceae,JANTFQ01,0,d__Bacteria;p__Calditrichota;c__Calditrichia;o__Calditrichales;f__Calditrichaceae;g__JANTFQ01;s__
M36,Aegir_M36_B36,1,Bacteria,Chloroflexota,Anaerolineae,B4-G1,DUEL01,JBDOIF01,0,d__Bacteria;p__Chloroflexota;c__Anaerolineae;o__B4-G1;f__DUEL01;g__JBDOIF01;s__
M36,Aegir_M36_B37,1,Bacteria,Chloroflexota,Anaerolineae,Aggregatilineales,JALXEW01,JALXEW01,0,d__Bacteria;p__Chloroflexota;c__Anaerolineae;o__Aggregatilineales;f__JALXEW01;g__JALXEW01;s__
M36,Aegir_M36_B38,4,Bacteria,Pseudomonadota,Gammaproteobacteria,Thiomicrospirales,Thiomicrospiraceae,Thiosulfativibrio,0,d__Bacteria;p__Pseudomonadota;c__Gammaproteobacteria;o__Thiomicrospirales;f__Thiomicrospiraceae;g__Thiosulfativibrio;s__
M36,Aegir_M36_B39,1,Bacteria,Cloacimonadota,Cloacimonadia,Cloacimonadales,JAMOQM01,JAMOQM01,0,d__Bacteria;p__Cloacimonadota;c__Cloacimonadia;o__Cloacimonadales;f__JAMOQM01;g__JAMOQM01;s__
M36,Aegir_M36_B4,2,Bacteria,Bacteroidota,Bacteroidia,Bacteroidales,NBLH01,NBLH01,0,d__Bacteria;p__Bacteroidota;c__Bacteroidia;o__Bacteroidales;f__NBLH01;g__NBLH01;s__
M36,Aegir_M36_B40,4,Bacteria,Pseudomonadota,Gammaproteobacteria,Methylococcales,Methylomonadaceae,Methyloprofundus,0,d__Bacteria;p__Pseudomonadota;c__Gammaproteobacteria;o__Methylococcales;f__Methylomonadaceae;g__Methyloprofundus;s__
M36,Aegir_M36_B41,5,Bacteria,Pseudomonadota,Gammaproteobacteria,Methylococcales,Methylomonadaceae,Methyloprofundus,Methyloprofundus sp900128525,d__Bacteria;p__Pseudomonadota;c__Gammaproteobacteria;o__Methylococcales;f__Methylomonadaceae;g__Methyloprofundus;s__Methyloprofundus sp900128525
M36,Aegir_M36_B42,4,Bacteria,Bacteroidota,Bacteroidia,Flavobacteriales,Vicingaceae,GCA-002793235,0,d__Bacteria;p__Bacteroidota;c__Bacteroidia;o__Flavobacteriales;f__Vicingaceae;g__GCA-002793235;s__
M36,Aegir_M36_B43,8,Bacteria,Myxococcota,UBA9042,PHBI01,PHBI01,CALHXW01,0,d__Bacteria;p__Myxococcota;c__UBA9042;o__PHBI01;f__PHBI01;g__CALHXW01;s__
M36,Aegir_M36_B44,3,Bacteria,Pseudomonadota,Alphaproteobacteria,Rhodobacterales,Rhodobacteraceae,Profundibacter,Profundibacter amoris,d__Bacteria;p__Pseudomonadota;c__Alphaproteobacteria;o__Rhodobacterales;f__Rhodobacteraceae;g__Profundibacter;s__Profundibacter amoris
M36,Aegir_M36_B45,3,Bacteria,Bacteroidota,Bacteroidia,Cytophagales,Bernardetiaceae,0,0,d__Bacteria;p__Bacteroidota;c__Bacteroidia;o__Cytophagales;f__Bernardetiaceae;g__;s__
M36,Aegir_M36_B46,10,Bacteria,Myxococcota,UBA727,UBA727,JAUIJE01,0,0,d__Bacteria;p__Myxococcota;c__UBA727;o__UBA727;f__JAUIJE01;g__;s__
M36,Aegir_M36_B47,0,Archaea,Asgardarchaeota,Heimdallarchaeia,JABLTI01,JABLTI01,JABLTI01,0,d__Archaea;p__Asgardarchaeota;c__Heimdallarchaeia;o__JABLTI01;f__JABLTI01;g__JABLTI01;s__
M36,Aegir_M36_B48,3,Bacteria,Campylobacterota,Campylobacteria,Campylobacterales,Sulfurospirillaceae,Sulfurospirillum_A,0,d__Bacteria;p__Campylobacterota;c__Campylobacteria;o__Campylobacterales;f__Sulfurospirillaceae;g__Sulfurospirillum_A;s__
M36,Aegir_M36_B49,2,Bacteria,Bacteroidota,Bacteroidia,Flavobacteriales,Flavobacteriaceae,GCA-002733185,0,d__Bacteria;p__Bacteroidota;c__Bacteroidia;o__Flavobacteriales;f__Flavobacteriaceae;g__GCA-002733185;s__
M36,Aegir_M36_B5,3,Bacteria,Desulfobacterota,Desulfuromonadia,Desulfuromonadales,Geopsychrobacteraceae,Desulfuromusa,0,d__Bacteria;p__Desulfobacterota;c__Desulfuromonadia;o__Desulfuromonadales;f__Geopsychrobacteraceae;g__Desulfuromusa;s__
M36,Aegir_M36_B50,1,Bacteria,Bacteroidota,Bacteroidia,Cytophagales,Cyclobacteriaceae,JAKISE01,0,d__Bacteria;p__Bacteroidota;c__Bacteroidia;o__Cytophagales;f__Cyclobacteriaceae;g__JAKISE01;s__
M36,Aegir_M36_B51,1,Bacteria,Chloroflexota,Anaerolineae,Anaerolineales,UBA11858,UBA11858,0,d__Bacteria;p__Chloroflexota;c__Anaerolineae;o__Anaerolineales;f__UBA11858;g__UBA11858;s__
M36,Aegir_M36_B52,0,Bacteria,Campylobacterota,Campylobacteria,Campylobacterales,QNZT01,JANTGR01,0,d__Bacteria;p__Campylobacterota;c__Campylobacteria;o__Campylobacterales;f__QNZT01;g__JANTGR01;s__
M36,Aegir_M36_B53,3,Bacteria,Campylobacterota,Campylobacteria,Campylobacterales,Sulfurovaceae,Sulfurovum,Sulfurovum sp030949725,d__Bacteria;p__Campylobacterota;c__Campylobacteria;o__Campylobacterales;f__Sulfurovaceae;g__Sulfurovum;s__Sulfurovum sp030949725
M36,Aegir_M36_B54,2,Bacteria,Bacteroidota,Bacteroidia,Flavobacteriales,Flavobacteriaceae,Lutimonas,0,d__Bacteria;p__Bacteroidota;c__Bacteroidia;o__Flavobacteriales;f__Flavobacteriaceae;g__Lutimonas;s__
M36,Aegir_M36_B55,0,Bacteria,Campylobacterota,Campylobacteria,Campylobacterales,Sulfurovaceae,JAADEQ01,0,d__Bacteria;p__Campylobacterota;c__Campylobacteria;o__Campylobacterales;f__Sulfurovaceae;g__JAADEQ01;s__
M36,Aegir_M36_B56,1,Bacteria,Bacteroidota,Bacteroidia,Flavobacteriales,Crocinitomicaceae,Putridiphycobacter,0,d__Bacteria;p__Bacteroidota;c__Bacteroidia;o__Flavobacteriales;f__Crocinitomicaceae;g__Putridiphycobacter;s__
M36,Aegir_M36_B57,2,Bacteria,Campylobacterota,Campylobacteria,Campylobacterales,Sulfurovaceae,Sulfurovum,0,d__Bacteria;p__Campylobacterota;c__Campylobacteria;o__Campylobacterales;f__Sulfurovaceae;g__Sulfurovum;s__
M36,Aegir_M36_B58,2,Bacteria,Chloroflexota,Anaerolineae,Promineifilales,Promineifilaceae,S016-13,0,d__Bacteria;p__Chloroflexota;c__Anaerolineae;o__Promineifilales;f__Promineifilaceae;g__S016-13;s__
M36,Aegir_M36_B59,1,Bacteria,Bacteroidota,Bacteroidia,Flavobacteriales,Flavobacteriaceae,S010-17,0,d__Bacteria;p__Bacteroidota;c__Bacteroidia;o__Flavobacteriales;f__Flavobacteriaceae;g__S010-17;s__
M36,Aegir_M36_B6,1,Bacteria,Bacteroidota,Bacteroidia,Flavobacteriales,Vicingaceae,GCA-002793235,0,d__Bacteria;p__Bacteroidota;c__Bacteroidia;o__Flavobacteriales;f__Vicingaceae;g__GCA-002793235;s__
M36,Aegir_M36_B60,5,Bacteria,Pseudomonadota,Gammaproteobacteria,Beggiatoales,Beggiatoaceae,JAUXCJ01,0,d__Bacteria;p__Pseudomonadota;c__Gammaproteobacteria;o__Beggiatoales;f__Beggiatoaceae;g__JAUXCJ01;s__
M36,Aegir_M36_B61,7,Bacteria,Desulfobacterota,Desulfobacteria,Desulfobacterales,Desulfosarcinaceae,JALVQM01,0,d__Bacteria;p__Desulfobacterota;c__Desulfobacteria;o__Desulfobacterales;f__Desulfosarcinaceae;g__JALVQM01;s__
M36,Aegir_M36_B62,4,Bacteria,Bacteroidota,Bacteroidia,Bacteroidales,UBA12170,DYSN01,0,d__Bacteria;p__Bacteroidota;c__Bacteroidia;o__Bacteroidales;f__UBA12170;g__DYSN01;s__
M36,Aegir_M36_B63,4,Bacteria,Pseudomonadota,Gammaproteobacteria,Thiomicrospirales,Thiomicrospiraceae,Thiomicrorhabdus,0,d__Bacteria;p__Pseudomonadota;c__Gammaproteobacteria;o__Thiomicrospirales;f__Thiomicrospiraceae;g__Thiomicrorhabdus;s__
M36,Aegir_M36_B64,14,Bacteria,Myxococcota,UBA796,UBA796,GCA-2862545,JACKEQ01,0,d__Bacteria;p__Myxococcota;c__UBA796;o__UBA796;f__GCA-2862545;g__JACKEQ01;s__
M36,Aegir_M36_B65,3,Bacteria,Bacteroidota,Bacteroidia,Bacteroidales,JAADGE01,JAADGE01,0,d__Bacteria;p__Bacteroidota;c__Bacteroidia;o__Bacteroidales;f__JAADGE01;g__JAADGE01;s__
M36,Aegir_M36_B66,2,Bacteria,Campylobacterota,Campylobacteria,Campylobacterales,Sulfurovaceae,SZUA-451,0,d__Bacteria;p__Campylobacterota;c__Campylobacteria;o__Campylobacterales;f__Sulfurovaceae;g__SZUA-451;s__
M36,Aegir_M36_B67,2,Bacteria,Pseudomonadota,Gammaproteobacteria,Methylococcales,Methylomonadaceae,Methyloprofundus,0,d__Bacteria;p__Pseudomonadota;c__Gammaproteobacteria;o__Methylococcales;f__Methylomonadaceae;g__Methyloprofundus;s__
M36,Aegir_M36_B68,1,Bacteria,Bacteroidota,Bacteroidia,Bacteroidales,S143-33,S143-33,0,d__Bacteria;p__Bacteroidota;c__Bacteroidia;o__Bacteroidales;f__S143-33;g__S143-33;s__
M36,Aegir_M36_B69,5,Bacteria,Bacteroidota,Bacteroidia,Flavobacteriales,Parvicellaceae,S010-51,0,d__Bacteria;p__Bacteroidota;c__Bacteroidia;o__Flavobacteriales;f__Parvicellaceae;g__S010-51;s__
M36,Aegir_M36_B7,0,Bacteria,Campylobacterota,Campylobacteria,Campylobacterales,Sulfurovaceae,SZUA-451,0,d__Bacteria;p__Campylobacterota;c__Campylobacteria;o__Campylobacterales;f__Sulfurovaceae;g__SZUA-451;s__
M36,Aegir_M36_B70,0,Bacteria,Chloroflexota,Anaerolineae,B4-G1,B4-G1,JALWUZ01,0,d__Bacteria;p__Chloroflexota;c__Anaerolineae;o__B4-G1;f__B4-G1;g__JALWUZ01;s__
M36,Aegir_M36_B71,5,Bacteria,Pseudomonadota,Gammaproteobacteria,Methylococcales,Methylomonadaceae,Methylomarinum,0,d__Bacteria;p__Pseudomonadota;c__Gammaproteobacteria;o__Methylococcales;f__Methylomonadaceae;g__Methylomarinum;s__
M36,Aegir_M36_B72,2,Bacteria,Spirochaetota,Spirochaetia,B11-G9,B11-G9,S145-15,0,d__Bacteria;p__Spirochaetota;c__Spirochaetia;o__B11-G9;f__B11-G9;g__S145-15;s__
M36,Aegir_M36_B73,4,Bacteria,Pseudomonadota,Gammaproteobacteria,Methylococcales,Methylomonadaceae,WTBX01,WTBX01 sp030949405,d__Bacteria;p__Pseudomonadota;c__Gammaproteobacteria;o__Methylococcales;f__Methylomonadaceae;g__WTBX01;s__WTBX01 sp030949405
M36,Aegir_M36_B8,1,Bacteria,Bacteroidota,Bacteroidia,Bacteroidales,UBA1556,CG2-30-33-31,0,d__Bacteria;p__Bacteroidota;c__Bacteroidia;o__Bacteroidales;f__UBA1556;g__CG2-30-33-31;s__
M36,Aegir_M36_B9,5,Bacteria,Pseudomonadota,Gammaproteobacteria,Methylococcales,Methylomonadaceae,Methyloprofundus,0,d__Bacteria;p__Pseudomonadota;c__Gammaproteobacteria;o__Methylococcales;f__Methylomonadaceae;g__Methyloprofundus;s__
M37,Aegir_M37_B1,2,Bacteria,Pseudomonadota,Alphaproteobacteria,Sphingomonadales,Emcibacteraceae,Paremcibacter,0,d__Bacteria;p__Pseudomonadota;c__Alphaproteobacteria;o__Sphingomonadales;f__Emcibacteraceae;g__Paremcibacter;s__
M37,Aegir_M37_B10,3,Bacteria,Campylobacterota,Campylobacteria,Campylobacterales,Sulfurovaceae,UBA1140,0,d__Bacteria;p__Campylobacterota;c__Campylobacteria;o__Campylobacterales;f__Sulfurovaceae;g__UBA1140;s__
M37,Aegir_M37_B11,3,Bacteria,Omnitrophota,Koll11,Zapsychrales,Zapsychraceae,0,0,d__Bacteria;p__Omnitrophota;c__Koll11;o__Zapsychrales;f__Zapsychraceae;g__;s__
M37,Aegir_M37_B12,2,Bacteria,Pseudomonadota,Gammaproteobacteria,Methylococcales,Methylomonadaceae,Methyloprofundus,Methyloprofundus sp900128525,d__Bacteria;p__Pseudomonadota;c__Gammaproteobacteria;o__Methylococcales;f__Methylomonadaceae;g__Methyloprofundus;s__Methyloprofundus sp900128525
M37,Aegir_M37_B13,1,Bacteria,Caldisericota,Caldisericia,JAAYUI01,JAAYUI01,JAXGMQ01,0,d__Bacteria;p__Caldisericota;c__Caldisericia;o__JAAYUI01;f__JAAYUI01;g__JAXGMQ01;s__
M37,Aegir_M37_B14,4,Bacteria,Pseudomonadota,Gammaproteobacteria,Methylococcales,Methylomonadaceae,Methyloprofundus,0,d__Bacteria;p__Pseudomonadota;c__Gammaproteobacteria;o__Methylococcales;f__Methylomonadaceae;g__Methyloprofundus;s__
M37,Aegir_M37_B15,2,Bacteria,PUNC01,Erginobacteria,Erginobacterales,Erginobacteraceae,CAKZYZ01,0,d__Bacteria;p__PUNC01;c__Erginobacteria;o__Erginobacterales;f__Erginobacteraceae;g__CAKZYZ01;s__
M37,Aegir_M37_B16,3,Bacteria,Pseudomonadota,Gammaproteobacteria,Methylococcales,Cycloclasticaceae,Cycloclasticus,0,d__Bacteria;p__Pseudomonadota;c__Gammaproteobacteria;o__Methylococcales;f__Cycloclasticaceae;g__Cycloclasticus;s__
M37,Aegir_M37_B17,7,Bacteria,Pseudomonadota,Gammaproteobacteria,Methylococcales,Methylomonadaceae,Methyloprofundus,0,d__Bacteria;p__Pseudomonadota;c__Gammaproteobacteria;o__Methylococcales;f__Methylomonadaceae;g__Methyloprofundus;s__
M37,Aegir_M37_B18,0,Bacteria,Pseudomonadota,Alphaproteobacteria,Rhizobiales,Devosiaceae,DROE01,0,d__Bacteria;p__Pseudomonadota;c__Alphaproteobacteria;o__Rhizobiales;f__Devosiaceae;g__DROE01;s__
M37,Aegir_M37_B19,3,Bacteria,Planctomycetota,Phycisphaerae,Phycisphaerales,Phycisphaeraceae,JANQFR01,0,d__Bacteria;p__Planctomycetota;c__Phycisphaerae;o__Phycisphaerales;f__Phycisphaeraceae;g__JANQFR01;s__
M37,Aegir_M37_B2,2,Bacteria,UBA10199,UBA10199,2-02-FULL-44-16,JAAZCA01,0,0,d__Bacteria;p__UBA10199;c__UBA10199;o__2-02-FULL-44-16;f__JAAZCA01;g__;s__
M37,Aegir_M37_B20,1,Bacteria,Patescibacteriota,Minisyncoccia,Moranbacterales,DUUL01,0,0,d__Bacteria;p__Patescibacteriota;c__Minisyncoccia;o__Moranbacterales;f__DUUL01;g__;s__
M37,Aegir_M37_B21,8,Bacteria,Pseudomonadota,Gammaproteobacteria,Methylococcales,0,0,0,d__Bacteria;p__Pseudomonadota;c__Gammaproteobacteria;o__Methylococcales;f__;g__;s__
M37,Aegir_M37_B22,9,Bacteria,Pseudomonadota,Gammaproteobacteria,Thiotrichales,Thiotrichaceae,HyVt-477,0,d__Bacteria;p__Pseudomonadota;c__Gammaproteobacteria;o__Thiotrichales;f__Thiotrichaceae;g__HyVt-477;s__
M37,Aegir_M37_B23,6,Bacteria,Verrucomicrobiota,Kiritimatiellia,Kiritimatiellales,Pontiellaceae,Pontiella,0,d__Bacteria;p__Verrucomicrobiota;c__Kiritimatiellia;o__Kiritimatiellales;f__Pontiellaceae;g__Pontiella;s__
M37,Aegir_M37_B24,2,Bacteria,Chloroflexota,Anaerolineae,Anaerolineales,Anaerolineaceae,SpSt-1165,0,d__Bacteria;p__Chloroflexota;c__Anaerolineae;o__Anaerolineales;f__Anaerolineaceae;g__SpSt-1165;s__
M37,Aegir_M37_B25,1,Bacteria,Bacteroidota,Bacteroidia,Cytophagales,Cyclobacteriaceae,JAKISE01,0,d__Bacteria;p__Bacteroidota;c__Bacteroidia;o__Cytophagales;f__Cyclobacteriaceae;g__JAKISE01;s__
M37,Aegir_M37_B26,1,Bacteria,Bipolaricaulota,Bipolaricaulia,UBA7950,UBA9294,SPBW01,0,d__Bacteria;p__Bipolaricaulota;c__Bipolaricaulia;o__UBA7950;f__UBA9294;g__SPBW01;s__
M37,Aegir_M37_B27,5,Bacteria,Bacteroidota,Bacteroidia,Bacteroidales,GCA-2748055,GCA-2748055,0,d__Bacteria;p__Bacteroidota;c__Bacteroidia;o__Bacteroidales;f__GCA-2748055;g__GCA-2748055;s__
M37,Aegir_M37_B28,1,Bacteria,Desulfobacterota,DSM-4660,Desulfatiglandales,Desulfatiglandaceae,NaphS2,0,d__Bacteria;p__Desulfobacterota;c__DSM-4660;o__Desulfatiglandales;f__Desulfatiglandaceae;g__NaphS2;s__
M37,Aegir_M37_B29,2,Bacteria,Pseudomonadota,Gammaproteobacteria,Xanthomonadales,Marinicellaceae,NORP309,0,d__Bacteria;p__Pseudomonadota;c__Gammaproteobacteria;o__Xanthomonadales;f__Marinicellaceae;g__NORP309;s__
M37,Aegir_M37_B3,1,Bacteria,Planctomycetota,Phycisphaerae,Sedimentisphaerales,SM23-30,0,0,d__Bacteria;p__Planctomycetota;c__Phycisphaerae;o__Sedimentisphaerales;f__SM23-30;g__;s__
M37,Aegir_M37_B30,5,Bacteria,Bacteroidota,Bacteroidia,Flavobacteriales,Flavobacteriaceae,Maribacter_C,0,d__Bacteria;p__Bacteroidota;c__Bacteroidia;o__Flavobacteriales;f__Flavobacteriaceae;g__Maribacter_C;s__
M37,Aegir_M37_B31,0,Bacteria,Campylobacterota,Campylobacteria,Campylobacterales,QNZT01,JANTGR01,0,d__Bacteria;p__Campylobacterota;c__Campylobacteria;o__Campylobacterales;f__QNZT01;g__JANTGR01;s__
M37,Aegir_M37_B32,4,Bacteria,Pseudomonadota,Alphaproteobacteria,Rhodobacterales,Rhodobacteraceae,NORP181,0,d__Bacteria;p__Pseudomonadota;c__Alphaproteobacteria;o__Rhodobacterales;f__Rhodobacteraceae;g__NORP181;s__
M37,Aegir_M37_B33,0,Bacteria,Patescibacteriota,Gracilibacteria,UBA1369,UBA1369,0,0,d__Bacteria;p__Patescibacteriota;c__Gracilibacteria;o__UBA1369;f__UBA1369;g__;s__
M37,Aegir_M37_B34,1,Bacteria,Planctomycetota,Phycisphaerae,Sedimentisphaerales,Anaerobacaceae,Anaerobaca,0,d__Bacteria;p__Planctomycetota;c__Phycisphaerae;o__Sedimentisphaerales;f__Anaerobacaceae;g__Anaerobaca;s__
M37,Aegir_M37_B35,2,Bacteria,Bacteroidota,Bacteroidia,Flavobacteriales,Flavobacteriaceae,Lutimonas,0,d__Bacteria;p__Bacteroidota;c__Bacteroidia;o__Flavobacteriales;f__Flavobacteriaceae;g__Lutimonas;s__
M37,Aegir_M37_B36,2,Bacteria,Bacteroidota,Bacteroidia,Flavobacteriales,Flavobacteriaceae,Lutimonas,0,d__Bacteria;p__Bacteroidota;c__Bacteroidia;o__Flavobacteriales;f__Flavobacteriaceae;g__Lutimonas;s__
M37,Aegir_M37_B37,4,Bacteria,Verrucomicrobiota,Kiritimatiellia,LD1-PB3_B,Lenti-01,0,0,d__Bacteria;p__Verrucomicrobiota;c__Kiritimatiellia;o__LD1-PB3_B;f__Lenti-01;g__;s__
M37,Aegir_M37_B38,1,Bacteria,Planctomycetota,SZUA-567,SZUA-567,JAFGNG01,JAFGNG01,0,d__Bacteria;p__Planctomycetota;c__SZUA-567;o__SZUA-567;f__JAFGNG01;g__JAFGNG01;s__
M37,Aegir_M37_B39,5,Bacteria,Pseudomonadota,Alphaproteobacteria,Rhodobacterales,Rhodobacteraceae,Profundibacter,0,d__Bacteria;p__Pseudomonadota;c__Alphaproteobacteria;o__Rhodobacterales;f__Rhodobacteraceae;g__Profundibacter;s__
M37,Aegir_M37_B4,0,Bacteria,Campylobacterota,Campylobacteria,Campylobacterales,Sulfurovaceae,UBA1140,0,d__Bacteria;p__Campylobacterota;c__Campylobacteria;o__Campylobacterales;f__Sulfurovaceae;g__UBA1140;s__
M37,Aegir_M37_B40,5,Bacteria,Fermentibacterota,Fermentibacteria,Fermentibacterales,Fermentibacteraceae,Sabulitectum,0,d__Bacteria;p__Fermentibacterota;c__Fermentibacteria;o__Fermentibacterales;f__Fermentibacteraceae;g__Sabulitectum;s__
M37,Aegir_M37_B41,5,Bacteria,Bacteroidota,Bacteroidia,Bacteroidales,F082,B16-G9,0,d__Bacteria;p__Bacteroidota;c__Bacteroidia;o__Bacteroidales;f__F082;g__B16-G9;s__
M37,Aegir_M37_B42,3,Bacteria,Pseudomonadota,Gammaproteobacteria,Thiotrichales,Thiotrichaceae,Cocleimonas,0,d__Bacteria;p__Pseudomonadota;c__Gammaproteobacteria;o__Thiotrichales;f__Thiotrichaceae;g__Cocleimonas;s__
M37,Aegir_M37_B43,1,Bacteria,Campylobacterota,Campylobacteria,Campylobacterales,Sulfurovaceae,Sulfurovum,0,d__Bacteria;p__Campylobacterota;c__Campylobacteria;o__Campylobacterales;f__Sulfurovaceae;g__Sulfurovum;s__
M37,Aegir_M37_B44,0,Bacteria,Campylobacterota,Campylobacteria,Campylobacterales,Sulfurospirillaceae,Sulfurospirillum_A,0,d__Bacteria;p__Campylobacterota;c__Campylobacteria;o__Campylobacterales;f__Sulfurospirillaceae;g__Sulfurospirillum_A;s__
M37,Aegir_M37_B45,0,Bacteria,Spirochaetota,Spirochaetia,Spirochaetales_E,UBA2779,UBA2779,0,d__Bacteria;p__Spirochaetota;c__Spirochaetia;o__Spirochaetales_E;f__UBA2779;g__UBA2779;s__
M37,Aegir_M37_B46,2,Bacteria,Pseudomonadota,Alphaproteobacteria,Rhodobacterales,Rhodobacteraceae,Profundibacter,0,d__Bacteria;p__Pseudomonadota;c__Alphaproteobacteria;o__Rhodobacterales;f__Rhodobacteraceae;g__Profundibacter;s__
M37,Aegir_M37_B47,6,Bacteria,Pseudomonadota,Gammaproteobacteria,Nitrosococcales,Methylophagaceae,GCA-002733105,0,d__Bacteria;p__Pseudomonadota;c__Gammaproteobacteria;o__Nitrosococcales;f__Methylophagaceae;g__GCA-002733105;s__
M37,Aegir_M37_B48,0,Archaea,Nanobdellota,Nanobdellia,Woesearchaeales,BS150m-G63,JAGLOT01,0,d__Archaea;p__Nanobdellota;c__Nanobdellia;o__Woesearchaeales;f__BS150m-G63;g__JAGLOT01;s__
M37,Aegir_M37_B49,3,Bacteria,Spirochaetota,UBA4802,UBA4802,UBA5550,0,0,d__Bacteria;p__Spirochaetota;c__UBA4802;o__UBA4802;f__UBA5550;g__;s__
M37,Aegir_M37_B5,3,Bacteria,UBA3054,UBA3054,UBA3054,B51-G9,0,0,d__Bacteria;p__UBA3054;c__UBA3054;o__UBA3054;f__B51-G9;g__;s__
M37,Aegir_M37_B50,3,Bacteria,Pseudomonadota,Gammaproteobacteria,Pseudomonadales,Halieaceae,JBALVT01,0,d__Bacteria;p__Pseudomonadota;c__Gammaproteobacteria;o__Pseudomonadales;f__Halieaceae;g__JBALVT01;s__
M37,Aegir_M37_B51,1,Bacteria,Bacteroidota,Bacteroidia,Cytophagales,Cyclobacteriaceae,0,0,d__Bacteria;p__Bacteroidota;c__Bacteroidia;o__Cytophagales;f__Cyclobacteriaceae;g__;s__
M37,Aegir_M37_B52,0,Bacteria,Spirochaetota,Spirochaetia,B11-G9,B11-G9,JAJRQE01,0,d__Bacteria;p__Spirochaetota;c__Spirochaetia;o__B11-G9;f__B11-G9;g__JAJRQE01;s__
M37,Aegir_M37_B53,1,Bacteria,Bacteroidota,Bacteroidia,Flavobacteriales,Vicingaceae,GCA-002793235,0,d__Bacteria;p__Bacteroidota;c__Bacteroidia;o__Flavobacteriales;f__Vicingaceae;g__GCA-002793235;s__
M37,Aegir_M37_B54,2,Bacteria,Bacteroidota,Bacteroidia,Bacteroidales,GCA-2711565,GCA-2711565,0,d__Bacteria;p__Bacteroidota;c__Bacteroidia;o__Bacteroidales;f__GCA-2711565;g__GCA-2711565;s__
M37,Aegir_M37_B55,6,Bacteria,Acidobacteriota,Thermoanaerobaculia,Thermoanaerobaculales,Sulfomarinibacteraceae,JAHECW01,0,d__Bacteria;p__Acidobacteriota;c__Thermoanaerobaculia;o__Thermoanaerobaculales;f__Sulfomarinibacteraceae;g__JAHECW01;s__
M37,Aegir_M37_B56,4,Bacteria,Desulfobacterota,Desulfobacteria,Desulfobacterales,Desulfosalsimonadaceae,SURF-3,0,d__Bacteria;p__Desulfobacterota;c__Desulfobacteria;o__Desulfobacterales;f__Desulfosalsimonadaceae;g__SURF-3;s__
M37,Aegir_M37_B6,7,Bacteria,Pseudomonadota,Gammaproteobacteria,CAJXQU01,CAJXQU01,CAJXQU01,0,d__Bacteria;p__Pseudomonadota;c__Gammaproteobacteria;o__CAJXQU01;f__CAJXQU01;g__CAJXQU01;s__
M37,Aegir_M37_B7,6,Bacteria,Myxococcota,Polyangia,Polyangiales,SG8-38,JBCCRV01,0,d__Bacteria;p__Myxococcota;c__Polyangia;o__Polyangiales;f__SG8-38;g__JBCCRV01;s__
M37,Aegir_M37_B8,2,Bacteria,Chloroflexota,Anaerolineae,Promineifilales,Promineifilaceae,S016-13,0,d__Bacteria;p__Chloroflexota;c__Anaerolineae;o__Promineifilales;f__Promineifilaceae;g__S016-13;s__
M37,Aegir_M37_B9,7,Bacteria,Pseudomonadota,Gammaproteobacteria,Methylococcales,Methylomonadaceae,QPIN01,0,d__Bacteria;p__Pseudomonadota;c__Gammaproteobacteria;o__Methylococcales;f__Methylomonadaceae;g__QPIN01;s__
M38,Aegir_M38_B1,1,Bacteria,Campylobacterota,Campylobacteria,Campylobacterales,Sulfurimonadaceae,Sulfurimonas,0,d__Bacteria;p__Campylobacterota;c__Campylobacteria;o__Campylobacterales;f__Sulfurimonadaceae;g__Sulfurimonas;s__
M38,Aegir_M38_B10,7,Bacteria,Pseudomonadota,Gammaproteobacteria,Methylococcales,Methylomonadaceae,QPIN01,0,d__Bacteria;p__Pseudomonadota;c__Gammaproteobacteria;o__Methylococcales;f__Methylomonadaceae;g__QPIN01;s__
M38,Aegir_M38_B100,0,Bacteria,Actinomycetota,CAJVYJ01,CAJVYJ01,JAUVQD01,JAUXSL01,0,d__Bacteria;p__Actinomycetota;c__CAJVYJ01;o__CAJVYJ01;f__JAUVQD01;g__JAUXSL01;s__
M38,Aegir_M38_B101,2,Bacteria,Pseudomonadota,Gammaproteobacteria,Enterobacterales,Kangiellaceae,GCA-002733465,0,d__Bacteria;p__Pseudomonadota;c__Gammaproteobacteria;o__Enterobacterales;f__Kangiellaceae;g__GCA-002733465;s__
M38,Aegir_M38_B102,1,Bacteria,Bacteroidota,Bacteroidia,Bacteroidales,JAADGE01,CAMZKQ01,0,d__Bacteria;p__Bacteroidota;c__Bacteroidia;o__Bacteroidales;f__JAADGE01;g__CAMZKQ01;s__
M38,Aegir_M38_B103,8,Bacteria,Bacteroidota,Bacteroidia,UBA10329,UBA10329,0,0,d__Bacteria;p__Bacteroidota;c__Bacteroidia;o__UBA10329;f__UBA10329;g__;s__
M38,Aegir_M38_B104,3,Bacteria,Pseudomonadota,Alphaproteobacteria,Sphingomonadales,Emcibacteraceae,Paremcibacter,0,d__Bacteria;p__Pseudomonadota;c__Alphaproteobacteria;o__Sphingomonadales;f__Emcibacteraceae;g__Paremcibacter;s__
M38,Aegir_M38_B105,3,Bacteria,Campylobacterota,Campylobacteria,Campylobacterales,Sulfurovaceae,Sulfurovum,0,d__Bacteria;p__Campylobacterota;c__Campylobacteria;o__Campylobacterales;f__Sulfurovaceae;g__Sulfurovum;s__
M38,Aegir_M38_B106,1,Bacteria,Zixibacteria,MSB-5A5,GN15,40940,QQUK01,0,d__Bacteria;p__Zixibacteria;c__MSB-5A5;o__GN15;f__FEB-12;g__QQUK01;s__
M38,Aegir_M38_B107,0,Bacteria,Bacteroidota,Bacteroidia,Flavobacteriales,Flavobacteriaceae,Lutibacter,0,d__Bacteria;p__Bacteroidota;c__Bacteroidia;o__Flavobacteriales;f__Flavobacteriaceae;g__Lutibacter;s__
M38,Aegir_M38_B108,0,Bacteria,Bacteroidota,Bacteroidia,Flavobacteriales,Crocinitomicaceae,Putridiphycobacter,0,d__Bacteria;p__Bacteroidota;c__Bacteroidia;o__Flavobacteriales;f__Crocinitomicaceae;g__Putridiphycobacter;s__
M38,Aegir_M38_B109,1,Bacteria,Bacteroidota,Bacteroidia,Flavobacteriales,Flavobacteriaceae,GCA-002733185,0,d__Bacteria;p__Bacteroidota;c__Bacteroidia;o__Flavobacteriales;f__Flavobacteriaceae;g__GCA-002733185;s__
M38,Aegir_M38_B11,0,Bacteria,Pseudomonadota,Gammaproteobacteria,QNFE01,QNFE01,0,0,d__Bacteria;p__Pseudomonadota;c__Gammaproteobacteria;o__QNFE01;f__QNFE01;g__;s__
M38,Aegir_M38_B12,0,Bacteria,Campylobacterota,Campylobacteria,Campylobacterales,Sulfurovaceae,Sulfurovum,Sulfurovum sp030949325,d__Bacteria;p__Campylobacterota;c__Campylobacteria;o__Campylobacterales;f__Sulfurovaceae;g__Sulfurovum;s__Sulfurovum sp030949325
M38,Aegir_M38_B13,3,Bacteria,Pseudomonadota,Gammaproteobacteria,Chromatiales,Sedimenticolaceae,0,0,d__Bacteria;p__Pseudomonadota;c__Gammaproteobacteria;o__Chromatiales;f__Sedimenticolaceae;g__;s__
M38,Aegir_M38_B14,1,Bacteria,Pseudomonadota,Zetaproteobacteria,Mariprofundales,Mariprofundaceae,Ghiorsea,0,d__Bacteria;p__Pseudomonadota;c__Zetaproteobacteria;o__Mariprofundales;f__Mariprofundaceae;g__Ghiorsea;s__
M38,Aegir_M38_B15,2,Bacteria,Planctomycetota,JADGBV01,JADGBV01,JADGBV01,0,0,d__Bacteria;p__Planctomycetota;c__JADGBV01;o__JADGBV01;f__JADGBV01;g__;s__
M38,Aegir_M38_B16,1,Archaea,Nanobdellota,Nanobdellia,Woesearchaeales,UBA583,UBA583,0,d__Archaea;p__Nanobdellota;c__Nanobdellia;o__Woesearchaeales;f__UBA583;g__UBA583;s__
M38,Aegir_M38_B17,0,Bacteria,Campylobacterota,Campylobacteria,Campylobacterales,Arcobacteraceae,JAIOSF01,0,d__Bacteria;p__Campylobacterota;c__Campylobacteria;o__Campylobacterales;f__Arcobacteraceae;g__JAIOSF01;s__
M38,Aegir_M38_B18,1,Bacteria,Campylobacterota,Campylobacteria,Campylobacterales,Sulfurimonadaceae,Sulfurimonas,0,d__Bacteria;p__Campylobacterota;c__Campylobacteria;o__Campylobacterales;f__Sulfurimonadaceae;g__Sulfurimonas;s__
M38,Aegir_M38_B19,3,Bacteria,Pseudomonadota,Zetaproteobacteria,Mariprofundales,Mariprofundaceae,AB-137-C09,0,d__Bacteria;p__Pseudomonadota;c__Zetaproteobacteria;o__Mariprofundales;f__Mariprofundaceae;g__AB-137-C09;s__
M38,Aegir_M38_B2,2,Bacteria,Pseudomonadota,Alphaproteobacteria,Rhodobacterales,Rhodobacteraceae,UBA5972,0,d__Bacteria;p__Pseudomonadota;c__Alphaproteobacteria;o__Rhodobacterales;f__Rhodobacteraceae;g__UBA5972;s__
M38,Aegir_M38_B20,1,Bacteria,Chloroflexota,Anaerolineae,JAAYZQ01,JAAYZQ01,0,0,d__Bacteria;p__Chloroflexota;c__Anaerolineae;o__JAAYZQ01;f__JAAYZQ01;g__;s__
M38,Aegir_M38_B21,6,Bacteria,Pseudomonadota,Gammaproteobacteria,Methylococcales,Methylomonadaceae,QPIN01,QPIN01 sp026988195,d__Bacteria;p__Pseudomonadota;c__Gammaproteobacteria;o__Methylococcales;f__Methylomonadaceae;g__QPIN01;s__QPIN01 sp026988195
M38,Aegir_M38_B22,6,Bacteria,Pseudomonadota,Gammaproteobacteria,Nitrosococcales,Methylophagaceae,GCA-002733105,0,d__Bacteria;p__Pseudomonadota;c__Gammaproteobacteria;o__Nitrosococcales;f__Methylophagaceae;g__GCA-002733105;s__
M38,Aegir_M38_B23,5,Bacteria,Calditrichota,Calditrichia,Calditrichales,Calditrichaceae,JANTFQ01,0,d__Bacteria;p__Calditrichota;c__Calditrichia;o__Calditrichales;f__Calditrichaceae;g__JANTFQ01;s__
M38,Aegir_M38_B24,0,Bacteria,Pseudomonadota,Gammaproteobacteria,Enterobacterales,Kangiellaceae,GCA-002733465,0,d__Bacteria;p__Pseudomonadota;c__Gammaproteobacteria;o__Enterobacterales;f__Kangiellaceae;g__GCA-002733465;s__
M38,Aegir_M38_B25,3,Bacteria,Bacteroidota,Bacteroidia,Flavobacteriales,Crocinitomicaceae,UBA4466,0,d__Bacteria;p__Bacteroidota;c__Bacteroidia;o__Flavobacteriales;f__Crocinitomicaceae;g__UBA4466;s__
M38,Aegir_M38_B26,5,Bacteria,Pseudomonadota,Gammaproteobacteria,Methylococcales,Methylomonadaceae,Methyloprofundus,0,d__Bacteria;p__Pseudomonadota;c__Gammaproteobacteria;o__Methylococcales;f__Methylomonadaceae;g__Methyloprofundus;s__
M38,Aegir_M38_B27,0,Bacteria,Bacteroidota,Bacteroidia,Flavobacteriales,Flavobacteriaceae,GCA-002733185,0,d__Bacteria;p__Bacteroidota;c__Bacteroidia;o__Flavobacteriales;f__Flavobacteriaceae;g__GCA-002733185;s__
M38,Aegir_M38_B28,3,Bacteria,Pseudomonadota,Gammaproteobacteria,SZUA-229,SZUA-229,S010-25,0,d__Bacteria;p__Pseudomonadota;c__Gammaproteobacteria;o__SZUA-229;f__SZUA-229;g__S010-25;s__
M38,Aegir_M38_B29,2,Bacteria,Krumholzibacteriota,Krumholzibacteriia,LZORAL124-64-63,LZORAL124-64-63,JAGRNP01,0,d__Bacteria;p__Krumholzibacteriota;c__Krumholzibacteriia;o__LZORAL124-64-63;f__LZORAL124-64-63;g__JAGRNP01;s__
M38,Aegir_M38_B3,1,Bacteria,Bdellovibrionota,Bacteriovoracia,Bacteriovoracales,Bacteriovoracaceae,0,0,d__Bacteria;p__Bdellovibrionota;c__Bacteriovoracia;o__Bacteriovoracales;f__Bacteriovoracaceae;g__;s__
M38,Aegir_M38_B30,5,Bacteria,Pseudomonadota,Gammaproteobacteria,Methylococcales,Methylomonadaceae,WTBX01,WTBX01 sp030949405,d__Bacteria;p__Pseudomonadota;c__Gammaproteobacteria;o__Methylococcales;f__Methylomonadaceae;g__WTBX01;s__WTBX01 sp030949405
M38,Aegir_M38_B31,2,Bacteria,Bacteroidota,Bacteroidia,Flavobacteriales,Flavobacteriaceae,Urechidicola,0,d__Bacteria;p__Bacteroidota;c__Bacteroidia;o__Flavobacteriales;f__Flavobacteriaceae;g__Urechidicola;s__
M38,Aegir_M38_B32,4,Bacteria,Pseudomonadota,Alphaproteobacteria,Rhodobacterales,Rhodobacteraceae,UBA3077,0,d__Bacteria;p__Pseudomonadota;c__Alphaproteobacteria;o__Rhodobacterales;f__Rhodobacteraceae;g__UBA3077;s__
M38,Aegir_M38_B33,7,Bacteria,Desulfobacterota,Desulfobulbia,Desulfobulbales,Desulfobulbaceae,DRLX01,0,d__Bacteria;p__Desulfobacterota;c__Desulfobulbia;o__Desulfobulbales;f__Desulfobulbaceae;g__DRLX01;s__
M38,Aegir_M38_B34,0,Bacteria,Pseudomonadota,Zetaproteobacteria,Mariprofundales,Mariprofundaceae,GCA-2401635,0,d__Bacteria;p__Pseudomonadota;c__Zetaproteobacteria;o__Mariprofundales;f__Mariprofundaceae;g__GCA-2401635;s__
M38,Aegir_M38_B35,3,Bacteria,Myxococcota,UBA9042,PWKZ01,PWKZ01,0,0,d__Bacteria;p__Myxococcota;c__UBA9042;o__PWKZ01;f__PWKZ01;g__;s__
M38,Aegir_M38_B36,4,Bacteria,Pseudomonadota,Alphaproteobacteria,Rhodobacterales,Rhodobacteraceae,UBA3077,0,d__Bacteria;p__Pseudomonadota;c__Alphaproteobacteria;o__Rhodobacterales;f__Rhodobacteraceae;g__UBA3077;s__
M38,Aegir_M38_B37,1,Bacteria,Pseudomonadota,Alphaproteobacteria,Caulobacterales,Maricaulaceae,Robiginitomaculum_A,0,d__Bacteria;p__Pseudomonadota;c__Alphaproteobacteria;o__Caulobacterales;f__Maricaulaceae;g__Robiginitomaculum_A;s__
M38,Aegir_M38_B38,3,Bacteria,Pseudomonadota,Alphaproteobacteria,Rhodobacterales,Rhodobacteraceae,UBA3077,0,d__Bacteria;p__Pseudomonadota;c__Alphaproteobacteria;o__Rhodobacterales;f__Rhodobacteraceae;g__UBA3077;s__
M38,Aegir_M38_B39,0,Archaea,Halobacteriota,Archaeoglobi,Archaeoglobales,Archaeoglobaceae,Archaeoglobus_A,0,d__Archaea;p__Halobacteriota;c__Archaeoglobi;o__Archaeoglobales;f__Archaeoglobaceae;g__Archaeoglobus_A;s__
M38,Aegir_M38_B4,2,Archaea,Halobacteriota,Syntropharchaeia,Alkanophagales,Methanospirareceae,G60ANME1,G60ANME1 sp025464325,d__Archaea;p__Halobacteriota;c__Syntropharchaeia;o__Alkanophagales;f__Methanospirareceae;g__G60ANME1;s__G60ANME1 sp025464325
M38,Aegir_M38_B40,0,Bacteria,Bacteroidota,Bacteroidia,Flavobacteriales,Flavobacteriaceae,CG1-02-35-72,0,d__Bacteria;p__Bacteroidota;c__Bacteroidia;o__Flavobacteriales;f__Flavobacteriaceae;g__CG1-02-35-72;s__
M38,Aegir_M38_B41,0,Bacteria,Campylobacterota,Campylobacteria,Campylobacterales,Sulfurovaceae,SZUA-451,0,d__Bacteria;p__Campylobacterota;c__Campylobacteria;o__Campylobacterales;f__Sulfurovaceae;g__SZUA-451;s__
M38,Aegir_M38_B42,2,Bacteria,Actinomycetota,Acidimicrobiia,Acidimicrobiales,Aldehydirespiratoraceae,SZUA-87,0,d__Bacteria;p__Actinomycetota;c__Acidimicrobiia;o__Acidimicrobiales;f__Aldehydirespiratoraceae;g__SZUA-87;s__
M38,Aegir_M38_B43,4,Bacteria,Pseudomonadota,Zetaproteobacteria,Mariprofundales,Mariprofundaceae,Mariprofundus,0,d__Bacteria;p__Pseudomonadota;c__Zetaproteobacteria;o__Mariprofundales;f__Mariprofundaceae;g__Mariprofundus;s__
M38,Aegir_M38_B44,3,Bacteria,Campylobacterota,Campylobacteria,Campylobacterales,Sulfurimonadaceae,Sulfurimonas,0,d__Bacteria;p__Campylobacterota;c__Campylobacteria;o__Campylobacterales;f__Sulfurimonadaceae;g__Sulfurimonas;s__
M38,Aegir_M38_B45,3,Bacteria,Pseudomonadota,Gammaproteobacteria,Methylococcales,Methylomonadaceae,Methyloprofundus,Methyloprofundus sp900128525,d__Bacteria;p__Pseudomonadota;c__Gammaproteobacteria;o__Methylococcales;f__Methylomonadaceae;g__Methyloprofundus;s__Methyloprofundus sp900128525
M38,Aegir_M38_B46,1,Bacteria,PUNC01,Erginobacteria,Erginobacterales,Erginobacteraceae,CAKZYZ01,0,d__Bacteria;p__PUNC01;c__Erginobacteria;o__Erginobacterales;f__Erginobacteraceae;g__CAKZYZ01;s__
M38,Aegir_M38_B47,1,Bacteria,Campylobacterota,Campylobacteria,Campylobacterales,Sulfurimonadaceae,Sulfurimonas,0,d__Bacteria;p__Campylobacterota;c__Campylobacteria;o__Campylobacterales;f__Sulfurimonadaceae;g__Sulfurimonas;s__
M38,Aegir_M38_B48,0,Bacteria,Bacteroidota,Bacteroidia,Flavobacteriales,Flavobacteriaceae,CG1-02-35-72,0,d__Bacteria;p__Bacteroidota;c__Bacteroidia;o__Flavobacteriales;f__Flavobacteriaceae;g__CG1-02-35-72;s__
M38,Aegir_M38_B49,3,Bacteria,Desulfobacterota,DSM-4660,Desulfatiglandales,Desulfatiglandaceae,B111-G9,0,d__Bacteria;p__Desulfobacterota;c__DSM-4660;o__Desulfatiglandales;f__Desulfatiglandaceae;g__B111-G9;s__
M38,Aegir_M38_B5,0,Bacteria,Planctomycetota,Phycisphaerae,Phycisphaerales,SM1A02,GCA-002718515,0,d__Bacteria;p__Planctomycetota;c__Phycisphaerae;o__Phycisphaerales;f__SM1A02;g__GCA-002718515;s__
M38,Aegir_M38_B50,2,Bacteria,Pseudomonadota,Gammaproteobacteria,GCA-001735895,GCA-001735895,0,0,d__Bacteria;p__Pseudomonadota;c__Gammaproteobacteria;o__GCA-001735895;f__GCA-001735895;g__;s__
M38,Aegir_M38_B51,0,Archaea,Thermoplasmatota,E2,UBA202,JdFR-43,JAGGXW01,0,d__Archaea;p__Thermoplasmatota;c__E2;o__UBA202;f__JdFR-43;g__JAGGXW01;s__
M38,Aegir_M38_B52,3,Bacteria,Planctomycetota,UBA1135,UBA1135,UBA1135,GCA-2746235,0,d__Bacteria;p__Planctomycetota;c__UBA1135;o__UBA1135;f__UBA1135;g__GCA-2746235;s__
M38,Aegir_M38_B53,2,Bacteria,Desulfobacterota,Desulfofervidia,Desulfofervidales,Desulfofervidaceae,Desulfofervidus,0,d__Bacteria;p__Desulfobacterota;c__Desulfofervidia;o__Desulfofervidales;f__Desulfofervidaceae;g__Desulfofervidus;s__
M38,Aegir_M38_B54,2,Bacteria,CAIWAD01,CAIWAD01,CAIWAD01,CAIWAD01,JAUIFJ01,0,d__Bacteria;p__CAIWAD01;c__CAIWAD01;o__CAIWAD01;f__CAIWAD01;g__JAUIFJ01;s__
M38,Aegir_M38_B55,0,Bacteria,Patescibacteriota,Minisyncoccia,UBA9973,UBA2100,S143-145,0,d__Bacteria;p__Patescibacteriota;c__Minisyncoccia;o__UBA9973;f__UBA2100;g__S143-145;s__
M38,Aegir_M38_B56,0,Archaea,Thermoproteota,Bathyarchaeia,Bathyarchaeales,WUQV01,AUK093,0,d__Archaea;p__Thermoproteota;c__Bathyarchaeia;o__Bathyarchaeales;f__WUQV01;g__AUK093;s__
M38,Aegir_M38_B57,6,Bacteria,Planctomycetota,Planctomycetia,Pirellulales,Thermoguttaceae,JAZFUB01,0,d__Bacteria;p__Planctomycetota;c__Planctomycetia;o__Pirellulales;f__Thermoguttaceae;g__JAZFUB01;s__
M38,Aegir_M38_B58,0,Bacteria,Bacteroidota,Bacteroidia,Flavobacteriales,Sanyastnellaceae,UBA974,UBA974 sp002746975,d__Bacteria;p__Bacteroidota;c__Bacteroidia;o__Flavobacteriales;f__Sanyastnellaceae;g__UBA974;s__UBA974 sp002746975
M38,Aegir_M38_B59,0,Bacteria,Spirochaetota,Leptospiria,Leptospirales,Leptospiraceae,Leptospira_B,Leptospira_B inadai,d__Bacteria;p__Spirochaetota;c__Leptospiria;o__Leptospirales;f__Leptospiraceae;g__Leptospira_B;s__Leptospira_B inadai
M38,Aegir_M38_B6,1,Bacteria,Bacteroidota,Bacteroidia,Flavobacteriales,Crocinitomicaceae,UBA4466,0,d__Bacteria;p__Bacteroidota;c__Bacteroidia;o__Flavobacteriales;f__Crocinitomicaceae;g__UBA4466;s__
M38,Aegir_M38_B60,0,Archaea,Nanobdellota,Nanobdellia,Woesearchaeales,UBA583,UBA583,0,d__Archaea;p__Nanobdellota;c__Nanobdellia;o__Woesearchaeales;f__UBA583;g__UBA583;s__
M38,Aegir_M38_B61,1,Bacteria,Chloroflexota,Anaerolineae,Anaerolineales,UBA11858,NIOZ-UU35,0,d__Bacteria;p__Chloroflexota;c__Anaerolineae;o__Anaerolineales;f__UBA11858;g__NIOZ-UU35;s__
M38,Aegir_M38_B62,0,Bacteria,Campylobacterota,Campylobacteria,Campylobacterales,Sulfurimonadaceae,Sulfurimonas,0,d__Bacteria;p__Campylobacterota;c__Campylobacteria;o__Campylobacterales;f__Sulfurimonadaceae;g__Sulfurimonas;s__
M38,Aegir_M38_B64,5,Bacteria,Bdellovibrionota_B,Oligoflexia,Oligoflexales,JAWKNZ01,0,0,d__Bacteria;p__Bdellovibrionota_B;c__Oligoflexia;o__Oligoflexales;f__JAWKNZ01;g__;s__
M38,Aegir_M38_B65,0,Bacteria,Bacteroidota,Bacteroidia,Flavobacteriales,Crocinitomicaceae,0,0,d__Bacteria;p__Bacteroidota;c__Bacteroidia;o__Flavobacteriales;f__Crocinitomicaceae;g__;s__
M38,Aegir_M38_B66,4,Bacteria,Desulfobacterota,Desulfobulbia,Desulfobulbales,VMSU01,JAQYVV01,0,d__Bacteria;p__Desulfobacterota;c__Desulfobulbia;o__Desulfobulbales;f__VMSU01;g__JAQYVV01;s__
M38,Aegir_M38_B67,5,Bacteria,Desulfobacterota,Desulfobulbia,Desulfobulbales,Desulfocapsaceae,Desulfocapsa,0,d__Bacteria;p__Desulfobacterota;c__Desulfobulbia;o__Desulfobulbales;f__Desulfocapsaceae;g__Desulfocapsa;s__
M38,Aegir_M38_B68,1,Bacteria,Bipolaricaulota,Bipolaricaulia,RBG-16-55-9,JANLFV01,0,0,d__Bacteria;p__Bipolaricaulota;c__Bipolaricaulia;o__RBG-16-55-9;f__JANLFV01;g__;s__
M38,Aegir_M38_B69,0,Archaea,Halobacteriota,Archaeoglobi,Archaeoglobales,Archaeoglobaceae,B5-G16,0,d__Archaea;p__Halobacteriota;c__Archaeoglobi;o__Archaeoglobales;f__Archaeoglobaceae;g__B5-G16;s__
M38,Aegir_M38_B7,3,Bacteria,Pseudomonadota,Gammaproteobacteria,HK1,HK1,JBFHNV01,0,d__Bacteria;p__Pseudomonadota;c__Gammaproteobacteria;o__HK1;f__HK1;g__JBFHNV01;s__
M38,Aegir_M38_B70,0,Bacteria,Pseudomonadota,Gammaproteobacteria,GCA-001735895,GCA-001735895,JACNJF01,0,d__Bacteria;p__Pseudomonadota;c__Gammaproteobacteria;o__GCA-001735895;f__GCA-001735895;g__JACNJF01;s__
M38,Aegir_M38_B71,3,Bacteria,Verrucomicrobiota,Verrucomicrobiia,Verrucomicrobiales,Akkermansiaceae,JAPKDA01,0,d__Bacteria;p__Verrucomicrobiota;c__Verrucomicrobiia;o__Verrucomicrobiales;f__Akkermansiaceae;g__JAPKDA01;s__
M38,Aegir_M38_B72,4,Bacteria,Pseudomonadota,Gammaproteobacteria,Methylococcales,Methylomonadaceae,WTBX01,0,d__Bacteria;p__Pseudomonadota;c__Gammaproteobacteria;o__Methylococcales;f__Methylomonadaceae;g__WTBX01;s__
M38,Aegir_M38_B73,6,Bacteria,Pseudomonadota,Gammaproteobacteria,Methylococcales,Methylomonadaceae,WTBX01,0,d__Bacteria;p__Pseudomonadota;c__Gammaproteobacteria;o__Methylococcales;f__Methylomonadaceae;g__WTBX01;s__
M38,Aegir_M38_B74,2,Bacteria,Pseudomonadota,Gammaproteobacteria,SZUA-229,SZUA-229,GCA-2746365,0,d__Bacteria;p__Pseudomonadota;c__Gammaproteobacteria;o__SZUA-229;f__SZUA-229;g__GCA-2746365;s__
M38,Aegir_M38_B75,1,Bacteria,Pseudomonadota,Zetaproteobacteria,Mariprofundales,Mariprofundaceae,GCA-2401635,0,d__Bacteria;p__Pseudomonadota;c__Zetaproteobacteria;o__Mariprofundales;f__Mariprofundaceae;g__GCA-2401635;s__
M38,Aegir_M38_B76,4,Bacteria,Myxococcota,Bradymonadia,UBA7976,UBA1532,0,0,d__Bacteria;p__Myxococcota;c__Bradymonadia;o__UBA7976;f__UBA1532;g__;s__
M38,Aegir_M38_B77,2,Bacteria,Campylobacterota,Campylobacteria,Campylobacterales,Sulfurimonadaceae,Sulfurimonas,0,d__Bacteria;p__Campylobacterota;c__Campylobacteria;o__Campylobacterales;f__Sulfurimonadaceae;g__Sulfurimonas;s__
M38,Aegir_M38_B78,0,Bacteria,Campylobacterota,Campylobacteria,Campylobacterales,Sulfurovaceae,UBA1140,0,d__Bacteria;p__Campylobacterota;c__Campylobacteria;o__Campylobacterales;f__Sulfurovaceae;g__UBA1140;s__
M38,Aegir_M38_B79,1,Bacteria,Desulfobacterota,Thermodesulfobacteria,Thermodesulfobacteriales,Thermodesulfobacteriaceae,Thermodesulfobacterium,0,d__Bacteria;p__Desulfobacterota;c__Thermodesulfobacteria;o__Thermodesulfobacteriales;f__Thermodesulfobacteriaceae;g__Thermodesulfobacterium;s__
M38,Aegir_M38_B8,3,Bacteria,Bacteroidota,Bacteroidia,Flavobacteriales,Flavobacteriaceae,Lutimonas,0,d__Bacteria;p__Bacteroidota;c__Bacteroidia;o__Flavobacteriales;f__Flavobacteriaceae;g__Lutimonas;s__
M38,Aegir_M38_B80,5,Bacteria,Pseudomonadota,Gammaproteobacteria,Nitrosococcales,Methylophagaceae,GCA-002733105,0,d__Bacteria;p__Pseudomonadota;c__Gammaproteobacteria;o__Nitrosococcales;f__Methylophagaceae;g__GCA-002733105;s__
M38,Aegir_M38_B81,2,Bacteria,Desulfobacterota,Desulfobulbia,Desulfobulbales,BM004,0,0,d__Bacteria;p__Desulfobacterota;c__Desulfobulbia;o__Desulfobulbales;f__BM004;g__;s__
M38,Aegir_M38_B82,2,Bacteria,Pseudomonadota,Zetaproteobacteria,Mariprofundales,Mariprofundaceae,GCA-2401635,GCA-2401635 sp030950865,d__Bacteria;p__Pseudomonadota;c__Zetaproteobacteria;o__Mariprofundales;f__Mariprofundaceae;g__GCA-2401635;s__GCA-2401635 sp030950865
M38,Aegir_M38_B83,2,Bacteria,Myxococcota,Bradymonadia,UBA7976,UBA1532,0,0,d__Bacteria;p__Myxococcota;c__Bradymonadia;o__UBA7976;f__UBA1532;g__;s__
M38,Aegir_M38_B84,2,Bacteria,Pseudomonadota,Gammaproteobacteria,JAUZRS01,JAUZRS01,JAUZRS01,JAUZRS01 sp030949385,d__Bacteria;p__Pseudomonadota;c__Gammaproteobacteria;o__JAUZRS01;f__JAUZRS01;g__JAUZRS01;s__JAUZRS01 sp030949385
M38,Aegir_M38_B85,3,Bacteria,Pseudomonadota,Gammaproteobacteria,Enterobacterales,Alteromonadaceae,GCA-2401725,GCA-2401725 sp002401725,d__Bacteria;p__Pseudomonadota;c__Gammaproteobacteria;o__Enterobacterales;f__Alteromonadaceae;g__GCA-2401725;s__GCA-2401725 sp002401725
M38,Aegir_M38_B86,1,Bacteria,Campylobacterota,Campylobacteria,Campylobacterales,Sulfurovaceae,Sulfurovum,0,d__Bacteria;p__Campylobacterota;c__Campylobacteria;o__Campylobacterales;f__Sulfurovaceae;g__Sulfurovum;s__
M38,Aegir_M38_B87,3,Bacteria,UBP6,UBA1177,JAFGXH01,JAFGXH01,JAMOQH01,0,d__Bacteria;p__UBP6;c__UBA1177;o__JAFGXH01;f__JAFGXH01;g__JAMOQH01;s__
M38,Aegir_M38_B88,16,Bacteria,Pseudomonadota,Gammaproteobacteria,Pseudomonadales,Pseudomonadaceae,Pseudomonas_E,Pseudomonas_E sp002874965,d__Bacteria;p__Pseudomonadota;c__Gammaproteobacteria;o__Pseudomonadales;f__Pseudomonadaceae;g__Pseudomonas_E;s__Pseudomonas_E sp002874965
M38,Aegir_M38_B89,1,Bacteria,Bacteroidota,Bacteroidia,Flavobacteriales,Crocinitomicaceae,UBA4466,0,d__Bacteria;p__Bacteroidota;c__Bacteroidia;o__Flavobacteriales;f__Crocinitomicaceae;g__UBA4466;s__
M38,Aegir_M38_B9,4,Bacteria,Bacteroidota,Bacteroidia,Flavobacteriales,Vicingaceae,GCA-002793235,0,d__Bacteria;p__Bacteroidota;c__Bacteroidia;o__Flavobacteriales;f__Vicingaceae;g__GCA-002793235;s__
M38,Aegir_M38_B90,1,Archaea,Halobacteriota,Syntropharchaeia,Alkanophagales,Methanospirareceae,Methanoxibalbensis,0,d__Archaea;p__Halobacteriota;c__Syntropharchaeia;o__Alkanophagales;f__Methanospirareceae;g__Methanoxibalbensis;s__
M38,Aegir_M38_B91,4,Bacteria,Pseudomonadota,Zetaproteobacteria,Mariprofundales,Mariprofundaceae,GCA-2401635,0,d__Bacteria;p__Pseudomonadota;c__Zetaproteobacteria;o__Mariprofundales;f__Mariprofundaceae;g__GCA-2401635;s__
M38,Aegir_M38_B92,3,Bacteria,Campylobacterota,Campylobacteria,Campylobacterales,Sulfurimonadaceae,Sulfurimonas,0,d__Bacteria;p__Campylobacterota;c__Campylobacteria;o__Campylobacterales;f__Sulfurimonadaceae;g__Sulfurimonas;s__
M38,Aegir_M38_B93,4,Bacteria,Pseudomonadota,Alphaproteobacteria,Rhodobacterales,Rhodobacteraceae,UBA3077,0,d__Bacteria;p__Pseudomonadota;c__Alphaproteobacteria;o__Rhodobacterales;f__Rhodobacteraceae;g__UBA3077;s__
M38,Aegir_M38_B94,2,Bacteria,Pseudomonadota,Alphaproteobacteria,Caedimonadales,UBA9215,UBA9215,0,d__Bacteria;p__Pseudomonadota;c__Alphaproteobacteria;o__Caedimonadales;f__UBA9215;g__UBA9215;s__
M38,Aegir_M38_B95,7,Bacteria,Desulfobacterota,Desulfobulbia,Desulfobulbales,JAGXFP01,0,0,d__Bacteria;p__Desulfobacterota;c__Desulfobulbia;o__Desulfobulbales;f__JAGXFP01;g__;s__
M38,Aegir_M38_B96,0,Archaea,Thermoproteota,Nitrososphaeria,Geothermarchaeales,JDFR-13,B109-G9,0,d__Archaea;p__Thermoproteota;c__Nitrososphaeria;o__Geothermarchaeales;f__JDFR-13;g__B109-G9;s__
M38,Aegir_M38_B97,5,Bacteria,Pseudomonadota,Gammaproteobacteria,Arenicellales,Poriferihabitantaceae,JAAELZ01,0,d__Bacteria;p__Pseudomonadota;c__Gammaproteobacteria;o__Arenicellales;f__Poriferihabitantaceae;g__JAAELZ01;s__
M38,Aegir_M38_B98,2,Bacteria,Pseudomonadota,Gammaproteobacteria,Xanthomonadales,Marinicellaceae,NORP309,0,d__Bacteria;p__Pseudomonadota;c__Gammaproteobacteria;o__Xanthomonadales;f__Marinicellaceae;g__NORP309;s__
M38,Aegir_M38_B99,6,Bacteria,Pseudomonadota,Gammaproteobacteria,Nitrosococcales,Methylophagaceae,GCA-002733105,0,d__Bacteria;p__Pseudomonadota;c__Gammaproteobacteria;o__Nitrosococcales;f__Methylophagaceae;g__GCA-002733105;s__
M39,Aegir_M39_B1,0,Bacteria,Desulfobacterota,Thermodesulfobacteria,Thermodesulfobacteriales,Thermodesulfobacteriaceae,Thermodesulfobacterium,0,d__Bacteria;p__Desulfobacterota;c__Thermodesulfobacteria;o__Thermodesulfobacteriales;f__Thermodesulfobacteriaceae;g__Thermodesulfobacterium;s__
M39,Aegir_M39_B10,1,Bacteria,Bacteroidota,Bacteroidia,Bacteroidales,VadinHA17,DRPN01,0,d__Bacteria;p__Bacteroidota;c__Bacteroidia;o__Bacteroidales;f__VadinHA17;g__DRPN01;s__
M39,Aegir_M39_B100,7,Bacteria,Myxococcota,B64-G9,B64-G9,B64-G9,JALVPF01,0,d__Bacteria;p__Myxococcota;c__B64-G9;o__B64-G9;f__B64-G9;g__JALVPF01;s__
M39,Aegir_M39_B101,1,Archaea,Halobacteriota,Archaeoglobi,Archaeoglobales,Archaeoglobaceae,B5-G16,0,d__Archaea;p__Halobacteriota;c__Archaeoglobi;o__Archaeoglobales;f__Archaeoglobaceae;g__B5-G16;s__
M39,Aegir_M39_B102,6,Bacteria,Pseudomonadota,Alphaproteobacteria,Rhodobacterales,Rhodobacteraceae,Oceanicella,0,d__Bacteria;p__Pseudomonadota;c__Alphaproteobacteria;o__Rhodobacterales;f__Rhodobacteraceae;g__Oceanicella;s__
M39,Aegir_M39_B103,1,Bacteria,Bacteroidota,Bacteroidia,Flavobacteriales,Flavobacteriaceae,Lutimonas,0,d__Bacteria;p__Bacteroidota;c__Bacteroidia;o__Flavobacteriales;f__Flavobacteriaceae;g__Lutimonas;s__
M39,Aegir_M39_B104,2,Bacteria,Pseudomonadota,Alphaproteobacteria,Micavibrionales,CSBR16-224,JAJFGX01,0,d__Bacteria;p__Pseudomonadota;c__Alphaproteobacteria;o__Micavibrionales;f__CSBR16-224;g__JAJFGX01;s__
M39,Aegir_M39_B105,2,Bacteria,Planctomycetota,UBA1135,UBA1135,GCA-002686595,JARGPD01,0,d__Bacteria;p__Planctomycetota;c__UBA1135;o__UBA1135;f__GCA-002686595;g__JARGPD01;s__
M39,Aegir_M39_B106,1,Bacteria,Chloroflexota,Anaerolineae,Aggregatilineales,Ch27,JALSTC01,JALSTC01 sp026983935,d__Bacteria;p__Chloroflexota;c__Anaerolineae;o__Aggregatilineales;f__Ch27;g__JALSTC01;s__JALSTC01 sp026983935
M39,Aegir_M39_B107,1,Archaea,Thermoplasmatota,E2,DHVEG-1,B18-G2,0,0,d__Archaea;p__Thermoplasmatota;c__E2;o__DHVEG-1;f__B18-G2;g__;s__
M39,Aegir_M39_B108,2,Bacteria,Pseudomonadota,Alphaproteobacteria,Rhodobacterales,Rhodobacteraceae,UBA3077,0,d__Bacteria;p__Pseudomonadota;c__Alphaproteobacteria;o__Rhodobacterales;f__Rhodobacteraceae;g__UBA3077;s__
M39,Aegir_M39_B109,3,Bacteria,Bacteroidota,Bacteroidia,Bacteroidales,JAADJA01,JAADJA01,0,d__Bacteria;p__Bacteroidota;c__Bacteroidia;o__Bacteroidales;f__JAADJA01;g__JAADJA01;s__
M39,Aegir_M39_B11,2,Bacteria,Zixibacteria,MSB-5A5,GN15,40940,JAJRZL01,0,d__Bacteria;p__Zixibacteria;c__MSB-5A5;o__GN15;f__FEB-12;g__JAJRZL01;s__
M39,Aegir_M39_B110,5,Bacteria,Myxococcota,Polyangia,Haliangiales,Haliangiaceae,NORP324,0,d__Bacteria;p__Myxococcota;c__Polyangia;o__Haliangiales;f__Haliangiaceae;g__NORP324;s__
M39,Aegir_M39_B111,6,Bacteria,Pseudomonadota,Gammaproteobacteria,CAJXQU01,CAJXQU01,CAJXQU01,CAJXQU01 sp026984275,d__Bacteria;p__Pseudomonadota;c__Gammaproteobacteria;o__CAJXQU01;f__CAJXQU01;g__CAJXQU01;s__CAJXQU01 sp026984275
M39,Aegir_M39_B112,5,Bacteria,Calditrichota,Calditrichia,Calditrichales,Calditrichaceae,JANTFQ01,0,d__Bacteria;p__Calditrichota;c__Calditrichia;o__Calditrichales;f__Calditrichaceae;g__JANTFQ01;s__
M39,Aegir_M39_B113,1,Bacteria,Bacteroidota,Bacteroidia,Bacteroidales,UBA1556,CG2-30-33-31,0,d__Bacteria;p__Bacteroidota;c__Bacteroidia;o__Bacteroidales;f__UBA1556;g__CG2-30-33-31;s__
M39,Aegir_M39_B114,0,Archaea,Asgardarchaeota,Asgardarchaeia,Asgardarchaeales,0,0,0,d__Archaea;p__Asgardarchaeota;c__Asgardarchaeia;o__Asgardarchaeales;f__;g__;s__
M39,Aegir_M39_B115,0,Archaea,Thermoproteota,Thermoprotei,Thermofilales,B69-G16,B69-G16,0,d__Archaea;p__Thermoproteota;c__Thermoprotei;o__Thermofilales;f__B69-G16;g__B69-G16;s__
M39,Aegir_M39_B116,0,Bacteria,Campylobacterota,Campylobacteria,Campylobacterales,Hydrogenimonadaceae,Hydrogenimonas,0,d__Bacteria;p__Campylobacterota;c__Campylobacteria;o__Campylobacterales;f__Hydrogenimonadaceae;g__Hydrogenimonas;s__
M39,Aegir_M39_B117,5,Bacteria,Pseudomonadota,Alphaproteobacteria,Rhodobacterales,Rhodobacteraceae,Roseovarius,0,d__Bacteria;p__Pseudomonadota;c__Alphaproteobacteria;o__Rhodobacterales;f__Rhodobacteraceae;g__Roseovarius;s__
M39,Aegir_M39_B118,0,Archaea,Thermoproteota,Nitrososphaeria,Conexivisphaerales,CALBHZ01,0,0,d__Archaea;p__Thermoproteota;c__Nitrososphaeria;o__Conexivisphaerales;f__CALBHZ01;g__;s__
M39,Aegir_M39_B119,6,Bacteria,Pseudomonadota,Gammaproteobacteria,Methylococcales,Methylomonadaceae,QPIN01,QPIN01 sp026988195,d__Bacteria;p__Pseudomonadota;c__Gammaproteobacteria;o__Methylococcales;f__Methylomonadaceae;g__QPIN01;s__QPIN01 sp026988195
M39,Aegir_M39_B12,0,Bacteria,Bacteroidota,Bacteroidia,Flavobacteriales,Flavobacteriaceae,Polaribacter,0,d__Bacteria;p__Bacteroidota;c__Bacteroidia;o__Flavobacteriales;f__Flavobacteriaceae;g__Polaribacter;s__
M39,Aegir_M39_B120,8,Bacteria,Myxococcota,Bradymonadia,Bradymonadales,Bradymonadaceae,JAUIBR01,0,d__Bacteria;p__Myxococcota;c__Bradymonadia;o__Bradymonadales;f__Bradymonadaceae;g__JAUIBR01;s__
M39,Aegir_M39_B121,2,Bacteria,Bacteroidota,Bacteroidia,Flavobacteriales,Flavobacteriaceae,GCA-002733185,0,d__Bacteria;p__Bacteroidota;c__Bacteroidia;o__Flavobacteriales;f__Flavobacteriaceae;g__GCA-002733185;s__
M39,Aegir_M39_B122,2,Bacteria,Pseudomonadota,Gammaproteobacteria,Arenicellales,Poriferihabitantaceae,JAAELZ01,0,d__Bacteria;p__Pseudomonadota;c__Gammaproteobacteria;o__Arenicellales;f__Poriferihabitantaceae;g__JAAELZ01;s__
M39,Aegir_M39_B123,6,Bacteria,Desulfobacterota,DSM-4660,Desulfatiglandales,Desulfatiglandaceae,B46-G9,0,d__Bacteria;p__Desulfobacterota;c__DSM-4660;o__Desulfatiglandales;f__Desulfatiglandaceae;g__B46-G9;s__
M39,Aegir_M39_B124,0,Archaea,Thermoproteota,Nitrososphaeria_A,Caldarchaeales,Wolframiiraptoraceae,Benthortus,0,d__Archaea;p__Thermoproteota;c__Nitrososphaeria_A;o__Caldarchaeales;f__Wolframiiraptoraceae;g__Benthortus;s__
M39,Aegir_M39_B125,4,Bacteria,Zhuqueibacterota,Zhuqueibacteria,Oleimicrobiales,Geothermoviventaceae,Geothermovivens,0,d__Bacteria;p__Zhuqueibacterota;c__Zhuqueibacteria;o__Oleimicrobiales;f__Geothermoviventaceae;g__Geothermovivens;s__
M39,Aegir_M39_B126,6,Bacteria,Desulfobacterota,DSM-4660,Desulfatiglandales,Desulfatiglandaceae,JAGGTJ01,0,d__Bacteria;p__Desulfobacterota;c__DSM-4660;o__Desulfatiglandales;f__Desulfatiglandaceae;g__JAGGTJ01;s__
M39,Aegir_M39_B127,3,Bacteria,Pseudomonadota,Gammaproteobacteria,GCA-001735895,GCA-001735895,JACNJF01,0,d__Bacteria;p__Pseudomonadota;c__Gammaproteobacteria;o__GCA-001735895;f__GCA-001735895;g__JACNJF01;s__
M39,Aegir_M39_B128,5,Bacteria,Pseudomonadota,Alphaproteobacteria,Rhodobacterales,Rhodobacteraceae,JAJRUE01,0,d__Bacteria;p__Pseudomonadota;c__Alphaproteobacteria;o__Rhodobacterales;f__Rhodobacteraceae;g__JAJRUE01;s__
M39,Aegir_M39_B129,3,Bacteria,Pseudomonadota,Gammaproteobacteria,Chromatiales,Sedimenticolaceae,Thiolapillus,0,d__Bacteria;p__Pseudomonadota;c__Gammaproteobacteria;o__Chromatiales;f__Sedimenticolaceae;g__Thiolapillus;s__
M39,Aegir_M39_B13,1,Bacteria,Bacteroidota,Bacteroidia,Flavobacteriales,Crocinitomicaceae,Putridiphycobacter,0,d__Bacteria;p__Bacteroidota;c__Bacteroidia;o__Flavobacteriales;f__Crocinitomicaceae;g__Putridiphycobacter;s__
M39,Aegir_M39_B130,3,Bacteria,Desulfobacterota,Desulfuromonadia,Desulfuromonadales,Geopsychrobacteraceae,Desulfuromusa,0,d__Bacteria;p__Desulfobacterota;c__Desulfuromonadia;o__Desulfuromonadales;f__Geopsychrobacteraceae;g__Desulfuromusa;s__
M39,Aegir_M39_B131,2,Bacteria,Armatimonadota,Zipacnadia,Zipacnadales,FEN-943,JAKORR01,0,d__Bacteria;p__Armatimonadota;c__Zipacnadia;o__Zipacnadales;f__FEN-943;g__JAKORR01;s__
M39,Aegir_M39_B132,1,Bacteria,Planctomycetota,B143-G9,B143-G9,B143-G9,B143-G9,0,d__Bacteria;p__Planctomycetota;c__B143-G9;o__B143-G9;f__B143-G9;g__B143-G9;s__
M39,Aegir_M39_B133,0,Bacteria,Campylobacterota,Campylobacteria,Campylobacterales,QNZT01,QNZT01,0,d__Bacteria;p__Campylobacterota;c__Campylobacteria;o__Campylobacterales;f__QNZT01;g__QNZT01;s__
M39,Aegir_M39_B134,2,Bacteria,Pseudomonadota,Gammaproteobacteria,Methylococcales,Methylothermaceae,Methylohalobius,0,d__Bacteria;p__Pseudomonadota;c__Gammaproteobacteria;o__Methylococcales;f__Methylothermaceae;g__Methylohalobius;s__
M39,Aegir_M39_B135,5,Bacteria,Desulfobacterota,Syntrophobacteria,Syntrophobacterales,DSM-9756,0,0,d__Bacteria;p__Desulfobacterota;c__Syntrophobacteria;o__Syntrophobacterales;f__DSM-9756;g__;s__
M39,Aegir_M39_B136,5,Bacteria,Bacteroidota,Bacteroidia,Bacteroidales,F082,UBA4459,0,d__Bacteria;p__Bacteroidota;c__Bacteroidia;o__Bacteroidales;f__F082;g__UBA4459;s__
M39,Aegir_M39_B137,2,Bacteria,Bacteroidota,Bacteroidia,Flavobacteriales,Flavobacteriaceae,Lutimonas,0,d__Bacteria;p__Bacteroidota;c__Bacteroidia;o__Flavobacteriales;f__Flavobacteriaceae;g__Lutimonas;s__
M39,Aegir_M39_B138,5,Bacteria,Pseudomonadota,Gammaproteobacteria,J113,J113,J113,0,d__Bacteria;p__Pseudomonadota;c__Gammaproteobacteria;o__J113;f__J113;g__J113;s__
M39,Aegir_M39_B139,1,Bacteria,Zixibacteria,MSB-5A5,GN15,40940,JAJRZL01,0,d__Bacteria;p__Zixibacteria;c__MSB-5A5;o__GN15;f__FEB-12;g__JAJRZL01;s__
M39,Aegir_M39_B14,1,Bacteria,Bacteroidota,Bacteroidia,Cytophagales,Cyclobacteriaceae,JAKISE01,0,d__Bacteria;p__Bacteroidota;c__Bacteroidia;o__Cytophagales;f__Cyclobacteriaceae;g__JAKISE01;s__
M39,Aegir_M39_B140,5,Bacteria,Pseudomonadota,Gammaproteobacteria,Methylococcales,Methylomonadaceae,Methyloprofundus,0,d__Bacteria;p__Pseudomonadota;c__Gammaproteobacteria;o__Methylococcales;f__Methylomonadaceae;g__Methyloprofundus;s__
M39,Aegir_M39_B141,4,Bacteria,Desulfobacterota,DSWW01,DSWW01,DSWW01,0,0,d__Bacteria;p__Desulfobacterota;c__DSWW01;o__DSWW01;f__DSWW01;g__;s__
M39,Aegir_M39_B142,1,Bacteria,Fermentibacterota,Fermentibacteria,Fermentibacterales,Fermentibacteraceae,Sabulitectum,0,d__Bacteria;p__Fermentibacterota;c__Fermentibacteria;o__Fermentibacterales;f__Fermentibacteraceae;g__Sabulitectum;s__
M39,Aegir_M39_B143,9,Bacteria,Calditrichota,Calditrichia,Calditrichales,Calditrichaceae,0,0,d__Bacteria;p__Calditrichota;c__Calditrichia;o__Calditrichales;f__Calditrichaceae;g__;s__
M39,Aegir_M39_B144,4,Bacteria,Pseudomonadota,Gammaproteobacteria,Chromatiales,Sedimenticolaceae,Thiolapillus,0,d__Bacteria;p__Pseudomonadota;c__Gammaproteobacteria;o__Chromatiales;f__Sedimenticolaceae;g__Thiolapillus;s__
M39,Aegir_M39_B145,8,Bacteria,Calditrichota,Calditrichia,Calditrichales,Calditrichaceae,Caldithrix,0,d__Bacteria;p__Calditrichota;c__Calditrichia;o__Calditrichales;f__Calditrichaceae;g__Caldithrix;s__
M39,Aegir_M39_B146,8,Bacteria,Pseudomonadota,Gammaproteobacteria,Methylococcales,Methylomonadaceae,JALSJK01,JALSJK01 sp026989395,d__Bacteria;p__Pseudomonadota;c__Gammaproteobacteria;o__Methylococcales;f__Methylomonadaceae;g__JALSJK01;s__JALSJK01 sp026989395
M39,Aegir_M39_B147,2,Archaea,Thermoplasmatota,E2,DHVEG-1,DHVEG-1,B44-G15,0,d__Archaea;p__Thermoplasmatota;c__E2;o__DHVEG-1;f__DHVEG-1;g__B44-G15;s__
M39,Aegir_M39_B148,1,Bacteria,Chloroflexota,Anaerolineae,4572-78,4572-78,JANTHQ01,0,d__Bacteria;p__Chloroflexota;c__Anaerolineae;o__4572-78;f__4572-78;g__JANTHQ01;s__
M39,Aegir_M39_B149,6,Bacteria,Pseudomonadota,Gammaproteobacteria,Methylococcales,Methylomonadaceae,Methylomarinum,0,d__Bacteria;p__Pseudomonadota;c__Gammaproteobacteria;o__Methylococcales;f__Methylomonadaceae;g__Methylomarinum;s__
M39,Aegir_M39_B15,6,Bacteria,Zhuqueibacterota,Zhuqueibacteria,Residuimicrobiales,Krinioviventaceae,JAJRST01,0,d__Bacteria;p__Zhuqueibacterota;c__Zhuqueibacteria;o__Residuimicrobiales;f__Krinioviventaceae;g__JAJRST01;s__
M39,Aegir_M39_B150,6,Bacteria,Pseudomonadota,Gammaproteobacteria,Beggiatoales,Beggiatoaceae,JAUXCJ01,0,d__Bacteria;p__Pseudomonadota;c__Gammaproteobacteria;o__Beggiatoales;f__Beggiatoaceae;g__JAUXCJ01;s__
M39,Aegir_M39_B151,3,Bacteria,Planctomycetota,PUPC01,PUPC01,PUPC01,0,0,d__Bacteria;p__Planctomycetota;c__PUPC01;o__PUPC01;f__PUPC01;g__;s__
M39,Aegir_M39_B152,0,Bacteria,Bacteroidota,Bacteroidia,Chitinophagales,Saprospiraceae,JALSTN01,0,d__Bacteria;p__Bacteroidota;c__Bacteroidia;o__Chitinophagales;f__Saprospiraceae;g__JALSTN01;s__
M39,Aegir_M39_B153,5,Bacteria,Bdellovibrionota_B,Oligoflexia,Oligoflexales,JAWKNZ01,JAWKNZ01,0,d__Bacteria;p__Bdellovibrionota_B;c__Oligoflexia;o__Oligoflexales;f__JAWKNZ01;g__JAWKNZ01;s__
M39,Aegir_M39_B154,2,Bacteria,Krumholzibacteriota,Krumholzibacteriia,Krumholzibacteriales,Krumholzibacteriaceae,4484-7,0,d__Bacteria;p__Krumholzibacteriota;c__Krumholzibacteriia;o__Krumholzibacteriales;f__Krumholzibacteriaceae;g__4484-7;s__
M39,Aegir_M39_B155,2,Bacteria,Planctomycetota,UBA1135,UBA2386,GCA-002748355,JAJRTL01,0,d__Bacteria;p__Planctomycetota;c__UBA1135;o__UBA2386;f__GCA-002748355;g__JAJRTL01;s__
M39,Aegir_M39_B156,1,Bacteria,Patescibacteriota,Minisyncoccia,Minisyncoccales,JAGGXC01,JAGGXC01,0,d__Bacteria;p__Patescibacteriota;c__Minisyncoccia;o__Minisyncoccales;f__JAGGXC01;g__JAGGXC01;s__
M39,Aegir_M39_B157,0,Archaea,Thermoproteota,Nitrososphaeria_A,Caldarchaeales,Wolframiiraptoraceae,Wolframiiraptor,0,d__Archaea;p__Thermoproteota;c__Nitrososphaeria_A;o__Caldarchaeales;f__Wolframiiraptoraceae;g__Wolframiiraptor;s__
M39,Aegir_M39_B158,4,Bacteria,Pseudomonadota,Alphaproteobacteria,Rhodobacterales,Rhodobacteraceae,UBA3077,0,d__Bacteria;p__Pseudomonadota;c__Alphaproteobacteria;o__Rhodobacterales;f__Rhodobacteraceae;g__UBA3077;s__
M39,Aegir_M39_B159,1,Bacteria,Planctomycetota,SZUA-567,JAFGGJ01,JAFGGJ01,0,0,d__Bacteria;p__Planctomycetota;c__SZUA-567;o__JAFGGJ01;f__JAFGGJ01;g__;s__
M39,Aegir_M39_B16,2,Bacteria,Pseudomonadota,Alphaproteobacteria,Rhodobacterales,Rhodobacteraceae,NVQY01,0,d__Bacteria;p__Pseudomonadota;c__Alphaproteobacteria;o__Rhodobacterales;f__Rhodobacteraceae;g__NVQY01;s__
M39,Aegir_M39_B160,4,Bacteria,Pseudomonadota,Gammaproteobacteria,Arenicellales,Poriferihabitantaceae,JAAELZ01,0,d__Bacteria;p__Pseudomonadota;c__Gammaproteobacteria;o__Arenicellales;f__Poriferihabitantaceae;g__JAAELZ01;s__
M39,Aegir_M39_B161,2,Archaea,Halobacteriota,Archaeoglobi,Archaeoglobales,Archaeoglobaceae,Archaeoglobus_A,0,d__Archaea;p__Halobacteriota;c__Archaeoglobi;o__Archaeoglobales;f__Archaeoglobaceae;g__Archaeoglobus_A;s__
M39,Aegir_M39_B163,4,Bacteria,Pseudomonadota,Gammaproteobacteria,Nitrosococcales,Methylophagaceae,0,0,d__Bacteria;p__Pseudomonadota;c__Gammaproteobacteria;o__Nitrosococcales;f__Methylophagaceae;g__;s__
M39,Aegir_M39_B164,6,Bacteria,Myxococcota,Polyangia,Haliangiales,Haliangiaceae,NORP324,0,d__Bacteria;p__Myxococcota;c__Polyangia;o__Haliangiales;f__Haliangiaceae;g__NORP324;s__
M39,Aegir_M39_B165,0,Bacteria,Campylobacterota,Campylobacteria,Campylobacterales,QNZT01,JANTGR01,0,d__Bacteria;p__Campylobacterota;c__Campylobacteria;o__Campylobacterales;f__QNZT01;g__JANTGR01;s__
M39,Aegir_M39_B166,4,Bacteria,Pseudomonadota,Alphaproteobacteria,Rhodobacterales,Rhodobacteraceae,UBA3077,0,d__Bacteria;p__Pseudomonadota;c__Alphaproteobacteria;o__Rhodobacterales;f__Rhodobacteraceae;g__UBA3077;s__
M39,Aegir_M39_B167,2,Bacteria,Chloroflexota,Anaerolineae,Caldilineales,Caldilineaceae,JAJRVT01,0,d__Bacteria;p__Chloroflexota;c__Anaerolineae;o__Caldilineales;f__Caldilineaceae;g__JAJRVT01;s__
M39,Aegir_M39_B168,2,Bacteria,Pseudomonadota,Gammaproteobacteria,Xanthomonadales,SZUA-36,SZUA-51,0,d__Bacteria;p__Pseudomonadota;c__Gammaproteobacteria;o__Xanthomonadales;f__SZUA-36;g__SZUA-51;s__
M39,Aegir_M39_B169,0,Bacteria,Planctomycetota,Phycisphaerae,Phycisphaerales,UBA1924,UBA1924,0,d__Bacteria;p__Planctomycetota;c__Phycisphaerae;o__Phycisphaerales;f__UBA1924;g__UBA1924;s__
M39,Aegir_M39_B17,3,Bacteria,Aquificota,Aquificia,Aquificales,Hydrogenothermaceae,Persephonella_A,0,d__Bacteria;p__Aquificota;c__Aquificia;o__Aquificales;f__Hydrogenothermaceae;g__Persephonella_A;s__
M39,Aegir_M39_B170,1,Bacteria,Bacteroidota_A,Kapaibacteriia,Kapaibacteriales,UBA2268,CAIOZA01,0,d__Bacteria;p__Bacteroidota_A;c__Kapaibacteriia;o__Kapaibacteriales;f__UBA2268;g__CAIOZA01;s__
M39,Aegir_M39_B171,1,Bacteria,Campylobacterota,Campylobacteria,Campylobacterales,Sulfurimonadaceae,Sulfurimonas,0,d__Bacteria;p__Campylobacterota;c__Campylobacteria;o__Campylobacterales;f__Sulfurimonadaceae;g__Sulfurimonas;s__
M39,Aegir_M39_B172,3,Bacteria,Acidobacteriota,Thermoanaerobaculia,Thermoanaerobaculales,Sulfomarinibacteraceae,JAADFK01,0,d__Bacteria;p__Acidobacteriota;c__Thermoanaerobaculia;o__Thermoanaerobaculales;f__Sulfomarinibacteraceae;g__JAADFK01;s__
M39,Aegir_M39_B173,2,Bacteria,Bipolaricaulota,Bipolaricaulia,UBA7950,UBA9294,S016-54,0,d__Bacteria;p__Bipolaricaulota;c__Bipolaricaulia;o__UBA7950;f__UBA9294;g__S016-54;s__
M39,Aegir_M39_B174,7,Bacteria,Pseudomonadota,Gammaproteobacteria,Methylococcales,Methylomonadaceae,0,0,d__Bacteria;p__Pseudomonadota;c__Gammaproteobacteria;o__Methylococcales;f__Methylomonadaceae;g__;s__
M39,Aegir_M39_B175,3,Bacteria,Pseudomonadota,Gammaproteobacteria,Arenicellales,Poriferihabitantaceae,0,0,d__Bacteria;p__Pseudomonadota;c__Gammaproteobacteria;o__Arenicellales;f__Poriferihabitantaceae;g__;s__
M39,Aegir_M39_B176,0,Bacteria,Spirochaetota,Spirochaetia,SZUA-6,SZUA-6,JALUUM01,0,d__Bacteria;p__Spirochaetota;c__Spirochaetia;o__SZUA-6;f__SZUA-6;g__JALUUM01;s__
M39,Aegir_M39_B177,1,Bacteria,Bacteroidota,Bacteroidia,Flavobacteriales,Salibacteraceae,CAJXZP01,0,d__Bacteria;p__Bacteroidota;c__Bacteroidia;o__Flavobacteriales;f__Salibacteraceae;g__CAJXZP01;s__
M39,Aegir_M39_B178,6,Bacteria,Planctomycetota,UBA1135,UBA1135,GCA-002686595,JBBDIB01,0,d__Bacteria;p__Planctomycetota;c__UBA1135;o__UBA1135;f__GCA-002686595;g__JBBDIB01;s__
M39,Aegir_M39_B179,1,Bacteria,Bacteroidota,Bacteroidia,Bacteroidales,S143-33,S143-33,0,d__Bacteria;p__Bacteroidota;c__Bacteroidia;o__Bacteroidales;f__S143-33;g__S143-33;s__
M39,Aegir_M39_B18,5,Bacteria,Bacteroidota,Bacteroidia,Bacteroidales,JAADGE01,JAADGE01,0,d__Bacteria;p__Bacteroidota;c__Bacteroidia;o__Bacteroidales;f__JAADGE01;g__JAADGE01;s__
M39,Aegir_M39_B180,3,Bacteria,Desulfobacterota,DSM-4660,Desulfatiglandales,Desulfatiglandaceae,B111-G9,0,d__Bacteria;p__Desulfobacterota;c__DSM-4660;o__Desulfatiglandales;f__Desulfatiglandaceae;g__B111-G9;s__
M39,Aegir_M39_B181,6,Bacteria,Myxococcota,Polyangia,Polyangiales,SG8-38,JAADHO01,0,d__Bacteria;p__Myxococcota;c__Polyangia;o__Polyangiales;f__SG8-38;g__JAADHO01;s__
M39,Aegir_M39_B182,4,Bacteria,Pseudomonadota,Alphaproteobacteria,Rhodobacterales,Rhodobacteraceae,Profundibacter,Profundibacter amoris,d__Bacteria;p__Pseudomonadota;c__Alphaproteobacteria;o__Rhodobacterales;f__Rhodobacteraceae;g__Profundibacter;s__Profundibacter amoris
M39,Aegir_M39_B183,4,Bacteria,Desulfobacterota,JdFR-97,JdFR-97,JdFR-97,JdFR-97,0,d__Bacteria;p__Desulfobacterota;c__JdFR-97;o__JdFR-97;f__JdFR-97;g__JdFR-97;s__
M39,Aegir_M39_B184,1,Archaea,Asgardarchaeota,Heimdallarchaeia,Heimdallarchaeales,Heimdallarchaeaceae,0,0,d__Archaea;p__Asgardarchaeota;c__Heimdallarchaeia;o__Heimdallarchaeales;f__Heimdallarchaeaceae;g__;s__
M39,Aegir_M39_B185,8,Bacteria,Zhuqueibacterota,JdFR-76,JdFR-76,DREG01,DREG01,0,d__Bacteria;p__Zhuqueibacterota;c__JdFR-76;o__JdFR-76;f__DREG01;g__DREG01;s__
M39,Aegir_M39_B186,6,Bacteria,Pseudomonadota,Gammaproteobacteria,Methylococcales,Methylomonadaceae,QPIN01,0,d__Bacteria;p__Pseudomonadota;c__Gammaproteobacteria;o__Methylococcales;f__Methylomonadaceae;g__QPIN01;s__
M39,Aegir_M39_B187,1,Bacteria,Aquificota,Aquificia,Aquificales,Hydrogenothermaceae,QNZC01,0,d__Bacteria;p__Aquificota;c__Aquificia;o__Aquificales;f__Hydrogenothermaceae;g__QNZC01;s__
M39,Aegir_M39_B188,10,Bacteria,Myxococcota,JAADFL01,JAADFL01,JAADFL01,0,0,d__Bacteria;p__Myxococcota;c__JAADFL01;o__JAADFL01;f__JAADFL01;g__;s__
M39,Aegir_M39_B189,0,Archaea,Halobacteriota,Archaeoglobi,Archaeoglobales,Archaeoglobaceae,B5-G16,0,d__Archaea;p__Halobacteriota;c__Archaeoglobi;o__Archaeoglobales;f__Archaeoglobaceae;g__B5-G16;s__
M39,Aegir_M39_B19,5,Bacteria,Verrucomicrobiota,Kiritimatiellia,UBA8416,JAUUYL01,0,0,d__Bacteria;p__Verrucomicrobiota;c__Kiritimatiellia;o__UBA8416;f__JAUUYL01;g__;s__
M39,Aegir_M39_B190,2,Bacteria,Pseudomonadota,Gammaproteobacteria,UWMA-0217,UWMA-0217,JALSHZ01,0,d__Bacteria;p__Pseudomonadota;c__Gammaproteobacteria;o__UWMA-0217;f__UWMA-0217;g__JALSHZ01;s__
M39,Aegir_M39_B191,4,Bacteria,Pseudomonadota,Gammaproteobacteria,Methylococcales,Methylomonadaceae,Methyloprofundus,Methyloprofundus sp900128525,d__Bacteria;p__Pseudomonadota;c__Gammaproteobacteria;o__Methylococcales;f__Methylomonadaceae;g__Methyloprofundus;s__Methyloprofundus sp900128525
M39,Aegir_M39_B192,8,Bacteria,Pseudomonadota,Gammaproteobacteria,Methylococcales,Methylomonadaceae,QPIN01,0,d__Bacteria;p__Pseudomonadota;c__Gammaproteobacteria;o__Methylococcales;f__Methylomonadaceae;g__QPIN01;s__
M39,Aegir_M39_B193,1,Archaea,Thermoproteota,Thermoprotei,Thermofilales,B69-G16,B69-G16,0,d__Archaea;p__Thermoproteota;c__Thermoprotei;o__Thermofilales;f__B69-G16;g__B69-G16;s__
M39,Aegir_M39_B194,6,Bacteria,Desulfobacterota,Desulfobacteria,Desulfobacterales,UBA11574,JAAXQD01,0,d__Bacteria;p__Desulfobacterota;c__Desulfobacteria;o__Desulfobacterales;f__UBA11574;g__JAAXQD01;s__
M39,Aegir_M39_B195,11,Bacteria,Desulfobacterota,DSM-4660,Desulfatiglandales,Desulfatiglandaceae,Desulfacyla,0,d__Bacteria;p__Desulfobacterota;c__DSM-4660;o__Desulfatiglandales;f__Desulfatiglandaceae;g__Desulfacyla;s__
M39,Aegir_M39_B196,9,Bacteria,Desulfobacterota,Desulfobacteria,Desulfobacterales,JALSRD01,JALSRD01,0,d__Bacteria;p__Desulfobacterota;c__Desulfobacteria;o__Desulfobacterales;f__JALSRD01;g__JALSRD01;s__
M39,Aegir_M39_B197,0,Bacteria,Patescibacteriota,Gracilibacteria,UBA1369,LOWO2-01-FULL-3,JAACEU01,0,d__Bacteria;p__Patescibacteriota;c__Gracilibacteria;o__UBA1369;f__LOWO2-01-FULL-3;g__JAACEU01;s__
M39,Aegir_M39_B198,3,Bacteria,Bacteroidota,Bacteroidia,Cytophagales,Cyclobacteriaceae,0,0,d__Bacteria;p__Bacteroidota;c__Bacteroidia;o__Cytophagales;f__Cyclobacteriaceae;g__;s__
M39,Aegir_M39_B199,2,Bacteria,Bacteroidota,Bacteroidia,Flavobacteriales,Flavobacteriaceae,S010-17,0,d__Bacteria;p__Bacteroidota;c__Bacteroidia;o__Flavobacteriales;f__Flavobacteriaceae;g__S010-17;s__
M39,Aegir_M39_B2,4,Bacteria,Campylobacterota,Campylobacteria,Campylobacterales,Sulfurimonadaceae,S145-25,0,d__Bacteria;p__Campylobacterota;c__Campylobacteria;o__Campylobacterales;f__Sulfurimonadaceae;g__S145-25;s__
M39,Aegir_M39_B20,18,Bacteria,Bacteroidota,Bacteroidia,Flavobacteriales,Crocinitomicaceae,Crocinitomix,0,d__Bacteria;p__Bacteroidota;c__Bacteroidia;o__Flavobacteriales;f__Crocinitomicaceae;g__Crocinitomix;s__
M39,Aegir_M39_B21,1,Bacteria,Bacteroidota,Bacteroidia,Bacteroidales,UBA1556,0,0,d__Bacteria;p__Bacteroidota;c__Bacteroidia;o__Bacteroidales;f__UBA1556;g__;s__
M39,Aegir_M39_B22,0,Archaea,Halobacteriota,Archaeoglobi,Archaeoglobales,Archaeoglobaceae,Archaeoglobus,0,d__Archaea;p__Halobacteriota;c__Archaeoglobi;o__Archaeoglobales;f__Archaeoglobaceae;g__Archaeoglobus;s__
M39,Aegir_M39_B23,6,Bacteria,Pseudomonadota,Gammaproteobacteria,Methylococcales,Methylomonadaceae,0,0,d__Bacteria;p__Pseudomonadota;c__Gammaproteobacteria;o__Methylococcales;f__Methylomonadaceae;g__;s__
M39,Aegir_M39_B24,3,Bacteria,Pseudomonadota,Alphaproteobacteria,Rhodobacterales,Rhodobacteraceae,Profundibacter,0,d__Bacteria;p__Pseudomonadota;c__Alphaproteobacteria;o__Rhodobacterales;f__Rhodobacteraceae;g__Profundibacter;s__
M39,Aegir_M39_B25,22,Bacteria,Planctomycetota,JADGBV01,JADGBV01,JADGBV01,0,0,d__Bacteria;p__Planctomycetota;c__JADGBV01;o__JADGBV01;f__JADGBV01;g__;s__
M39,Aegir_M39_B26,1,Bacteria,Chloroflexota,Anaerolineae,B4-G1,DUEL01,JBDOIF01,0,d__Bacteria;p__Chloroflexota;c__Anaerolineae;o__B4-G1;f__DUEL01;g__JBDOIF01;s__
M39,Aegir_M39_B27,2,Bacteria,WOR-3,Hydrothermia,JBDRYB01,JBDRYB01,0,0,d__Bacteria;p__WOR-3;c__Hydrothermia;o__JBDRYB01;f__JBDRYB01;g__;s__
M39,Aegir_M39_B28,0,Bacteria,Chloroflexota,Anaerolineae,Aggregatilineales,Aggregatilineaceae,0,0,d__Bacteria;p__Chloroflexota;c__Anaerolineae;o__Aggregatilineales;f__Aggregatilineaceae;g__;s__
M39,Aegir_M39_B29,9,Bacteria,Calditrichota,Calditrichia,Calditrichales,Calditrichaceae,Caldithrix,0,d__Bacteria;p__Calditrichota;c__Calditrichia;o__Calditrichales;f__Calditrichaceae;g__Caldithrix;s__
M39,Aegir_M39_B3,3,Bacteria,Chloroflexota,Anaerolineae,Promineifilales,Promineifilaceae,S016-13,0,d__Bacteria;p__Chloroflexota;c__Anaerolineae;o__Promineifilales;f__Promineifilaceae;g__S016-13;s__
M39,Aegir_M39_B30,3,Bacteria,Aquificota,Aquificia,Aquificales,Hydrogenothermaceae,JAADDV01,0,d__Bacteria;p__Aquificota;c__Aquificia;o__Aquificales;f__Hydrogenothermaceae;g__JAADDV01;s__
M39,Aegir_M39_B31,5,Bacteria,Bacteroidota,Bacteroidia,Bacteroidales,F082,B16-G9,0,d__Bacteria;p__Bacteroidota;c__Bacteroidia;o__Bacteroidales;f__F082;g__B16-G9;s__
M39,Aegir_M39_B32,4,Bacteria,Myxococcota,Polyangia,Haliangiales,Haliangiaceae,0,0,d__Bacteria;p__Myxococcota;c__Polyangia;o__Haliangiales;f__Haliangiaceae;g__;s__
M39,Aegir_M39_B33,3,Bacteria,Pseudomonadota,Gammaproteobacteria,Thiomicrospirales,Thiomicrospiraceae,Sulfurivirga,0,d__Bacteria;p__Pseudomonadota;c__Gammaproteobacteria;o__Thiomicrospirales;f__Thiomicrospiraceae;g__Sulfurivirga;s__
M39,Aegir_M39_B34,10,Bacteria,Desulfobacterota,Syntrophobacteria,Syntrophobacterales,Syntrophobacteraceae,0,0,d__Bacteria;p__Desulfobacterota;c__Syntrophobacteria;o__Syntrophobacterales;f__Syntrophobacteraceae;g__;s__
M39,Aegir_M39_B35,5,Bacteria,Myxococcota,Bradymonadia,Bradymonadales,Bradymonadaceae,CALJNB01,0,d__Bacteria;p__Myxococcota;c__Bradymonadia;o__Bradymonadales;f__Bradymonadaceae;g__CALJNB01;s__
M39,Aegir_M39_B36,0,Bacteria,Bacteroidota,Bacteroidia,Chitinophagales,Saprospiraceae,0,0,d__Bacteria;p__Bacteroidota;c__Bacteroidia;o__Chitinophagales;f__Saprospiraceae;g__;s__
M39,Aegir_M39_B37,0,Bacteria,Acidobacteriota,Aminicenantia,JAMOAD01,JAMOAD01,JAMOUT01,0,d__Bacteria;p__Acidobacteriota;c__Aminicenantia;o__JAMOAD01;f__JAMOAD01;g__JAMOUT01;s__
M39,Aegir_M39_B38,1,Bacteria,Chloroflexota,Anaerolineae,B4-G1,B4-G1,B4-G1,0,d__Bacteria;p__Chloroflexota;c__Anaerolineae;o__B4-G1;f__B4-G1;g__B4-G1;s__
M39,Aegir_M39_B39,7,Bacteria,Myxococcota_A,UBA9160,UBA9160,UBA4427,UBA4427,0,d__Bacteria;p__Myxococcota_A;c__UBA9160;o__UBA9160;f__UBA4427;g__UBA4427;s__
M39,Aegir_M39_B4,0,Archaea,Halobacteriota,Archaeoglobi,Archaeoglobales,Archaeoglobaceae,JdFR-22,0,d__Archaea;p__Halobacteriota;c__Archaeoglobi;o__Archaeoglobales;f__Archaeoglobaceae;g__JdFR-22;s__
M39,Aegir_M39_B40,3,Bacteria,Pseudomonadota,Gammaproteobacteria,Enterobacterales,GCA-002770795,DRNA01,0,d__Bacteria;p__Pseudomonadota;c__Gammaproteobacteria;o__Enterobacterales;f__GCA-002770795;g__DRNA01;s__
M39,Aegir_M39_B41,1,Bacteria,Bacteroidota,Bacteroidia,Cytophagales,Cyclobacteriaceae,S012-113,0,d__Bacteria;p__Bacteroidota;c__Bacteroidia;o__Cytophagales;f__Cyclobacteriaceae;g__S012-113;s__
M39,Aegir_M39_B42,0,Archaea,Thermoproteota,Nitrososphaeria,Geothermarchaeales,JDFR-13,B109-G9,0,d__Archaea;p__Thermoproteota;c__Nitrososphaeria;o__Geothermarchaeales;f__JDFR-13;g__B109-G9;s__
M39,Aegir_M39_B43,1,Bacteria,Campylobacterota,Campylobacteria,Campylobacterales,Sulfurimonadaceae,Sulfurimonas,0,d__Bacteria;p__Campylobacterota;c__Campylobacteria;o__Campylobacterales;f__Sulfurimonadaceae;g__Sulfurimonas;s__
M39,Aegir_M39_B44,1,Bacteria,Bipolaricaulota,Bipolaricaulia,Bipolaricaulales,Bipolaricaulaceae,UBA3574,0,d__Bacteria;p__Bipolaricaulota;c__Bipolaricaulia;o__Bipolaricaulales;f__Bipolaricaulaceae;g__UBA3574;s__
M39,Aegir_M39_B45,1,Archaea,Halobacteriota,Syntropharchaeia,Alkanophagales,Methanospirareceae,G60ANME1,G60ANME1 sp025464325,d__Archaea;p__Halobacteriota;c__Syntropharchaeia;o__Alkanophagales;f__Methanospirareceae;g__G60ANME1;s__G60ANME1 sp025464325
M39,Aegir_M39_B46,0,Bacteria,Pseudomonadota,Alphaproteobacteria,Caulobacterales,Maricaulaceae,Robiginitomaculum_A,0,d__Bacteria;p__Pseudomonadota;c__Alphaproteobacteria;o__Caulobacterales;f__Maricaulaceae;g__Robiginitomaculum_A;s__
M39,Aegir_M39_B47,4,Bacteria,Acidobacteriota,Thermoanaerobaculia,Thermoanaerobaculales,Sulfomarinibacteraceae,JAMOVQ01,0,d__Bacteria;p__Acidobacteriota;c__Thermoanaerobaculia;o__Thermoanaerobaculales;f__Sulfomarinibacteraceae;g__JAMOVQ01;s__
M39,Aegir_M39_B48,2,Bacteria,Pseudomonadota,Gammaproteobacteria,Xanthomonadales,Marinicellaceae,NORP309,0,d__Bacteria;p__Pseudomonadota;c__Gammaproteobacteria;o__Xanthomonadales;f__Marinicellaceae;g__NORP309;s__
M39,Aegir_M39_B49,4,Bacteria,Myxococcota_A,UBA9160,UBA9160,UBA4427,UBA4427,0,d__Bacteria;p__Myxococcota_A;c__UBA9160;o__UBA9160;f__UBA4427;g__UBA4427;s__
M39,Aegir_M39_B5,1,Bacteria,Bacteroidota,Bacteroidia,Flavobacteriales,Flavobacteriaceae,S010-17,0,d__Bacteria;p__Bacteroidota;c__Bacteroidia;o__Flavobacteriales;f__Flavobacteriaceae;g__S010-17;s__
M39,Aegir_M39_B50,0,Bacteria,Zixibacteria,MSB-5A5,JAABVY01,JAHJOQ01,JAJRZO01,0,d__Bacteria;p__Zixibacteria;c__MSB-5A5;o__JAABVY01;f__JAHJOQ01;g__JAJRZO01;s__
M39,Aegir_M39_B51,2,Bacteria,Desulfobacterota,DSM-4660,Desulfatiglandales,JALVZP01,0,0,d__Bacteria;p__Desulfobacterota;c__DSM-4660;o__Desulfatiglandales;f__JALVZP01;g__;s__
M39,Aegir_M39_B52,1,Bacteria,Bacteroidota,Bacteroidia,Bacteroidales,NBLH01,NBLH01,0,d__Bacteria;p__Bacteroidota;c__Bacteroidia;o__Bacteroidales;f__NBLH01;g__NBLH01;s__
M39,Aegir_M39_B53,4,Bacteria,Pseudomonadota,Gammaproteobacteria,Nitrosococcales,Methylophagaceae,GCA-002733105,0,d__Bacteria;p__Pseudomonadota;c__Gammaproteobacteria;o__Nitrosococcales;f__Methylophagaceae;g__GCA-002733105;s__
M39,Aegir_M39_B54,1,Archaea,Halobacteriota,Syntropharchaeia,Alkanophagales,Methanospirareceae,Methanoxibalbensis,0,d__Archaea;p__Halobacteriota;c__Syntropharchaeia;o__Alkanophagales;f__Methanospirareceae;g__Methanoxibalbensis;s__
M39,Aegir_M39_B55,7,Bacteria,Pseudomonadota,Gammaproteobacteria,Methylococcales,Methylomonadaceae,QPIN01,0,d__Bacteria;p__Pseudomonadota;c__Gammaproteobacteria;o__Methylococcales;f__Methylomonadaceae;g__QPIN01;s__
M39,Aegir_M39_B56,11,Bacteria,Desulfobacterota,Desulfobacteria,Desulfobacterales,JAFDCJ01,JAOZPY01,0,d__Bacteria;p__Desulfobacterota;c__Desulfobacteria;o__Desulfobacterales;f__JAFDCJ01;g__JAOZPY01;s__
M39,Aegir_M39_B57,2,Bacteria,Zhuqueibacterota,JdFR-76,JdFR-76,4484-219,4484-219,0,d__Bacteria;p__Zhuqueibacterota;c__JdFR-76;o__JdFR-76;f__4484-219;g__4484-219;s__
M39,Aegir_M39_B58,1,Archaea,Thermoplasmatota,E2,DHVEG-1,B18-G2,B18-G2,0,d__Archaea;p__Thermoplasmatota;c__E2;o__DHVEG-1;f__B18-G2;g__B18-G2;s__
M39,Aegir_M39_B59,0,Archaea,Asgardarchaeota,Thorarchaeia,Thorarchaeales,Thorarchaeaceae,B65-G9,0,d__Archaea;p__Asgardarchaeota;c__Thorarchaeia;o__Thorarchaeales;f__Thorarchaeaceae;g__B65-G9;s__
M39,Aegir_M39_B6,0,Bacteria,Bacteroidota,Bacteroidia,Flavobacteriales,Flavobacteriaceae,S010-17,0,d__Bacteria;p__Bacteroidota;c__Bacteroidia;o__Flavobacteriales;f__Flavobacteriaceae;g__S010-17;s__
M39,Aegir_M39_B60,8,Bacteria,Myxococcota,B64-G9,B64-G9,B64-G9,JALVPF01,0,d__Bacteria;p__Myxococcota;c__B64-G9;o__B64-G9;f__B64-G9;g__JALVPF01;s__
M39,Aegir_M39_B61,0,Bacteria,Actinomycetota,Acidimicrobiia,Acidimicrobiales,Poriferisodalaceae,DRKF01,0,d__Bacteria;p__Actinomycetota;c__Acidimicrobiia;o__Acidimicrobiales;f__Poriferisodalaceae;g__DRKF01;s__
M39,Aegir_M39_B62,7,Bacteria,Desulfobacterota,Desulfobacteria,Desulfobacterales,Desulfobacteraceae,Desulfobacula,0,d__Bacteria;p__Desulfobacterota;c__Desulfobacteria;o__Desulfobacterales;f__Desulfobacteraceae;g__Desulfobacula;s__
M39,Aegir_M39_B63,6,Bacteria,Bacteroidota_A,Ignavibacteria,Ignavibacteriales,Melioribacteraceae,GCA-2746605,0,d__Bacteria;p__Bacteroidota_A;c__Ignavibacteria;o__Ignavibacteriales;f__Melioribacteraceae;g__GCA-2746605;s__
M39,Aegir_M39_B64,1,Bacteria,Chloroflexota,Anaerolineae,B4-G1,B4-G1,JALWUZ01,0,d__Bacteria;p__Chloroflexota;c__Anaerolineae;o__B4-G1;f__B4-G1;g__JALWUZ01;s__
M39,Aegir_M39_B65,0,Archaea,Halobacteriota,Archaeoglobi,Archaeoglobales,Archaeoglobaceae,Archaeoglobus_A,0,d__Archaea;p__Halobacteriota;c__Archaeoglobi;o__Archaeoglobales;f__Archaeoglobaceae;g__Archaeoglobus_A;s__
M39,Aegir_M39_B66,0,Bacteria,Krumholzibacteriota,Krumholzibacteriia,LZORAL124-64-63,LZORAL124-64-63,JAHJTW01,0,d__Bacteria;p__Krumholzibacteriota;c__Krumholzibacteriia;o__LZORAL124-64-63;f__LZORAL124-64-63;g__JAHJTW01;s__
M39,Aegir_M39_B67,2,Bacteria,Bacteroidota,Bacteroidia,Flavobacteriales,Flavobacteriaceae,S010-17,0,d__Bacteria;p__Bacteroidota;c__Bacteroidia;o__Flavobacteriales;f__Flavobacteriaceae;g__S010-17;s__
M39,Aegir_M39_B68,2,Bacteria,Myxococcota,Polyangia,HGW-17,SLPX01,0,0,d__Bacteria;p__Myxococcota;c__Polyangia;o__HGW-17;f__SLPX01;g__;s__
M39,Aegir_M39_B69,3,Bacteria,Planctomycetota,UBA1135,UBA1135,GCA-002686595,GCA-2862085,0,d__Bacteria;p__Planctomycetota;c__UBA1135;o__UBA1135;f__GCA-002686595;g__GCA-2862085;s__
M39,Aegir_M39_B7,4,Bacteria,Desulfobacterota,JACQYL01,JACQYL01,0,0,0,d__Bacteria;p__Desulfobacterota;c__JACQYL01;o__JACQYL01;f__;g__;s__
M39,Aegir_M39_B70,1,Bacteria,Chloroflexota,Anaerolineae,Anaerolineales,UBA11858,UBA11858,0,d__Bacteria;p__Chloroflexota;c__Anaerolineae;o__Anaerolineales;f__UBA11858;g__UBA11858;s__
M39,Aegir_M39_B71,7,Bacteria,Pseudomonadota,Gammaproteobacteria,Methylococcales,Methylomonadaceae,QPIN01,QPIN01 sp021647585,d__Bacteria;p__Pseudomonadota;c__Gammaproteobacteria;o__Methylococcales;f__Methylomonadaceae;g__QPIN01;s__QPIN01 sp021647585
M39,Aegir_M39_B72,3,Bacteria,Bacteroidota,Bacteroidia,Flavobacteriales,Salibacteraceae,UBA2108,0,d__Bacteria;p__Bacteroidota;c__Bacteroidia;o__Flavobacteriales;f__Salibacteraceae;g__UBA2108;s__
M39,Aegir_M39_B73,8,Bacteria,Myxococcota,UBA796,UBA796,GCA-2862545,JACKEQ01,0,d__Bacteria;p__Myxococcota;c__UBA796;o__UBA796;f__GCA-2862545;g__JACKEQ01;s__
M39,Aegir_M39_B74,2,Bacteria,WOR-3,Hydrothermia,JBDRYB01,JBDRYB01,0,0,d__Bacteria;p__WOR-3;c__Hydrothermia;o__JBDRYB01;f__JBDRYB01;g__;s__
M39,Aegir_M39_B75,6,Bacteria,Pseudomonadota,Gammaproteobacteria,Methylococcales,0,0,0,d__Bacteria;p__Pseudomonadota;c__Gammaproteobacteria;o__Methylococcales;f__;g__;s__
M39,Aegir_M39_B76,2,Bacteria,Zhuqueibacterota,Zhuqueibacteria,Residuimicrobiales,Krinioviventaceae,Hydrothermomicrobium,0,d__Bacteria;p__Zhuqueibacterota;c__Zhuqueibacteria;o__Residuimicrobiales;f__Krinioviventaceae;g__Hydrothermomicrobium;s__
M39,Aegir_M39_B77,3,Bacteria,Bacteroidota,Bacteroidia,Bacteroidales,UBA1556,QNXT01,0,d__Bacteria;p__Bacteroidota;c__Bacteroidia;o__Bacteroidales;f__UBA1556;g__QNXT01;s__
M39,Aegir_M39_B78,2,Bacteria,Krumholzibacteriota,Krumholzibacteriia,LZORAL124-64-63,LZORAL124-64-63,JAGRNP01,0,d__Bacteria;p__Krumholzibacteriota;c__Krumholzibacteriia;o__LZORAL124-64-63;f__LZORAL124-64-63;g__JAGRNP01;s__
M39,Aegir_M39_B79,2,Bacteria,Chloroflexota,Anaerolineae,JAFGEY01,JAFGEY01,BS750m-G44,0,d__Bacteria;p__Chloroflexota;c__Anaerolineae;o__JAFGEY01;f__JAFGEY01;g__BS750m-G44;s__
M39,Aegir_M39_B8,1,Bacteria,Campylobacterota,Campylobacteria,Campylobacterales,Sulfurospirillaceae,Sulfurospirillum_A,0,d__Bacteria;p__Campylobacterota;c__Campylobacteria;o__Campylobacterales;f__Sulfurospirillaceae;g__Sulfurospirillum_A;s__
M39,Aegir_M39_B80,0,Bacteria,Desulfobacterota,B13-G15,B13-G15,B13-G15,B13-G15,0,d__Bacteria;p__Desulfobacterota;c__B13-G15;o__B13-G15;f__B13-G15;g__B13-G15;s__
M39,Aegir_M39_B81,2,Bacteria,Chloroflexota,Anaerolineae,SpSt-600,SpSt-600,HyVt-206,0,d__Bacteria;p__Chloroflexota;c__Anaerolineae;o__SpSt-600;f__SpSt-600;g__HyVt-206;s__
M39,Aegir_M39_B82,5,Bacteria,Desulfobacterota,Desulfobulbia,Desulfobulbales,Desulfocapsaceae,Desulforhopalus,Desulforhopalus sp947311315,d__Bacteria;p__Desulfobacterota;c__Desulfobulbia;o__Desulfobulbales;f__Desulfocapsaceae;g__Desulforhopalus;s__Desulforhopalus sp947311315
M39,Aegir_M39_B83,1,Bacteria,Verrucomicrobiota,Kiritimatiellia,Kiritimatiellales,Pontiellaceae,Pontiella,0,d__Bacteria;p__Verrucomicrobiota;c__Kiritimatiellia;o__Kiritimatiellales;f__Pontiellaceae;g__Pontiella;s__
M39,Aegir_M39_B84,2,Bacteria,Desulfobacterota,Desulfofervidia,Desulfofervidales,Desulfofervidaceae,Desulfofervidus,0,d__Bacteria;p__Desulfobacterota;c__Desulfofervidia;o__Desulfofervidales;f__Desulfofervidaceae;g__Desulfofervidus;s__
M39,Aegir_M39_B85,0,Archaea,Nanobdellota,Nanobdellia,Pacearchaeales,GW2011-AR1,WJLC01,0,d__Archaea;p__Nanobdellota;c__Nanobdellia;o__Pacearchaeales;f__GW2011-AR1;g__WJLC01;s__
M39,Aegir_M39_B86,0,Bacteria,WOR-3,Hydrothermia,B15-G9,DRBW01,0,0,d__Bacteria;p__WOR-3;c__Hydrothermia;o__B15-G9;f__DRBW01;g__;s__
M39,Aegir_M39_B87,0,Bacteria,Patescibacteriota,Patescibacteriia,UBA10025,JAHIVO01,0,0,d__Bacteria;p__Patescibacteriota;c__Patescibacteriia;o__UBA10025;f__JAHIVO01;g__;s__
M39,Aegir_M39_B88,6,Bacteria,Acidobacteriota,Polarisedimenticolia,J045,J045,JAMOQA01,0,d__Bacteria;p__Acidobacteriota;c__Polarisedimenticolia;o__J045;f__J045;g__JAMOQA01;s__
M39,Aegir_M39_B89,1,Bacteria,Acidobacteriota,Aminicenantia,S016-38,S016-38,S016-38,0,d__Bacteria;p__Acidobacteriota;c__Aminicenantia;o__S016-38;f__S016-38;g__S016-38;s__
M39,Aegir_M39_B9,1,Archaea,Thermoplasmatota,E2,UBA202,JdFR-43,JAPDJP01,0,d__Archaea;p__Thermoplasmatota;c__E2;o__UBA202;f__JdFR-43;g__JAPDJP01;s__
M39,Aegir_M39_B90,1,Bacteria,Campylobacterota,Campylobacteria,Campylobacterales,Nitratiruptoraceae,Nitratiruptor,0,d__Bacteria;p__Campylobacterota;c__Campylobacteria;o__Campylobacterales;f__Nitratiruptoraceae;g__Nitratiruptor;s__
M39,Aegir_M39_B91,0,Archaea,Thermoplasmatota,E2,UBA202,JdFR-43,JAGGZK01,0,d__Archaea;p__Thermoplasmatota;c__E2;o__UBA202;f__JdFR-43;g__JAGGZK01;s__
M39,Aegir_M39_B92,6,Bacteria,Desulfobacterota,DSWW01,DSWW01,DSWW01,S015-6,0,d__Bacteria;p__Desulfobacterota;c__DSWW01;o__DSWW01;f__DSWW01;g__S015-6;s__
M39,Aegir_M39_B93,2,Bacteria,Campylobacterota,Campylobacteria,Campylobacterales,Sulfurovaceae,Sulfurovum,0,d__Bacteria;p__Campylobacterota;c__Campylobacteria;o__Campylobacterales;f__Sulfurovaceae;g__Sulfurovum;s__
M39,Aegir_M39_B94,2,Bacteria,Spirochaetota,Spirochaetia,B11-G9,B11-G9,S145-15,0,d__Bacteria;p__Spirochaetota;c__Spirochaetia;o__B11-G9;f__B11-G9;g__S145-15;s__
M39,Aegir_M39_B95,0,Archaea,Aenigmatarchaeota,Aenigmatarchaeia,QMZP01,QMZP01,DAOVFN01,0,d__Archaea;p__Aenigmatarchaeota;c__Aenigmatarchaeia;o__QMZP01;f__QMZP01;g__DAOVFN01;s__
M39,Aegir_M39_B96,1,Bacteria,Campylobacterota,Campylobacteria,Campylobacterales,Sulfurovaceae,JAADEQ01,0,d__Bacteria;p__Campylobacterota;c__Campylobacteria;o__Campylobacterales;f__Sulfurovaceae;g__JAADEQ01;s__
M39,Aegir_M39_B97,0,Bacteria,Bacteroidota,Bacteroidia,Cytophagales,Cyclobacteriaceae,JAKISE01,0,d__Bacteria;p__Bacteroidota;c__Bacteroidia;o__Cytophagales;f__Cyclobacteriaceae;g__JAKISE01;s__
M39,Aegir_M39_B98,7,Bacteria,Desulfobacterota,Desulfobacteria,Desulfobacterales,JALSRD01,JALSRD01,0,d__Bacteria;p__Desulfobacterota;c__Desulfobacteria;o__Desulfobacterales;f__JALSRD01;g__JALSRD01;s__
M39,Aegir_M39_B99,7,Bacteria,Desulfobacterota,Desulfobacteria,Desulfobacterales,Desulfosarcinaceae,JALVQM01,0,d__Bacteria;p__Desulfobacterota;c__Desulfobacteria;o__Desulfobacterales;f__Desulfosarcinaceae;g__JALVQM01;s__
M42,SevenSisters_M42_B1,1,Bacteria,Pseudomonadota,Alphaproteobacteria,Rhodobacterales,Rhodobacteraceae,WFPA01,0,d__Bacteria;p__Pseudomonadota;c__Alphaproteobacteria;o__Rhodobacterales;f__Rhodobacteraceae;g__WFPA01;s__
M42,SevenSisters_M42_B10,5,Bacteria,Planctomycetota,Planctomycetia,Planctomycetales,Planctomycetaceae,0,0,d__Bacteria;p__Planctomycetota;c__Planctomycetia;o__Planctomycetales;f__Planctomycetaceae;g__;s__
M42,SevenSisters_M42_B100,2,Bacteria,WOR-3,Hydrothermia,LBFQ01,DSFT01,0,0,d__Bacteria;p__WOR-3;c__Hydrothermia;o__LBFQ01;f__DSFT01;g__;s__
M42,SevenSisters_M42_B101,1,Bacteria,Bdellovibrionota_B,UBA2361,0,0,0,0,d__Bacteria;p__Bdellovibrionota_B;c__UBA2361;o__;f__;g__;s__
M42,SevenSisters_M42_B102,2,Bacteria,Aquificota,Aquificia,Aquificales,Hydrogenothermaceae,JALSSE01,0,d__Bacteria;p__Aquificota;c__Aquificia;o__Aquificales;f__Hydrogenothermaceae;g__JALSSE01;s__
M42,SevenSisters_M42_B103,1,Bacteria,Pseudomonadota,Alphaproteobacteria,Rhodobacterales,Rhodobacteraceae,WFPA01,0,d__Bacteria;p__Pseudomonadota;c__Alphaproteobacteria;o__Rhodobacterales;f__Rhodobacteraceae;g__WFPA01;s__
M42,SevenSisters_M42_B104,0,Bacteria,Patescibacteriota,Minisyncoccia,Moranbacterales,GCA-2747515,JALVQA01,0,d__Bacteria;p__Patescibacteriota;c__Minisyncoccia;o__Moranbacterales;f__GCA-2747515;g__JALVQA01;s__
M42,SevenSisters_M42_B105,1,Bacteria,Pseudomonadota,Gammaproteobacteria,Pseudomonadales,Oleiphilaceae,J085,0,d__Bacteria;p__Pseudomonadota;c__Gammaproteobacteria;o__Pseudomonadales;f__Oleiphilaceae;g__J085;s__
M42,SevenSisters_M42_B106,2,Bacteria,Pseudomonadota,Alphaproteobacteria,Geminicoccales,Geminicoccaceae,HRBIN39,0,d__Bacteria;p__Pseudomonadota;c__Alphaproteobacteria;o__Geminicoccales;f__Geminicoccaceae;g__HRBIN39;s__
M42,SevenSisters_M42_B107,3,Bacteria,Actinomycetota,Acidimicrobiia,Acidimicrobiales,Poriferisodalaceae,DRKF01,0,d__Bacteria;p__Actinomycetota;c__Acidimicrobiia;o__Acidimicrobiales;f__Poriferisodalaceae;g__DRKF01;s__
M42,SevenSisters_M42_B108,0,Bacteria,Deinococcota,Deinococci,Deinococcales,Marinithermaceae,WFXV01,0,d__Bacteria;p__Deinococcota;c__Deinococci;o__Deinococcales;f__Marinithermaceae;g__WFXV01;s__
M42,SevenSisters_M42_B109,3,Bacteria,Planctomycetota,Planctomycetia,Pirellulales,S012-138,S012-138,S012-138 sp015488215,d__Bacteria;p__Planctomycetota;c__Planctomycetia;o__Pirellulales;f__S012-138;g__S012-138;s__S012-138 sp015488215
M42,SevenSisters_M42_B11,2,Bacteria,Pseudomonadota,Gammaproteobacteria,CAMYNG01,CAMYNG01,JALUTW01,0,d__Bacteria;p__Pseudomonadota;c__Gammaproteobacteria;o__CAMYNG01;f__CAMYNG01;g__JALUTW01;s__
M42,SevenSisters_M42_B110,0,Archaea,Nanobdellota,Nanobdellia,Woesearchaeales,J091,J091,0,d__Archaea;p__Nanobdellota;c__Nanobdellia;o__Woesearchaeales;f__J091;g__J091;s__
M42,SevenSisters_M42_B111,2,Bacteria,Desulfobacterota_I,Desulfovibrionia,Desulfovibrionales,Desulfothermaceae,0,0,d__Bacteria;p__Desulfobacterota_I;c__Desulfovibrionia;o__Desulfovibrionales;f__Desulfothermaceae;g__;s__
M42,SevenSisters_M42_B112,0,Archaea,Micrarchaeota,Micrarchaeia,Anstonellales,J096,J096,0,d__Archaea;p__Micrarchaeota;c__Micrarchaeia;o__Anstonellales;f__J096;g__J096;s__
M42,SevenSisters_M42_B113,1,Bacteria,Calditrichota,Calditrichia,RBG-13-44-9,J042,J042,0,d__Bacteria;p__Calditrichota;c__Calditrichia;o__RBG-13-44-9;f__J042;g__J042;s__
M42,SevenSisters_M42_B114,0,Archaea,Micrarchaeota,Micrarchaeia,Anstonellales,J096,J096,0,d__Archaea;p__Micrarchaeota;c__Micrarchaeia;o__Anstonellales;f__J096;g__J096;s__
M42,SevenSisters_M42_B115,4,Bacteria,Pseudomonadota,Alphaproteobacteria,Rhodobacterales,Rhodobacteraceae,JAAEUB01,0,d__Bacteria;p__Pseudomonadota;c__Alphaproteobacteria;o__Rhodobacterales;f__Rhodobacteraceae;g__JAAEUB01;s__
M42,SevenSisters_M42_B116,0,Archaea,Micrarchaeota,Micrarchaeia,Anstonellales,J096,0,0,d__Archaea;p__Micrarchaeota;c__Micrarchaeia;o__Anstonellales;f__J096;g__;s__
M42,SevenSisters_M42_B117,2,Bacteria,Bacteroidota,Bacteroidia,BPHE01,BPHE01,0,0,d__Bacteria;p__Bacteroidota;c__Bacteroidia;o__BPHE01;f__BPHE01;g__;s__
M42,SevenSisters_M42_B118,3,Bacteria,Bacillota,Clostridia,DSM-8532,0,0,0,d__Bacteria;p__Bacillota;c__Clostridia;o__DSM-8532;f__;g__;s__
M42,SevenSisters_M42_B119,0,Bacteria,4484-113,4484-113,JALSIF01,JALSIF01,JALSIF01,0,d__Bacteria;p__4484-113;c__4484-113;o__JALSIF01;f__JALSIF01;g__JALSIF01;s__
M42,SevenSisters_M42_B12,2,Bacteria,Pseudomonadota,Gammaproteobacteria,Thiomicrospirales,Thiomicrospiraceae,JALUXI01,0,d__Bacteria;p__Pseudomonadota;c__Gammaproteobacteria;o__Thiomicrospirales;f__Thiomicrospiraceae;g__JALUXI01;s__
M42,SevenSisters_M42_B120,0,Archaea,Micrarchaeota,Micrarchaeia,Anstonellales,J096,WAKO01,0,d__Archaea;p__Micrarchaeota;c__Micrarchaeia;o__Anstonellales;f__J096;g__WAKO01;s__
M42,SevenSisters_M42_B121,3,Bacteria,Bacteroidota,Bacteroidia,Cytophagales,Thermonemataceae,Thermonema,Thermonema rossianum,d__Bacteria;p__Bacteroidota;c__Bacteroidia;o__Cytophagales;f__Thermonemataceae;g__Thermonema;s__Thermonema rossianum
M42,SevenSisters_M42_B122,5,Bacteria,Planctomycetota,Planctomycetia,Pirellulales,Pirellulaceae,JABAAE01,0,d__Bacteria;p__Planctomycetota;c__Planctomycetia;o__Pirellulales;f__Pirellulaceae;g__JABAAE01;s__
M42,SevenSisters_M42_B123,0,Bacteria,Patescibacteriota,Microgenomatia,JAADGY01,JAADGY01,0,0,d__Bacteria;p__Patescibacteriota;c__Microgenomatia;o__JAADGY01;f__JAADGY01;g__;s__
M42,SevenSisters_M42_B124,3,Bacteria,Bacteroidota,Bacteroidia,SpSt-205,0,0,0,d__Bacteria;p__Bacteroidota;c__Bacteroidia;o__SpSt-205;f__;g__;s__
M42,SevenSisters_M42_B125,0,Bacteria,Bacteroidota,Bacteroidia,Flavobacteriales,Crocinitomicaceae,Putridiphycobacter,0,d__Bacteria;p__Bacteroidota;c__Bacteroidia;o__Flavobacteriales;f__Crocinitomicaceae;g__Putridiphycobacter;s__
M42,SevenSisters_M42_B126,1,Bacteria,Myxococcota,UBA796,UBA796,UBA2385,J125,0,d__Bacteria;p__Myxococcota;c__UBA796;o__UBA796;f__UBA2385;g__J125;s__
M42,SevenSisters_M42_B127,3,Bacteria,Pseudomonadota,Gammaproteobacteria,Methylococcales,Methylothermaceae,Methylohalobius,0,d__Bacteria;p__Pseudomonadota;c__Gammaproteobacteria;o__Methylococcales;f__Methylothermaceae;g__Methylohalobius;s__
M42,SevenSisters_M42_B128,0,Bacteria,Patescibacteriota,Minisyncoccia,UBA9973,UBA12088,UBA12088,0,d__Bacteria;p__Patescibacteriota;c__Minisyncoccia;o__UBA9973;f__UBA12088;g__UBA12088;s__
M42,SevenSisters_M42_B129,3,Bacteria,Pseudomonadota,Gammaproteobacteria,Xanthomonadales,Marinicellaceae,S144-45,0,d__Bacteria;p__Pseudomonadota;c__Gammaproteobacteria;o__Xanthomonadales;f__Marinicellaceae;g__S144-45;s__
M42,SevenSisters_M42_B13,4,Bacteria,Myxococcota,UBA796,UBA796,0,0,0,d__Bacteria;p__Myxococcota;c__UBA796;o__UBA796;f__;g__;s__
M42,SevenSisters_M42_B130,2,Bacteria,Actinomycetota,Acidimicrobiia,UBA5794,ZC4RG35,S012-128,0,d__Bacteria;p__Actinomycetota;c__Acidimicrobiia;o__UBA5794;f__ZC4RG35;g__S012-128;s__
M42,SevenSisters_M42_B131,1,Bacteria,Campylobacterota,Campylobacteria,Campylobacterales,Sulfurovaceae,Sulfurovum,0,d__Bacteria;p__Campylobacterota;c__Campylobacteria;o__Campylobacterales;f__Sulfurovaceae;g__Sulfurovum;s__
M42,SevenSisters_M42_B132,0,Archaea,Nanobdellota,Nanobdellia,Pacearchaeales,GW2011-AR1,JAGVXH01,0,d__Archaea;p__Nanobdellota;c__Nanobdellia;o__Pacearchaeales;f__GW2011-AR1;g__JAGVXH01;s__
M42,SevenSisters_M42_B133,2,Bacteria,Aquificota,Aquificia,Aquificales,Hydrogenothermaceae,QNZC01,0,d__Bacteria;p__Aquificota;c__Aquificia;o__Aquificales;f__Hydrogenothermaceae;g__QNZC01;s__
M42,SevenSisters_M42_B134,0,Bacteria,Pseudomonadota,Alphaproteobacteria,Rhodobacterales,Rhodobacteraceae,WFPA01,WFPA01 sp026989275,d__Bacteria;p__Pseudomonadota;c__Alphaproteobacteria;o__Rhodobacterales;f__Rhodobacteraceae;g__WFPA01;s__WFPA01 sp026989275
M42,SevenSisters_M42_B135,8,Bacteria,Myxococcota,Polyangia,Nannocystales,Nannocystaceae,0,0,d__Bacteria;p__Myxococcota;c__Polyangia;o__Nannocystales;f__Nannocystaceae;g__;s__
M42,SevenSisters_M42_B136,6,Bacteria,Nitrospirota,Nitrospiria,Nitrospirales,UBA8639,J017,0,d__Bacteria;p__Nitrospirota;c__Nitrospiria;o__Nitrospirales;f__UBA8639;g__J017;s__
M42,SevenSisters_M42_B137,6,Bacteria,CSSED10-310,JACPHN01,JACPHN01,0,0,0,d__Bacteria;p__CSSED10-310;c__JACPHN01;o__JACPHN01;f__;g__;s__
M42,SevenSisters_M42_B138,0,Archaea,Methanobacteriota_B,Thermococci,Thermococcales,Thermococcaceae,Thermococcus,0,d__Archaea;p__Methanobacteriota_B;c__Thermococci;o__Thermococcales;f__Thermococcaceae;g__Thermococcus;s__
M42,SevenSisters_M42_B139,0,Bacteria,Patescibacteriota,Minisyncoccia,UBA9973,UBA12088,WFWH01,0,d__Bacteria;p__Patescibacteriota;c__Minisyncoccia;o__UBA9973;f__UBA12088;g__WFWH01;s__
M42,SevenSisters_M42_B14,2,Bacteria,Chloroflexota,Anaerolineae,Ardenticatenales,Ardenticatenaceae,WFWG01,0,d__Bacteria;p__Chloroflexota;c__Anaerolineae;o__Ardenticatenales;f__Ardenticatenaceae;g__WFWG01;s__
M42,SevenSisters_M42_B140,4,Bacteria,Planctomycetota,Planctomycetia,Gemmatales,0,0,0,d__Bacteria;p__Planctomycetota;c__Planctomycetia;o__Gemmatales;f__;g__;s__
M42,SevenSisters_M42_B141,0,Bacteria,Bipolaricaulota,Bipolaricaulia,RBG-16-55-9,RBG-16-55-9,S012-72,0,d__Bacteria;p__Bipolaricaulota;c__Bipolaricaulia;o__RBG-16-55-9;f__RBG-16-55-9;g__S012-72;s__
M42,SevenSisters_M42_B142,1,Bacteria,Patescibacteriota,Dojkabacteria,B142,JAFGMG01,0,0,d__Bacteria;p__Patescibacteriota;c__Dojkabacteria;o__B142;f__JAFGMG01;g__;s__
M42,SevenSisters_M42_B143,0,Bacteria,Patescibacteriota,Patescibacteriia,CAIXNZ01,JADLGS01,0,0,d__Bacteria;p__Patescibacteriota;c__Patescibacteriia;o__CAIXNZ01;f__JADLGS01;g__;s__
M42,SevenSisters_M42_B144,1,Bacteria,Pseudomonadota,Alphaproteobacteria,Sphingomonadales,Rhodothalassiaceae,J084,0,d__Bacteria;p__Pseudomonadota;c__Alphaproteobacteria;o__Sphingomonadales;f__Rhodothalassiaceae;g__J084;s__
M42,SevenSisters_M42_B145,0,Bacteria,Bacteroidota,Bacteroidia,Flavobacteriales,JAADED01,JALSPZ01,0,d__Bacteria;p__Bacteroidota;c__Bacteroidia;o__Flavobacteriales;f__JAADED01;g__JALSPZ01;s__
M42,SevenSisters_M42_B146,0,Bacteria,Omnitrophota,Koll11,Zapsychrales,JANLHA01,0,0,d__Bacteria;p__Omnitrophota;c__Koll11;o__Zapsychrales;f__JANLHA01;g__;s__
M42,SevenSisters_M42_B147,4,Bacteria,Pseudomonadota,Alphaproteobacteria,Rhodobacterales,Rhodobacteraceae,Roseovarius,0,d__Bacteria;p__Pseudomonadota;c__Alphaproteobacteria;o__Rhodobacterales;f__Rhodobacteraceae;g__Roseovarius;s__
M42,SevenSisters_M42_B148,1,Bacteria,Pseudomonadota,Gammaproteobacteria,SZUA-229,SZUA-229,S139-92,0,d__Bacteria;p__Pseudomonadota;c__Gammaproteobacteria;o__SZUA-229;f__SZUA-229;g__S139-92;s__
M42,SevenSisters_M42_B149,1,Bacteria,Pseudomonadota,Gammaproteobacteria,SZUA-140,SZUA-140,0,0,d__Bacteria;p__Pseudomonadota;c__Gammaproteobacteria;o__SZUA-140;f__SZUA-140;g__;s__
M42,SevenSisters_M42_B15,2,Bacteria,Bacteroidota,Bacteroidia,Chitinophagales,Saprospiraceae,WFYJ01,0,d__Bacteria;p__Bacteroidota;c__Bacteroidia;o__Chitinophagales;f__Saprospiraceae;g__WFYJ01;s__
M42,SevenSisters_M42_B150,3,Bacteria,Desulfobacterota_I,Desulfovibrionia,Desulfovibrionales,Desulfothermaceae,Desulfothermus,0,d__Bacteria;p__Desulfobacterota_I;c__Desulfovibrionia;o__Desulfovibrionales;f__Desulfothermaceae;g__Desulfothermus;s__
M42,SevenSisters_M42_B151,2,Bacteria,Pseudomonadota,Alphaproteobacteria,Geminicoccales,Geminicoccaceae,HRBIN40,0,d__Bacteria;p__Pseudomonadota;c__Alphaproteobacteria;o__Geminicoccales;f__Geminicoccaceae;g__HRBIN40;s__
M42,SevenSisters_M42_B152,0,Bacteria,Bacteroidota,Bacteroidia,JAADEI01,JAADEI01,0,0,d__Bacteria;p__Bacteroidota;c__Bacteroidia;o__JAADEI01;f__JAADEI01;g__;s__
M42,SevenSisters_M42_B153,0,Archaea,Aenigmatarchaeota,Aenigmatarchaeia,GW2011-AR5,WALA01,0,0,d__Archaea;p__Aenigmatarchaeota;c__Aenigmatarchaeia;o__GW2011-AR5;f__WALA01;g__;s__
M42,SevenSisters_M42_B154,2,Bacteria,Campylobacterota,Campylobacteria,Campylobacterales,Sulfurovaceae,Sulfurovum,0,d__Bacteria;p__Campylobacterota;c__Campylobacteria;o__Campylobacterales;f__Sulfurovaceae;g__Sulfurovum;s__
M42,SevenSisters_M42_B155,1,Bacteria,Chloroflexota,Anaerolineae,Caldilineales,Caldilineaceae,JALSIX01,0,d__Bacteria;p__Chloroflexota;c__Anaerolineae;o__Caldilineales;f__Caldilineaceae;g__JALSIX01;s__
M42,SevenSisters_M42_B156,0,Bacteria,Patescibacteriota,WWE3,2-01-FULL-39-13,JAACPI01,0,0,d__Bacteria;p__Patescibacteriota;c__WWE3;o__2-01-FULL-39-13;f__JAACPI01;g__;s__
M42,SevenSisters_M42_B157,0,Archaea,Nanobdellota,Nanobdellia,Woesearchaeales,WAPJ01,WAPJ01,0,d__Archaea;p__Nanobdellota;c__Nanobdellia;o__Woesearchaeales;f__WAPJ01;g__WAPJ01;s__
M42,SevenSisters_M42_B158,7,Bacteria,Pseudomonadota,Gammaproteobacteria,Methylococcales,Methylothermaceae,Methylohalobius,0,d__Bacteria;p__Pseudomonadota;c__Gammaproteobacteria;o__Methylococcales;f__Methylothermaceae;g__Methylohalobius;s__
M42,SevenSisters_M42_B159,0,Bacteria,Patescibacteriota,Minisyncoccia,UBA9973,J119,0,0,d__Bacteria;p__Patescibacteriota;c__Minisyncoccia;o__UBA9973;f__J119;g__;s__
M42,SevenSisters_M42_B16,2,Bacteria,Pseudomonadota,Zetaproteobacteria,Mariprofundales,S012-25,0,0,d__Bacteria;p__Pseudomonadota;c__Zetaproteobacteria;o__Mariprofundales;f__S012-25;g__;s__
M42,SevenSisters_M42_B17,0,Bacteria,Patescibacteriota,Andersenbacteria,UBA10190,UBA10190,0,0,d__Bacteria;p__Patescibacteriota;c__Andersenbacteria;o__UBA10190;f__UBA10190;g__;s__
M42,SevenSisters_M42_B18,1,Bacteria,Spirochaetota,Leptospiria,Leptospirales,Leptonemataceae,JAGRNA01,0,d__Bacteria;p__Spirochaetota;c__Leptospiria;o__Leptospirales;f__Leptonemataceae;g__JAGRNA01;s__
M42,SevenSisters_M42_B19,0,Bacteria,Patescibacteriota,Dojkabacteria,GCA-002793355,GCA-002793355,0,0,d__Bacteria;p__Patescibacteriota;c__Dojkabacteria;o__GCA-002793355;f__GCA-002793355;g__;s__
M42,SevenSisters_M42_B2,1,Bacteria,Chloroflexota,Anaerolineae,Promineifilales,Promineifilaceae,JAJRTP01,0,d__Bacteria;p__Chloroflexota;c__Anaerolineae;o__Promineifilales;f__Promineifilaceae;g__JAJRTP01;s__
M42,SevenSisters_M42_B20,0,Archaea,Iainarchaeota,Iainarchaeia,0-14-0-20-30-16,0-14-0-20-30-16,0,0,d__Archaea;p__Iainarchaeota;c__Iainarchaeia;o__0-14-0-20-30-16;f__0-14-0-20-30-16;g__;s__
M42,SevenSisters_M42_B21,1,Bacteria,Bacteroidota,Bacteroidia,Chitinophagales,S012-47,S012-47,0,d__Bacteria;p__Bacteroidota;c__Bacteroidia;o__Chitinophagales;f__S012-47;g__S012-47;s__
M42,SevenSisters_M42_B22,3,Bacteria,Planctomycetota,UBA1135,UBA2386,UBA2386,0,0,d__Bacteria;p__Planctomycetota;c__UBA1135;o__UBA2386;f__UBA2386;g__;s__
M42,SevenSisters_M42_B23,2,Bacteria,Pseudomonadota,Gammaproteobacteria,UWMA-0217,UWMA-0217,JALSHZ01,0,d__Bacteria;p__Pseudomonadota;c__Gammaproteobacteria;o__UWMA-0217;f__UWMA-0217;g__JALSHZ01;s__
M42,SevenSisters_M42_B24,3,Bacteria,Pseudomonadota,Alphaproteobacteria,JAAXGF01,JAAXGF01,0,0,d__Bacteria;p__Pseudomonadota;c__Alphaproteobacteria;o__JAAXGF01;f__JAAXGF01;g__;s__
M42,SevenSisters_M42_B25,2,Bacteria,Campylobacterota,Campylobacteria,Campylobacterales,Nitratiruptoraceae,Nitratiruptor,0,d__Bacteria;p__Campylobacterota;c__Campylobacteria;o__Campylobacterales;f__Nitratiruptoraceae;g__Nitratiruptor;s__
M42,SevenSisters_M42_B26,0,Bacteria,Bacteroidota,Bacteroidia,Flavobacteriales,Flavobacteriaceae,CAJQLB01,0,d__Bacteria;p__Bacteroidota;c__Bacteroidia;o__Flavobacteriales;f__Flavobacteriaceae;g__CAJQLB01;s__
M42,SevenSisters_M42_B27,5,Bacteria,Pseudomonadota,Gammaproteobacteria,JADZEE01,JADZEE01,0,0,d__Bacteria;p__Pseudomonadota;c__Gammaproteobacteria;o__JADZEE01;f__JADZEE01;g__;s__
M42,SevenSisters_M42_B28,2,Bacteria,Pseudomonadota,Gammaproteobacteria,Methylococcales,Methylothermaceae,0,0,d__Bacteria;p__Pseudomonadota;c__Gammaproteobacteria;o__Methylococcales;f__Methylothermaceae;g__;s__
M42,SevenSisters_M42_B29,4,Bacteria,Pseudomonadota,Gammaproteobacteria,GCA-001735895,GCA-001735895,JACNJF01,0,d__Bacteria;p__Pseudomonadota;c__Gammaproteobacteria;o__GCA-001735895;f__GCA-001735895;g__JACNJF01;s__
M42,SevenSisters_M42_B3,2,Bacteria,Bacteroidota,Bacteroidia,Chitinophagales,Saprospiraceae,UBA6168,0,d__Bacteria;p__Bacteroidota;c__Bacteroidia;o__Chitinophagales;f__Saprospiraceae;g__UBA6168;s__
M42,SevenSisters_M42_B30,1,Bacteria,Pseudomonadota,Alphaproteobacteria,G023898725,0,0,0,d__Bacteria;p__Pseudomonadota;c__Alphaproteobacteria;o__G023898725;f__;g__;s__
M42,SevenSisters_M42_B31,5,Bacteria,Chloroflexota,Anaerolineae,J102,J102,JAADII01,0,d__Bacteria;p__Chloroflexota;c__Anaerolineae;o__J102;f__J102;g__JAADII01;s__
M42,SevenSisters_M42_B32,0,Bacteria,Bacteroidota,Bacteroidia,Flavobacteriales,Flavobacteriaceae,S010-17,0,d__Bacteria;p__Bacteroidota;c__Bacteroidia;o__Flavobacteriales;f__Flavobacteriaceae;g__S010-17;s__
M42,SevenSisters_M42_B33,7,Bacteria,Bacteroidota_A,Rhodothermia,Rhodothermales,ISCAR-4553,Rhodocaloribacter,Rhodocaloribacter sp026984335,d__Bacteria;p__Bacteroidota_A;c__Rhodothermia;o__Rhodothermales;f__ISCAR-4553;g__Rhodocaloribacter;s__Rhodocaloribacter sp026984335
M42,SevenSisters_M42_B34,4,Bacteria,Chloroflexota,Anaerolineae,Caldilineales,Caldilineaceae,S144-5,0,d__Bacteria;p__Chloroflexota;c__Anaerolineae;o__Caldilineales;f__Caldilineaceae;g__S144-5;s__
M42,SevenSisters_M42_B35,2,Bacteria,Aquificota,Aquificia,Aquificales,Hydrogenothermaceae,Hydrogenothermus,0,d__Bacteria;p__Aquificota;c__Aquificia;o__Aquificales;f__Hydrogenothermaceae;g__Hydrogenothermus;s__
M42,SevenSisters_M42_B36,2,Bacteria,Hinthialibacterota,Hinthialibacteria,OLB16,OLB16,0,0,d__Bacteria;p__Hinthialibacterota;c__Hinthialibacteria;o__OLB16;f__OLB16;g__;s__
M42,SevenSisters_M42_B37,0,Bacteria,Chloroflexota,Anaerolineae,JAADDB01,JAADDB01,0,0,d__Bacteria;p__Chloroflexota;c__Anaerolineae;o__JAADDB01;f__JAADDB01;g__;s__
M42,SevenSisters_M42_B38,2,Bacteria,Pseudomonadota,Gammaproteobacteria,Methylococcales,Methylomonadaceae,Methylomarinum,0,d__Bacteria;p__Pseudomonadota;c__Gammaproteobacteria;o__Methylococcales;f__Methylomonadaceae;g__Methylomarinum;s__
M42,SevenSisters_M42_B39,0,Bacteria,Patescibacteriota,Microgenomatia,JAADGY01,JAADGY01,JAADGY01,0,d__Bacteria;p__Patescibacteriota;c__Microgenomatia;o__JAADGY01;f__JAADGY01;g__JAADGY01;s__
M42,SevenSisters_M42_B4,4,Bacteria,Myxococcota,UBA796,UBA796,GCA-2862545,0,0,d__Bacteria;p__Myxococcota;c__UBA796;o__UBA796;f__GCA-2862545;g__;s__
M42,SevenSisters_M42_B40,3,Bacteria,Myxococcota,UBA9042,JABWCM01,0,0,0,d__Bacteria;p__Myxococcota;c__UBA9042;o__JABWCM01;f__;g__;s__
M42,SevenSisters_M42_B41,4,Bacteria,Pseudomonadota,Alphaproteobacteria,Rhodobacterales,Rhodobacteraceae,JASMHC01,0,d__Bacteria;p__Pseudomonadota;c__Alphaproteobacteria;o__Rhodobacterales;f__Rhodobacteraceae;g__JASMHC01;s__
M42,SevenSisters_M42_B42,2,Bacteria,Pseudomonadota,Gammaproteobacteria,J048,J048,0,0,d__Bacteria;p__Pseudomonadota;c__Gammaproteobacteria;o__J048;f__J048;g__;s__
M42,SevenSisters_M42_B43,4,Bacteria,Pseudomonadota,Gammaproteobacteria,Nitrosococcales,Methylophagaceae,GCA-002733105,0,d__Bacteria;p__Pseudomonadota;c__Gammaproteobacteria;o__Nitrosococcales;f__Methylophagaceae;g__GCA-002733105;s__
M42,SevenSisters_M42_B44,3,Bacteria,Aquificota,Aquificia,Aquificales,Hydrogenothermaceae,JAADDZ01,0,d__Bacteria;p__Aquificota;c__Aquificia;o__Aquificales;f__Hydrogenothermaceae;g__JAADDZ01;s__
M42,SevenSisters_M42_B45,1,Bacteria,Chloroflexota,Anaerolineae,Anaerolineales,DRMV01,DRMV01,0,d__Bacteria;p__Chloroflexota;c__Anaerolineae;o__Anaerolineales;f__DRMV01;g__DRMV01;s__
M42,SevenSisters_M42_B46,3,Bacteria,Acidobacteriota,Thermoanaerobaculia,Thermoanaerobaculales,Sulfomarinibacteraceae,0,0,d__Bacteria;p__Acidobacteriota;c__Thermoanaerobaculia;o__Thermoanaerobaculales;f__Sulfomarinibacteraceae;g__;s__
M42,SevenSisters_M42_B47,0,Bacteria,Bacteroidota,Bacteroidia,Flavobacteriales,Vicingaceae,UBA852,0,d__Bacteria;p__Bacteroidota;c__Bacteroidia;o__Flavobacteriales;f__Vicingaceae;g__UBA852;s__
M42,SevenSisters_M42_B48,0,Bacteria,Pseudomonadota,Alphaproteobacteria,Rhizobiales,Aestuariivirgaceae,Thermopetrobacter,0,d__Bacteria;p__Pseudomonadota;c__Alphaproteobacteria;o__Rhizobiales;f__Aestuariivirgaceae;g__Thermopetrobacter;s__
M42,SevenSisters_M42_B49,5,Bacteria,Planctomycetota,Planctomycetia,Pirellulales,Pirellulaceae,0,0,d__Bacteria;p__Planctomycetota;c__Planctomycetia;o__Pirellulales;f__Pirellulaceae;g__;s__
M42,SevenSisters_M42_B5,2,Bacteria,Aquificota,Aquificia,Aquificales,Aquificaceae,Aquifex,0,d__Bacteria;p__Aquificota;c__Aquificia;o__Aquificales;f__Aquificaceae;g__Aquifex;s__
M42,SevenSisters_M42_B50,2,Bacteria,Bacteroidota_A,Rhodothermia,0,0,0,0,d__Bacteria;p__Bacteroidota_A;c__Rhodothermia;o__;f__;g__;s__
M42,SevenSisters_M42_B51,7,Bacteria,WOR-3,Hydrothermia,LBFQ01,LBFQ01,JAADCS01,0,d__Bacteria;p__WOR-3;c__Hydrothermia;o__LBFQ01;f__LBFQ01;g__JAADCS01;s__
M42,SevenSisters_M42_B52,5,Bacteria,Pseudomonadota,Gammaproteobacteria,HK1,HK1,0,0,d__Bacteria;p__Pseudomonadota;c__Gammaproteobacteria;o__HK1;f__HK1;g__;s__
M42,SevenSisters_M42_B53,6,Bacteria,Bacteroidota,Bacteroidia,UBA10329,UBA10329,UBA10329,0,d__Bacteria;p__Bacteroidota;c__Bacteroidia;o__UBA10329;f__UBA10329;g__UBA10329;s__
M42,SevenSisters_M42_B54,1,Bacteria,Planctomycetota,Phycisphaerae,Phycisphaerales,UBA1924,S146-42,0,d__Bacteria;p__Planctomycetota;c__Phycisphaerae;o__Phycisphaerales;f__UBA1924;g__S146-42;s__
M42,SevenSisters_M42_B55,5,Bacteria,Pseudomonadota,Gammaproteobacteria,JAJDOJ01,JAJDOJ01,JALVEU01,0,d__Bacteria;p__Pseudomonadota;c__Gammaproteobacteria;o__JAJDOJ01;f__JAJDOJ01;g__JALVEU01;s__
M42,SevenSisters_M42_B56,0,Bacteria,Patescibacteriota,Minisyncoccia,UBA9973,UBA6899,0,0,d__Bacteria;p__Patescibacteriota;c__Minisyncoccia;o__UBA9973;f__UBA6899;g__;s__
M42,SevenSisters_M42_B57,1,Bacteria,Bacteroidota,Bacteroidia,SpSt-205,0,0,0,d__Bacteria;p__Bacteroidota;c__Bacteroidia;o__SpSt-205;f__;g__;s__
M42,SevenSisters_M42_B58,2,Bacteria,Planctomycetota,UBA1135,UBA2386,GCA-002748355,0,0,d__Bacteria;p__Planctomycetota;c__UBA1135;o__UBA2386;f__GCA-002748355;g__;s__
M42,SevenSisters_M42_B59,0,Bacteria,Bacteroidota,Bacteroidia,JAADEI01,JAADEI01,JAADEI01,0,d__Bacteria;p__Bacteroidota;c__Bacteroidia;o__JAADEI01;f__JAADEI01;g__JAADEI01;s__
M42,SevenSisters_M42_B6,3,Bacteria,Bacteroidota_A,Rhodothermia,Rhodothermales,Rhodothermaceae,Rhodothermus,0,d__Bacteria;p__Bacteroidota_A;c__Rhodothermia;o__Rhodothermales;f__Rhodothermaceae;g__Rhodothermus;s__
M42,SevenSisters_M42_B60,1,Bacteria,Pseudomonadota,Gammaproteobacteria,Pseudomonadales,Azotimanducaceae,0,0,d__Bacteria;p__Pseudomonadota;c__Gammaproteobacteria;o__Pseudomonadales;f__Azotimanducaceae;g__;s__
M42,SevenSisters_M42_B61,0,Bacteria,Chloroflexota,Anaerolineae,Anaerolineales,DRMV01,JAADEN01,0,d__Bacteria;p__Chloroflexota;c__Anaerolineae;o__Anaerolineales;f__DRMV01;g__JAADEN01;s__
M42,SevenSisters_M42_B62,0,Bacteria,Patescibacteriota,Minisyncoccia,UBA9973,UBA1539,0,0,d__Bacteria;p__Patescibacteriota;c__Minisyncoccia;o__UBA9973;f__UBA1539;g__;s__
M42,SevenSisters_M42_B63,4,Bacteria,Calditrichota,Calditrichia,Calditrichales,Calditrichaceae,Caldithrix,0,d__Bacteria;p__Calditrichota;c__Calditrichia;o__Calditrichales;f__Calditrichaceae;g__Caldithrix;s__
M42,SevenSisters_M42_B64,0,Bacteria,Patescibacteriota,Minisyncoccia,UBA9973,UBA918,OLB19,0,d__Bacteria;p__Patescibacteriota;c__Minisyncoccia;o__UBA9973;f__UBA918;g__OLB19;s__
M42,SevenSisters_M42_B65,4,Bacteria,Pseudomonadota,Gammaproteobacteria,SZUA-229,SZUA-229,S010-25,0,d__Bacteria;p__Pseudomonadota;c__Gammaproteobacteria;o__SZUA-229;f__SZUA-229;g__S010-25;s__
M42,SevenSisters_M42_B66,0,Archaea,Micrarchaeota,Micrarchaeia,Anstonellales,J096,WAKO01,0,d__Archaea;p__Micrarchaeota;c__Micrarchaeia;o__Anstonellales;f__J096;g__WAKO01;s__
M42,SevenSisters_M42_B67,3,Bacteria,Planctomycetota,Planctomycetia,Pirellulales,Pirellulaceae,Mariniblastus,0,d__Bacteria;p__Planctomycetota;c__Planctomycetia;o__Pirellulales;f__Pirellulaceae;g__Mariniblastus;s__
M42,SevenSisters_M42_B68,5,Bacteria,Planctomycetota,Planctomycetia,Pirellulales,Pirellulaceae,S141-3,S141-3 sp026989685,d__Bacteria;p__Planctomycetota;c__Planctomycetia;o__Pirellulales;f__Pirellulaceae;g__S141-3;s__S141-3 sp026989685
M42,SevenSisters_M42_B69,1,Bacteria,Bacteroidota,Bacteroidia,Flavobacteriales,NORP312,0,0,d__Bacteria;p__Bacteroidota;c__Bacteroidia;o__Flavobacteriales;f__NORP312;g__;s__
M42,SevenSisters_M42_B7,7,Bacteria,Myxococcota,Polyangia,Nannocystales,Nannocystaceae,J032,J032 sp003696955,d__Bacteria;p__Myxococcota;c__Polyangia;o__Nannocystales;f__Nannocystaceae;g__J032;s__J032 sp003696955
M42,SevenSisters_M42_B70,0,Bacteria,Campylobacterota,Campylobacteria,Campylobacterales,JALSKU01,JALSKU01,0,d__Bacteria;p__Campylobacterota;c__Campylobacteria;o__Campylobacterales;f__JALSKU01;g__JALSKU01;s__
M42,SevenSisters_M42_B71,1,Bacteria,J088,J088,J088,0,0,0,d__Bacteria;p__J088;c__J088;o__J088;f__;g__;s__
M42,SevenSisters_M42_B72,3,Bacteria,Poribacteria,WGA-4E,GCA-2687025,GCA-2687025,BPJZ01,0,d__Bacteria;p__Poribacteria;c__WGA-4E;o__GCA-2687025;f__GCA-2687025;g__BPJZ01;s__
M42,SevenSisters_M42_B73,7,Bacteria,Myxococcota,Polyangia,Polyangiales,SG8-38,JALVDI01,0,d__Bacteria;p__Myxococcota;c__Polyangia;o__Polyangiales;f__SG8-38;g__JALVDI01;s__
M42,SevenSisters_M42_B74,1,Bacteria,Planctomycetota,Phycisphaerae,Phycisphaerales,UBA1924,JAUIES01,0,d__Bacteria;p__Planctomycetota;c__Phycisphaerae;o__Phycisphaerales;f__UBA1924;g__JAUIES01;s__
M42,SevenSisters_M42_B75,1,Bacteria,Planctomycetota,UBA1135,UBA1135,UBA1135,JALUVI01,0,d__Bacteria;p__Planctomycetota;c__UBA1135;o__UBA1135;f__UBA1135;g__JALUVI01;s__
M42,SevenSisters_M42_B76,3,Archaea,Thermoproteota,Nitrososphaeria,Nitrososphaerales,Nitrosocaldaceae,Nitrosothermus,0,d__Archaea;p__Thermoproteota;c__Nitrososphaeria;o__Nitrososphaerales;f__Nitrosocaldaceae;g__Nitrosothermus;s__
M42,SevenSisters_M42_B77,5,Bacteria,Pseudomonadota,Gammaproteobacteria,J113,J113,J113,0,d__Bacteria;p__Pseudomonadota;c__Gammaproteobacteria;o__J113;f__J113;g__J113;s__
M42,SevenSisters_M42_B78,0,Bacteria,Pseudomonadota,Alphaproteobacteria,Rhodobacterales,Rhodobacteraceae,Meinhardsimonia,0,d__Bacteria;p__Pseudomonadota;c__Alphaproteobacteria;o__Rhodobacterales;f__Rhodobacteraceae;g__Meinhardsimonia;s__
M42,SevenSisters_M42_B79,2,Bacteria,J088,J088,J088,J088,J088,0,d__Bacteria;p__J088;c__J088;o__J088;f__J088;g__J088;s__
M42,SevenSisters_M42_B8,2,Bacteria,Aquificota,Aquificia,Aquificales,Aquificaceae,Hydrogenivirga,0,d__Bacteria;p__Aquificota;c__Aquificia;o__Aquificales;f__Aquificaceae;g__Hydrogenivirga;s__
M42,SevenSisters_M42_B80,2,Bacteria,Bacteroidota,Bacteroidia,Bacteroidales,S143-33,S143-33,0,d__Bacteria;p__Bacteroidota;c__Bacteroidia;o__Bacteroidales;f__S143-33;g__S143-33;s__
M42,SevenSisters_M42_B81,1,Bacteria,Pseudomonadota,Alphaproteobacteria,Geminicoccales,Geminicoccaceae,JALSRW01,0,d__Bacteria;p__Pseudomonadota;c__Alphaproteobacteria;o__Geminicoccales;f__Geminicoccaceae;g__JALSRW01;s__
M42,SevenSisters_M42_B82,2,Bacteria,Zhuqueibacterota,Zhuqueibacteria,Zhuqueibacterales,Geothermadaptataceae,Hydrothermovivens,0,d__Bacteria;p__Zhuqueibacterota;c__Zhuqueibacteria;o__Zhuqueibacterales;f__Geothermadaptataceae;g__Hydrothermovivens;s__
M42,SevenSisters_M42_B83,6,Bacteria,Calditrichota,Calditrichia,RBG-13-44-9,J042,WGBF01,0,d__Bacteria;p__Calditrichota;c__Calditrichia;o__RBG-13-44-9;f__J042;g__WGBF01;s__
M42,SevenSisters_M42_B85,2,Bacteria,Chloroflexota,Anaerolineae,Anaerolineales,DRKV01,DRKV01,0,d__Bacteria;p__Chloroflexota;c__Anaerolineae;o__Anaerolineales;f__DRKV01;g__DRKV01;s__
M42,SevenSisters_M42_B86,1,Bacteria,Bacteroidota,Bacteroidia,Chitinophagales,SW-11-45-7,0,0,d__Bacteria;p__Bacteroidota;c__Bacteroidia;o__Chitinophagales;f__SW-11-45-7;g__;s__
M42,SevenSisters_M42_B87,2,Bacteria,Aquificota,Aquificia,Aquificales,Hydrogenothermaceae,Hydrogenothermus,0,d__Bacteria;p__Aquificota;c__Aquificia;o__Aquificales;f__Hydrogenothermaceae;g__Hydrogenothermus;s__
M42,SevenSisters_M42_B88,1,Bacteria,Aquificota,Aquificia,Aquificales,Hydrogenothermaceae,QNZC01,0,d__Bacteria;p__Aquificota;c__Aquificia;o__Aquificales;f__Hydrogenothermaceae;g__QNZC01;s__
M42,SevenSisters_M42_B89,2,Bacteria,Myxococcota,UBA9042,JABWCM01,0,0,0,d__Bacteria;p__Myxococcota;c__UBA9042;o__JABWCM01;f__;g__;s__
M42,SevenSisters_M42_B9,3,Bacteria,Planctomycetota,Planctomycetia,JALXBF01,JALXBF01,JALSID01,0,d__Bacteria;p__Planctomycetota;c__Planctomycetia;o__JALXBF01;f__JALXBF01;g__JALSID01;s__
M42,SevenSisters_M42_B90,1,Bacteria,Planctomycetota,Phycisphaerae,UBA1845,Fen-1342,JAUIEC01,0,d__Bacteria;p__Planctomycetota;c__Phycisphaerae;o__UBA1845;f__Fen-1342;g__JAUIEC01;s__
M42,SevenSisters_M42_B91,0,Bacteria,WOR-3,Hydrothermia,S141-80,S141-80,S141-80,0,d__Bacteria;p__WOR-3;c__Hydrothermia;o__S141-80;f__S141-80;g__S141-80;s__
M42,SevenSisters_M42_B92,2,Bacteria,Calditrichota,Calditrichia,RBG-13-44-9,J075,0,0,d__Bacteria;p__Calditrichota;c__Calditrichia;o__RBG-13-44-9;f__J075;g__;s__
M42,SevenSisters_M42_B93,0,Bacteria,Patescibacteriota,Minisyncoccia,Moranbacterales,GCA-2747515,0,0,d__Bacteria;p__Patescibacteriota;c__Minisyncoccia;o__Moranbacterales;f__GCA-2747515;g__;s__
M42,SevenSisters_M42_B94,0,Archaea,Micrarchaeota,Micrarchaeia,Anstonellales,J096,JAADEL01,0,d__Archaea;p__Micrarchaeota;c__Micrarchaeia;o__Anstonellales;f__J096;g__JAADEL01;s__
M42,SevenSisters_M42_B95,0,Bacteria,Planctomycetota,Phycisphaerae,Phycisphaerales,UBA1924,GCA-2732755,0,d__Bacteria;p__Planctomycetota;c__Phycisphaerae;o__Phycisphaerales;f__UBA1924;g__GCA-2732755;s__
M42,SevenSisters_M42_B96,0,Bacteria,Patescibacteriota,Patescibacteriia,S139-126,S139-126,S139-126,0,d__Bacteria;p__Patescibacteriota;c__Patescibacteriia;o__S139-126;f__S139-126;g__S139-126;s__
M42,SevenSisters_M42_B97,4,Bacteria,Planctomycetota,B15-G4,B15-G4,JADJEK01,JAUIEL01,0,d__Bacteria;p__Planctomycetota;c__B15-G4;o__B15-G4;f__JADJEK01;g__JAUIEL01;s__
M42,SevenSisters_M42_B98,0,Archaea,Micrarchaeota,Micrarchaeia,Anstonellales,Bilamarchaeaceae,0,0,d__Archaea;p__Micrarchaeota;c__Micrarchaeia;o__Anstonellales;f__Bilamarchaeaceae;g__;s__
M42,SevenSisters_M42_B99,1,Bacteria,Myxococcota_A,UBA9160,UBA9160,JALSIO01,JALSIO01,0,d__Bacteria;p__Myxococcota_A;c__UBA9160;o__UBA9160;f__JALSIO01;g__JALSIO01;s__