AMP_ID,A. baumannii ATCC 19606,E. coli ATCC 11775,E. coli AIC221,E. coli AIC222,K. pneumoniae ATCC 13883,P. aeruginosa PA01,P. aeruginosa PA14,S. aureus ATCC 12600,S. aureus (ATCC BAA-1556) - MRSA,vancomycin-resistant E. faecalis ATCC 700802,vancomycin-resistant E. faecium ATCC 700221
NFBENEIL_20_17,13.962044,165.31807,33.07818,30.995983,247.58658,88.82717,88.90087,238.57176,319.911,502.83417,14.311645
GIKLDKJA_20_31,10.035016,168.31636,31.342964,82.9517,208.05652,139.09285,142.90836,335.31442,361.43896,361.84714,18.688904
AHMCFDPC_66_33,32.65514,131.3321,49.170456,140.26523,254.10277,116.505875,119.136086,203.61272,223.53728,324.58667,22.415182
OLKFNNDA_52_10,20.906595,231.6982,93.58303,100.03183,340.64148,216.49446,269.24478,306.5367,475.7624,437.7354,26.61901
GOPPLFKP_11_22,22.099201,46.795395,28.43274,65.23674,83.57971,49.734913,46.035286,140.55603,193.68872,329.88275,26.884388
ILHAPEDD_65_25,22.685375,123.02813,44.27505,40.960037,138.07327,65.83328,49.020576,149.13864,253.5497,315.90527,28.722654
KKNDCODD_182_1,10.516907,86.82616,20.549942,15.991233,102.58259,39.714317,38.99607,105.84885,148.65067,332.85123,29.76811
GLCJNICL_37_47,20.092817,90.741974,56.067787,80.13881,166.90814,112.44114,112.93717,240.52582,264.67126,343.58234,29.768852
OPFOICGM_149_6,9.656619,100.77165,24.354631,38.397415,384.8766,292.4757,264.84406,329.43344,437.79745,417.81772,30.168098
NGKECJEJ_124_2,23.286436,163.00003,63.148685,73.700294,238.06546,92.69803,116.56702,217.89938,244.68019,345.188,31.913614
HDIEMOMA_39_1,25.035137,168.9147,43.235996,72.31491,276.85342,114.52254,81.5684,265.9231,267.42224,386.64017,33.8979
PEAOFJAB_26_3,32.438313,122.77955,69.70497,57.98391,138.7428,80.47315,70.15144,143.93234,296.666,315.00446,34.270485
KOFGBFOK_149_7,34.23098,201.52261,89.09541,92.17355,319.2027,249.10916,186.52133,196.40695,327.356,305.31454,39.94043
KDFDCCFH_115_6,34.23098,201.52261,89.09541,92.17355,319.2027,249.10916,186.52133,196.40695,327.356,305.31454,39.94043
OICIJIOO_47_7,34.23098,201.52261,89.09541,92.17355,319.2027,249.10916,186.52133,196.40695,327.356,305.31454,39.94043
APLIPKFB_46_4,40.585903,134.51186,47.77691,90.46026,224.57593,160.10268,171.41621,280.1054,344.3224,355.00797,41.822163
MGMOCMNP_104_4,19.295654,111.57559,93.66402,81.08619,182.90024,70.420784,100.41836,230.01617,315.7281,308.34262,42.607758
LKBPNCKB_1_3,33.260998,404.66483,112.40379,108.84894,377.7017,188.08215,154.92444,355.26105,435.6697,465.9592,43.341187
LCOEDOOA_200_3,31.801638,130.65442,63.415947,55.230473,174.75778,119.109406,153.22093,214.56133,286.43994,336.87076,45.577774
MPGNNOLM_149_4,15.328606,133.59848,41.7069,37.413494,205.68927,95.04756,157.63443,267.02322,450.00006,391.11975,48.779648
JDINJJPO_75_3,61.958565,124.62308,63.348457,67.06923,225.38744,142.96179,187.22595,231.7844,259.49686,402.45123,50.71296
NKNCIDFI_359_5,13.372323,165.6737,105.40807,81.83366,239.89828,127.28182,85.4641,282.59326,342.8738,370.34598,51.500816
JBOAIABN_38_23,33.480625,129.80849,36.11083,45.917088,277.0541,77.38255,195.01207,369.4982,352.11752,432.11517,52.871555
CENODMGI_6_4,37.536434,141.68289,34.928364,63.655838,206.09253,95.64615,105.461136,205.1484,238.22478,351.00543,53.330326
JGCHBLFO_307_4,16.023905,141.14537,55.716637,66.67664,234.3887,123.127975,189.80446,343.1028,305.86154,500.5989,53.781506
GKAAFCEO_49_3,69.41796,183.15111,52.171642,91.5915,343.25693,147.39757,186.98532,374.2122,410.04425,528.7503,54.560783
FFGAEJMC_38_38,30.346918,130.91762,71.54945,81.51056,157.25989,141.68523,104.61655,228.63603,314.04565,298.904,54.90465
PDGCENIA_58_1,49.63585,82.8342,69.94114,82.587715,153.44415,90.827126,68.91118,175.11298,284.71536,290.54034,56.064796
GOFKCKIN_26_9,37.547474,148.78465,61.392303,231.70749,361.30087,186.46507,185.374,321.29355,370.77292,434.85562,60.390827
OEJDFIBC_143_1,36.748547,140.26805,145.72467,106.85033,190.47363,138.97809,113.18406,193.3366,253.58112,347.07996,63.3745
PCIALCMD_135_7,39.654694,149.66307,122.85832,124.90446,293.78555,190.51599,217.86783,202.25194,317.67917,407.92838,63.453995
MFEMIGBH_29_13,60.646915,142.52036,93.17673,112.02273,176.43015,122.79486,105.76,185.19098,275.41336,304.1547,63.787834
LEDLLEGN_1_33,78.273415,183.7346,125.01265,107.64459,252.13715,171.48917,200.84357,273.96646,303.61053,406.48325,63.807888
AODPIKDL_62_9,46.54417,200.86392,83.40595,99.58533,407.1671,194.95056,233.03525,426.0358,411.65912,493.69067,64.011406
GNKANFNI_31_10,65.88754,161.65958,106.99908,107.44231,228.34935,167.98044,147.13687,125.46344,214.70755,287.08493,65.08715
PDMGNGAF_293_4,65.88754,161.65958,106.99908,107.44231,228.34935,167.98044,147.13687,125.46344,214.70755,287.08493,65.08715
DCCNGCIG_21_2,22.278019,72.307236,74.091965,114.897766,178.8169,120.62094,121.658714,149.4303,231.78085,302.41586,65.939705
NDFDGGDH_114_39,52.218544,172.22119,74.14962,116.64314,231.07767,147.40552,191.88135,214.7833,244.32576,294.2693,66.040016
BECGIJIG_3_2,19.867136,249.85162,79.07342,130.96991,389.81058,192.37943,183.94403,344.53976,425.9253,453.32574,66.7421
BLIMOGOC_130_30,61.060017,220.24275,130.07591,103.5771,310.4179,222.44237,209.93413,317.87653,368.40088,466.71533,68.275986
CFBHPGFJ_48_6,61.060017,220.24275,130.07591,103.5771,310.4179,222.44237,209.93413,317.87653,368.40088,466.71533,68.275986
LGFNCOND_193_43,47.905033,97.69505,74.24509,101.6365,178.15112,137.5674,90.032394,225.36009,281.7322,294.0119,68.40755
LPLOOJEN_28_17,32.57377,169.30638,94.225914,89.67079,204.78008,148.80164,119.232185,161.00008,272.00345,321.56583,68.45852
LKBPNCKB_239_9,45.765575,185.09506,122.65894,124.03902,200.42029,182.70262,148.43869,220.84676,302.5025,301.81927,71.52237
ABBBLBMD_46_1,45.765575,185.09506,122.65894,124.03902,200.42029,182.70262,148.43869,220.84676,302.5025,301.81927,71.52237
LKACKFMG_27_38,45.765575,185.09506,122.65894,124.03902,200.42029,182.70262,148.43869,220.84676,302.5025,301.81927,71.52237
GGJMJOFG_53_9,45.765575,185.09506,122.65894,124.03902,200.42029,182.70262,148.43869,220.84676,302.5025,301.81927,71.52237
PJIGDKCP_8_146,67.82335,133.0659,90.61384,152.33128,208.0959,160.74832,144.23183,221.65517,265.88196,362.74365,72.274956
IPAJDFGG_237_4,35.6468,190.32507,56.602352,143.2915,345.31833,223.10748,247.51904,326.37854,335.96967,388.942,72.36574
LMPFGBPF_123_55,50.70553,81.68143,96.25402,149.28725,216.5472,204.26587,157.02061,246.30484,441.20248,385.38965,72.789085
MDJGNOFL_123_2,27.194084,230.49684,126.74877,153.11438,276.3522,221.95825,241.22798,276.22485,348.81924,424.92722,73.03687
CPPAPOMF_206_1,45.890728,123.25811,79.35733,92.440125,228.34187,149.4423,114.233696,204.16176,300.7477,389.14853,74.396996
GMOEOBNB_207_20,42.275887,183.79747,82.133194,118.435646,256.85104,142.68073,139.75179,279.0691,415.7108,472.51697,75.68722
AMFJPKLD_101_11,42.275887,183.79747,82.133194,118.435646,256.85104,142.68073,139.75179,279.0691,415.7108,472.51697,75.68722
CGJFFKOE_1_100,69.44336,231.56569,70.51863,176.23506,299.85074,170.45328,233.0236,447.531,471.34488,496.48123,77.02172
CGJFFKOE_1_96,69.44336,231.56569,70.51863,176.23506,299.85074,170.45328,233.0236,447.531,471.34488,496.48123,77.02172
AODPIKDL_77_68,16.896051,57.417313,21.390846,32.704597,167.5487,83.0823,98.66093,179.51793,268.31125,417.21063,77.14068
DNAEBAJA_20_4,55.802334,181.46295,120.89553,161.2453,256.67563,214.12833,237.8477,349.6978,377.7389,317.12314,78.04051
KNGHPBFF_542_2,40.49506,203.87169,131.83458,114.828674,251.908,206.00772,194.42943,228.03798,266.3291,402.67514,79.05405
EFMPONMI_129_1,30.951479,175.39658,175.40596,122.37296,226.26877,168.62364,192.80875,257.1789,410.97845,446.63644,80.46453
GACEDKPE_90_27,46.697857,96.82494,96.88634,120.176025,167.31543,136.50935,127.245224,174.61453,274.2037,318.93323,80.71141
HCGIIHJE_43_1,51.29129,163.26044,123.68006,130.30098,203.00153,168.14943,165.42908,204.77254,322.17505,338.54504,83.23487
ICAEBNNE_34_11,70.14751,185.9303,136.47144,123.11261,210.78798,154.78903,136.30974,284.43616,320.43115,322.69144,85.49118
HOAEJAAF_51_36,27.784693,114.28364,78.50614,129.98877,218.03914,119.767746,127.15644,197.1032,230.06502,243.76854,87.45645
DPBJAADB_4_10,99.78475,162.48431,84.500946,150.23676,350.77557,240.38092,271.40387,350.67868,405.3082,455.48453,87.725426
DHLFLHGA_671_3,31.338099,267.45496,131.19954,141.59346,229.95361,210.86809,159.37462,258.70242,341.07697,375.0064,88.663635
CCGMBFFG_425_1,45.63237,183.83148,133.24797,98.75244,191.34833,123.93295,94.98007,193.9543,291.6532,324.48428,89.2767
ENFPJDJP_481_3,63.070198,127.23332,107.3765,201.38669,166.12709,157.85384,156.38417,183.43033,156.44315,329.572,89.84513
LPLOOJEN_13_90,28.646801,126.45854,138.60362,94.96715,225.13713,176.323,150.43706,163.0118,203.67378,354.37146,91.236725
NLCMHHHC_308_9,148.9046,263.67557,204.2091,198.55438,281.65717,228.9047,224.08751,246.71799,377.3356,307.33054,92.521065
MNIOLPGK_2_21,52.667824,181.19063,100.03049,171.6153,240.88257,175.36267,172.50046,248.1302,302.4186,323.87994,93.32331
NKNCIDFI_685_6,114.489746,250.581,185.3194,200.50789,369.2931,302.8669,264.52383,388.56223,369.57855,429.4323,94.15965
DGIHFKDF_507_5,117.56506,452.75394,299.73154,489.1524,423.14685,379.6565,462.36075,444.5639,502.69122,447.51062,94.44216
KOPDDENJ_8_102,151.40517,353.44315,246.59575,442.82562,468.70782,492.01102,449.80606,360.98264,445.67792,368.90613,94.74268
NNENBOCK_130_46,81.9815,204.61966,95.4579,142.2769,277.0801,175.73842,180.80255,283.41678,368.72095,339.9255,96.16829
DFLBIPPG_42_16,130.6028,332.56366,166.80463,283.09473,369.17682,311.62762,328.91205,301.32028,382.31082,306.05246,97.31026
KKPGHLON_127_1,85.52272,289.04938,185.7571,280.03357,420.81583,324.57285,303.7409,402.13882,454.06934,492.48447,98.190475
HGFDKNKO_69_9,89.91348,311.22473,244.81883,187.25383,340.76492,328.24942,292.45883,378.6914,392.05322,369.9761,99.03226
NGIDNPEH_9_18,17.947962,128.40965,79.46967,165.62863,212.20691,171.5809,189.40512,224.1853,321.20288,341.48,100.28476
LHGKDENN_132_5,68.87574,145.70343,139.71236,160.46089,235.96909,175.16707,212.61996,251.83907,378.72058,370.6857,100.5439
KCLEFMIG_18_18,21.613983,119.51232,73.870514,140.63905,201.80864,158.94568,159.87251,213.28006,321.68298,342.24277,102.48144
CBENGHKH_64_1,135.37071,283.25116,230.79738,359.50293,402.75122,366.1966,363.34088,291.4485,334.43,432.31543,103.14371
NMEKPIAN_575_1,102.73109,230.3576,129.5502,185.89253,261.52414,187.00696,163.33708,228.95012,327.83658,352.48178,103.49617
LAJLOBNE_91_2,134.23688,319.06122,172.43515,201.38727,386.217,237.25471,229.24161,386.71487,424.00125,473.42728,106.82782
ICCICIKL_53_118,70.654854,218.1847,131.90329,166.69754,307.5291,210.53224,195.46962,302.40454,320.95084,441.39825,107.05147
GEAAAAEN_350_15,50.84823,114.07849,72.84601,163.00555,304.61804,216.70558,252.8553,298.9746,343.68277,388.24228,108.45685
EIKHOBMN_30_1,99.043335,164.0317,151.65443,158.72514,188.84341,190.0478,172.7684,243.05849,342.05927,378.26758,109.03274
LPCKDOMF_170_1,99.043335,164.0317,151.65443,158.72514,188.84341,190.0478,172.7684,243.05849,342.05927,378.26758,109.03274
LLGBHINH_237_1,88.59201,134.11974,107.087654,142.21838,141.83406,157.86015,147.08255,192.86824,295.99756,288.6418,109.17843
ENICKNPH_57_55,88.3377,328.31235,227.71783,359.62744,375.38855,308.08124,336.2909,318.26547,416.14352,447.3649,111.841576
NDPGLPLK_32_16,62.115795,183.65161,146.80614,164.7707,245.07867,189.6195,165.4986,219.61151,320.662,342.5312,112.860214
ICBCKKKK_138_15,102.2171,192.95082,163.32555,154.3923,240.19653,176.60805,197.15787,272.82648,351.1731,402.1592,113.38942
BHJOCGJN_3_1,51.53178,148.66031,113.643486,119.66319,277.45233,175.87828,167.52257,283.2081,347.14917,399.7729,113.68845
PIANMFAJ_178_2,115.972435,300.16092,220.14825,223.03943,359.96222,273.9932,232.35858,342.83334,396.29227,372.26382,114.75434
CNCNCCNP_152_18,128.52927,259.25348,177.5681,190.05777,384.12436,323.88055,340.66995,410.9357,466.39084,420.4215,115.02211
LEKKIAAH_150_1,56.952454,241.92918,172.92558,195.93158,289.87827,211.41667,182.9274,266.9598,346.22748,420.4205,118.289566
JEHDAJPF_61_25,83.16342,214.23604,99.4895,146.56096,261.97293,198.6611,157.41928,284.8689,356.02042,346.07196,120.04968
NGMOPKMC_86_2,83.309,132.51315,130.12106,110.90935,168.05716,121.376175,152.13292,190.65166,247.63129,311.09613,122.35416
EMEEGMFL_700_3,87.36994,422.62244,329.24564,407.71695,455.66345,427.3164,423.8002,452.36435,476.7666,484.56326,122.75058
IADMOHIP_375_1,44.614933,267.8408,127.3924,188.0827,330.42676,278.47098,296.1898,302.26624,391.944,452.3271,123.30043
CGGEEMNC_293_3,50.93548,210.35144,108.2829,157.3776,279.2693,182.72887,158.27596,286.29913,381.45322,356.3903,124.2592
DBLJEKIA_374_3,50.93548,210.35144,108.2829,157.3776,279.2693,182.72887,158.27596,286.29913,381.45322,356.3903,124.2592
EDPJEEBL_152_13,97.42448,265.2285,188.15378,159.9865,286.51123,298.01965,224.66898,323.088,377.58408,455.85815,124.998375
DLFDEKGP_61_58,87.24108,251.93211,133.56305,270.7127,318.20892,282.45255,281.76065,294.74997,355.03253,351.24933,125.28283
FFMOECEE_231_4,102.55646,373.61725,208.0625,265.02533,418.0235,377.72287,343.7442,380.4005,484.6816,372.9311,125.29393
DONGBMFP_677_6,16.11532,28.18999,37.07239,164.64688,226.59433,204.14833,229.0815,291.0215,435.51248,420.23288,126.751526
IKDFCCNA_38_4,48.253754,272.25278,172.00722,226.20985,358.6549,341.5217,331.84122,314.4064,384.19543,486.15958,127.56512
EENHFHNC_7_21,150.6545,214.56775,180.44225,176.22844,259.41156,315.49512,297.6668,342.1748,374.54324,423.30515,127.81318
DOCLLKKD_33_18,125.112755,352.649,111.523094,274.67538,430.1026,331.7465,354.6358,425.48334,447.21533,511.54755,129.55405
CDMHADHB_13_2,126.7278,197.49248,135.42424,246.0884,250.01756,218.38855,175.08171,194.55693,301.60757,384.48834,129.79396
LKACKFMG_10_7,149.05199,297.3803,280.1996,272.28824,270.91428,305.61407,285.30286,304.63376,398.67413,367.6408,130.3569
GGJMJOFG_34_8,149.05199,297.3803,280.1996,272.28824,270.91428,305.61407,285.30286,304.63376,398.67413,367.6408,130.3569
OHCLFNHJ_60_7,84.63106,319.4019,229.4775,299.22208,363.92523,466.10342,392.28397,415.53165,403.29764,482.46402,134.14272
GJBGJFNG_58_2,81.49266,242.5594,252.28381,220.41426,279.58737,307.543,275.71005,319.69458,380.87787,432.21597,134.73485
NDAJAKLO_206_6,71.9173,238.9397,126.02487,177.79501,324.18146,248.09564,243.75633,336.76743,403.21094,417.51062,134.90565
ICNECMED_121_17,126.96237,242.16225,149.63892,254.59842,264.68677,231.90674,252.50323,283.44183,384.7654,351.05737,135.06653
ADFKEOCB_70_1,77.17118,384.02914,268.0538,284.66605,433.51382,398.76834,367.93524,349.96515,393.98727,318.9947,136.12956
GNNCBGGM_17_107,156.78218,243.25192,208.584,160.54228,414.05313,277.51242,345.03778,314.26526,332.11127,414.92337,136.16493
GGCFKADC_112_11,81.81846,216.63945,109.32924,149.32071,275.47763,194.36484,150.6727,280.82086,374.28766,320.72052,137.02742
FIJJPHGJ_266_2,118.077805,329.67688,209.25577,242.41483,349.37427,297.83426,261.3745,357.57825,403.42978,424.05197,137.09596
OBCMDBHP_52_26,87.73158,308.66406,228.29552,240.8377,284.06424,253.94974,297.60413,367.7907,473.45242,365.6375,137.84975
LAMFONBH_15_14,55.27764,183.55698,77.8904,84.6582,273.74576,188.60751,133.77464,256.8014,369.1566,410.39993,137.88104
MKBBINBF_7_12,55.27764,183.55698,77.8904,84.6582,273.74576,188.60751,133.77464,256.8014,369.1566,410.39993,137.88104
LKBPNCKB_104_21,124.149765,290.2611,286.89914,283.08096,283.52905,312.52655,298.03647,325.0315,393.1513,397.66357,138.66257
ABBBLBMD_87_38,124.149765,290.2611,286.89914,283.08096,283.52905,312.52655,298.03647,325.0315,393.1513,397.66357,138.66257
KFCJGCLI_144_6,183.52345,443.96854,305.04236,340.4585,416.12878,384.36536,416.64856,380.41772,426.44983,341.79984,138.81839
BIPNPGMJ_333_4,146.83293,195.49849,189.28986,234.65091,267.90695,215.37486,217.0577,218.18307,307.3514,314.8904,139.8478
CCEEDJDB_69_21,102.73259,195.99786,112.88558,165.16537,255.10153,152.53687,166.56754,244.46587,334.61774,325.4013,142.10278
BHJKMAJD_15_20,102.73259,195.99786,112.88558,165.16537,255.10153,152.53687,166.56754,244.46587,334.61774,325.4013,142.10278
CCGMBFFG_428_1,74.55442,260.7749,90.044914,134.88528,379.4201,322.36703,307.439,451.41528,479.37637,439.29068,143.4754
MFMOEDNK_357_3,74.55442,260.7749,90.044914,134.88528,379.4201,322.36703,307.439,451.41528,479.37637,439.29068,143.4754
IOIKDEDN_5_14,154.81938,241.97287,157.51147,162.56572,254.01833,225.0874,226.47754,282.22574,391.41324,372.4276,143.93015
DAIGHAGO_189_9,184.44376,465.94556,355.49146,417.81674,431.4074,429.67123,434.34036,416.08887,482.63348,427.10513,145.03983
MEBADGCM_64_7,150.90907,264.42297,201.1902,264.42987,337.8828,263.18625,288.37872,371.736,443.5501,479.4862,145.27069
EHKJGOEI_558_6,131.2707,275.9549,334.4315,246.91988,330.806,263.1216,271.16104,343.7029,354.7026,418.67557,146.02275
CIBCBEEE_16_2,177.35243,389.30756,213.10501,307.839,426.57318,409.55554,442.3605,462.4228,477.86322,471.5877,146.15306
CBKCKAFE_6_26,93.38214,253.09738,223.80301,257.9078,309.115,301.58627,291.86862,346.9925,442.09296,423.05255,146.2082
IAKFMJEM_272_2,192.1116,270.38065,177.26959,244.8948,246.4269,286.76556,276.56863,318.80743,432.50885,456.98248,146.50627
MBKHLEHK_2_181,37.293682,104.163414,25.115162,64.34367,281.09003,165.68637,156.61475,286.29614,308.98505,296.22305,146.50749
IBOODKDA_8_7,138.12508,163.17838,145.15657,190.73865,241.21,229.0857,230.1404,278.7022,311.6605,371.41324,147.00475
IHGNANKF_72_3,66.22312,223.01364,184.99786,199.8393,212.76865,256.61636,257.89853,348.26913,371.92184,472.9754,147.07857
DBCOEKGD_3_191,174.95801,186.09552,151.68925,239.77234,311.38907,224.95692,280.08084,390.9885,460.008,490.6395,148.14308
OHIALCHJ_181_41,150.07626,244.5631,198.92854,206.17438,383.70782,253.49515,243.13304,281.93262,346.77084,504.39508,148.45439
GKKEEBDC_22_58,108.80839,209.69818,116.251274,201.9744,220.1337,191.11163,189.26814,292.02722,354.33984,400.31705,148.50389
PGEEBHBE_8_25,129.75098,365.12585,339.62018,369.72736,366.3404,383.2369,331.44568,387.10876,435.34814,386.02942,149.29866
HOCLGGFK_69_8,168.8417,299.18768,211.14839,280.76633,355.38385,325.4988,314.53174,375.6486,461.0903,429.64172,149.30711
EBIPKGNL_1003_4,87.827446,229.54218,133.86142,207.76053,303.87564,229.58875,249.21968,316.0459,379.45984,415.63,149.66537
CHIBKKCF_287_2,82.823845,186.17952,133.48349,170.32498,276.66525,214.77353,241.0356,258.92172,311.63522,387.31418,150.428
LKKEPBNP_155_29,53.8303,237.9018,93.61281,99.52502,204.1206,135.78079,152.16524,271.73657,391.71533,439.15228,153.06061
GNCENCHD_382_8,151.60475,226.71391,196.15253,236.8465,256.45358,247.14275,212.38649,296.61374,374.50558,382.27484,154.57533
NBONLNAG_30_1,173.21068,310.19366,286.35004,273.71255,365.31476,332.1349,320.2202,366.9666,432.1391,463.2843,154.70584
GCDCONLL_2_1,84.2489,313.25455,162.92453,144.28574,349.6425,266.59277,331.4626,365.06128,447.66302,519.5519,155.32637
FNFNEMEO_143_1,118.84076,245.68217,207.94968,240.45901,356.73712,260.76447,265.9773,307.35995,387.65253,444.2885,155.33371
GHHMGHBK_13_63,116.8964,351.027,177.49667,301.3651,428.62213,346.35693,376.94894,394.45044,469.8042,354.88867,155.61502
FJOFIFII_377_1,99.5412,253.2091,199.91057,266.30478,323.65317,278.93762,270.49417,333.44778,426.50394,366.7978,157.30763
GJNODNJA_9_36,131.42645,167.66246,182.51935,170.97131,247.11716,218.19954,194.10287,254.01408,296.65475,361.08194,159.15155
FCLKNIGA_72_1,109.7698,330.8189,168.07677,220.1607,303.9023,242.46852,270.18604,342.40613,413.96817,418.0556,159.7873
ELMMPHKD_177_1,103.322495,202.43724,118.27771,177.63809,410.41464,386.53662,337.68573,441.61792,510.1636,473.83197,161.6424
FOFKHIPA_463_1,202.17838,280.89508,259.69394,321.65607,332.14938,305.83508,316.79236,336.79517,389.16235,436.33652,162.42624
GBOJGMIE_112_2,265.23352,395.02335,284.99115,388.89203,472.3255,405.20514,415.79413,448.20483,495.84274,391.49155,162.48495
LDFDGFAA_589_1,76.9825,207.66489,119.50799,226.84558,241.37317,196.27374,181.48788,269.09845,350.52667,337.41483,163.7444
OEDHKPFD_80_14,126.26863,177.24442,158.52325,187.75063,212.02371,190.75029,170.21402,229.84155,334.9337,358.79172,165.98112
PINHJFLC_638_1,105.77462,335.85153,253.27429,287.56888,379.48828,366.25095,425.20428,390.4457,411.55643,492.50595,166.31999
DCMKIBAL_42_1,131.04097,293.9511,193.65085,292.4601,339.8482,307.375,299.85773,395.02847,427.21252,475.11722,166.85896
MHOBFLEE_291_7,93.86868,218.85037,196.49756,183.56285,256.77298,247.39757,192.6075,247.951,316.72708,308.7744,168.06647
ECACJCPL_208_8,83.86689,344.88577,241.46994,305.29117,392.33447,315.3385,360.68814,377.46817,461.77002,467.9965,168.51944
MJIPPEME_67_24,162.47615,384.45468,226.46056,340.6128,516.94183,458.42648,472.0135,528.06555,531.06854,396.2414,168.54596
PEMCANAD_149_7,240.57458,369.94147,263.90128,320.35153,416.72162,447.51636,403.08893,448.0115,437.44107,412.66254,168.55542
DPBJAADB_32_2,216.11636,331.91138,253.84409,295.12115,355.99023,348.9416,350.3159,388.55914,449.29938,485.6174,169.20116
LGAOIKBH_41_8,115.204056,212.89574,200.43832,215.07338,305.86548,261.96164,270.60092,326.66846,484.72028,481.3275,169.71475
AMEDOMHJ_240_4,172.27628,279.41287,199.3309,200.51736,327.26788,281.40463,309.73074,276.71442,397.37103,406.2275,169.91151
DECBAKBH_301_8,248.74504,327.48685,260.86136,314.7695,377.98068,336.6415,358.09714,373.49387,424.2511,405.70416,169.92891
CAFPPPBF_6_3,98.921776,187.94211,186.93849,149.29958,224.55453,171.26399,156.1017,235.37416,345.42624,368.5023,170.71802
KIPJBGOE_80_4,151.91948,193.59622,167.35545,169.51906,193.45915,172.35086,154.6805,201.19923,317.0661,324.7553,172.16656
OEEGLEHL_47_2,132.09363,266.39178,202.89299,223.72217,298.1775,244.19475,236.1551,316.05643,402.12152,409.85434,172.34106
POOKNHCI_177_35,144.74011,352.1612,252.52689,249.15295,461.15765,297.4989,371.52777,439.95963,495.9624,500.32156,172.43542
FNBCNFFH_50_34,144.74011,352.1612,252.52689,249.15295,461.15765,297.4989,371.52777,439.95963,495.9624,500.32156,172.43542
ICBCKKKK_56_48,136.82965,242.4061,173.06506,186.92471,257.89398,189.88815,172.56903,279.91147,344.91766,419.93756,174.38806
PDFOFEJH_146_5,63.26846,362.4263,249.66489,292.60266,386.09503,420.0904,399.77383,439.0959,417.28714,396.58902,174.38832
OEEGLEHL_38_28,46.305153,282.86996,117.41591,163.88092,278.24097,188.99002,212.06213,348.5333,461.35257,469.84027,174.9104
MJCJCPAN_11_1,87.2528,349.95364,293.66782,321.4708,376.2336,336.4573,369.16916,319.94147,418.8441,432.176,174.96535
AALBNAMJ_5_92,157.34029,222.69122,165.6775,152.5217,241.68109,197.53973,299.62793,332.1815,348.46472,337.2677,176.2932
FMFMJIIM_115_3,124.87816,291.87152,203.40935,240.52486,281.04492,282.4066,249.76308,331.86798,432.13797,424.95132,176.80408
ODHOBCAK_18_1,94.30011,303.70193,157.51894,314.75745,366.3709,372.53458,379.15244,388.3343,423.7611,465.22348,177.39093
LEKKIAAH_349_2,146.5613,275.47064,205.35616,240.09125,372.3584,319.89417,327.34695,376.52628,461.4791,462.26178,178.27235
DHLFLHGA_40_1,265.9394,321.3351,225.3172,296.375,325.4802,349.90643,373.4582,399.10248,464.4334,415.9364,179.03613
KIEHLOCK_199_9,175.19107,374.54163,287.38516,292.54022,421.75415,335.18896,313.68484,400.15848,436.01685,452.16687,179.52777
KJBKIOAM_83_4,76.91363,220.57367,194.60258,167.8927,273.47626,236.45734,236.00899,279.505,371.75854,455.97305,179.70251
OOLOLMOA_35_13,76.91363,220.57367,194.60258,167.8927,273.47626,236.45734,236.00899,279.505,371.75854,455.97305,179.70251
LKBPNCKB_34_27,149.41173,328.45798,265.8154,319.3632,348.75708,332.94437,367.31757,361.77426,401.13235,398.17273,179.9416
ABBBLBMD_107_1,149.41173,328.45798,265.8154,319.3632,348.75708,332.94437,367.31757,361.77426,401.13235,398.17273,179.9416
LKACKFMG_21_13,149.41173,328.45798,265.8154,319.3632,348.75708,332.94437,367.31757,361.77426,401.13235,398.17273,179.9416
GGJMJOFG_44_16,149.41173,328.45798,265.8154,319.3632,348.75708,332.94437,367.31757,361.77426,401.13235,398.17273,179.9416
ICOMKHEL_29_4,142.66185,262.69214,276.37225,279.8636,314.8931,288.67752,208.63919,276.75253,367.19296,282.4842,180.45506
ABBBLBMD_122_18,100.56368,269.22842,196.15067,236.42897,272.9466,248.95734,285.01944,299.9944,394.75528,392.85757,180.84982
DLFDEKGP_58_1,136.73062,262.69025,218.68622,217.91302,327.19864,209.7223,232.20688,308.77124,382.60663,449.28427,181.98186
ENCDCCNJ_59_7,239.5221,415.34863,238.43735,298.84814,444.68912,378.7884,401.4793,425.02335,483.04572,398.44238,182.55284
LDCPKHLH_26_3,27.34547,101.422005,71.682976,144.75536,228.25388,193.99908,174.03467,245.93225,357.51385,341.17026,182.8549
BMLCGDAE_88_3,96.69663,256.171,174.32884,257.51074,287.59042,235.01242,232.7249,293.55716,370.9732,415.0421,183.60902
EHILNAML_112_8,84.28941,251.2864,244.40955,245.91605,238.45087,313.33032,256.78302,299.10864,382.60352,399.56378,184.39183
OHMOLDFD_180_5,112.18647,330.38513,284.57095,356.71817,355.86743,384.08377,402.01758,434.01337,465.33997,471.05505,184.55386
IDKIGBJD_248_9,159.02237,458.029,332.6698,373.9864,472.72427,400.27734,423.1472,474.07953,461.94748,411.796,185.70882
NEFIDIMH_1_8,159.02237,458.029,332.6698,373.9864,472.72427,400.27734,423.1472,474.07953,461.94748,411.796,185.70882
MGGLONMC_56_6,159.02237,458.029,332.6698,373.9864,472.72427,400.27734,423.1472,474.07953,461.94748,411.796,185.70882
CBFAIEJC_14_291,144.34547,274.4752,270.4969,256.2635,289.45328,324.13608,259.9328,331.92557,433.51065,375.01236,186.2227
PFFBMKHE_122_2,161.73935,226.96771,211.04355,211.73692,243.55836,222.67265,185.3306,222.98077,324.13348,346.94095,186.31705
PJIGDKCP_9_12,140.25616,465.06943,349.22552,352.05273,447.11542,390.98874,396.76755,349.17462,439.46524,489.4037,186.48535
NLCOFIOL_215_2,266.484,454.14954,409.03592,422.96652,461.31314,437.9049,471.8782,451.94434,493.22574,368.99826,187.49095
NLMDFIEA_365_8,223.88951,427.65125,316.41034,457.53888,475.2084,452.12115,470.6767,441.53406,474.15265,486.71747,188.08777
DLLABPDM_128_1,54.848927,102.95711,107.45006,187.05516,241.21771,212.7834,190.8752,288.49808,349.34393,324.38232,188.14706
ABPACAOB_528_2,120.81613,389.9701,212.09984,305.4508,406.8494,393.6927,407.04865,429.69482,468.9822,443.82587,188.45294
PCNLCECH_127_1,198.72469,420.17694,349.3637,369.36783,413.01953,433.0747,429.8242,402.2841,444.5957,483.92096,188.5238
GCPFHCHN_84_3,55.433743,355.3872,152.70485,190.65807,398.87222,341.15204,314.28772,372.74823,447.7731,485.74426,189.5032
JLMBNEBE_87_10,147.15717,252.10863,208.43314,213.54126,364.66675,269.1994,289.37265,294.00937,490.12466,440.24753,192.29086
KIPJBGOE_135_6,228.12982,419.3037,327.9805,344.7375,392.12393,407.27588,419.1391,356.18494,451.3237,432.67883,195.05492
BIPNPGMJ_283_20,178.02158,294.14804,178.01495,200.38463,381.4188,301.91058,246.70288,414.78326,443.08087,513.34845,195.05669
DOFEOPKJ_250_5,104.16034,328.6478,333.90985,241.96582,456.6147,354.09338,369.21127,381.98294,402.35477,415.36636,195.11559
KKNDCODD_100_6,110.43456,248.37039,182.12267,217.07608,257.47104,195.82169,229.43044,256.33298,383.44513,408.50397,195.35489
LKKEPBNP_148_14,108.06348,244.84729,200.8521,170.27118,273.66898,204.97617,191.92252,253.60733,327.73956,370.16223,195.40834
CGGEEMNC_101_11,83.936966,277.63025,168.92291,210.40182,326.71207,257.06573,207.1934,328.22778,405.7863,324.94513,195.94089
CGGEEMNC_506_8,83.936966,277.63025,168.92291,210.40182,326.71207,257.06573,207.1934,328.22778,405.7863,324.94513,195.94089
DBLJEKIA_14_6,83.936966,277.63025,168.92291,210.40182,326.71207,257.06573,207.1934,328.22778,405.7863,324.94513,195.94089
DBLJEKIA_439_3,83.936966,277.63025,168.92291,210.40182,326.71207,257.06573,207.1934,328.22778,405.7863,324.94513,195.94089
KFOBHDBC_709_9,83.936966,277.63025,168.92291,210.40182,326.71207,257.06573,207.1934,328.22778,405.7863,324.94513,195.94089
MHOBFLEE_144_1,206.6383,254.42712,261.92114,248.33365,267.48373,257.0418,277.46365,283.68796,365.81677,391.7318,196.86794
IPGEANND_22_159,182.05159,230.7643,242.66943,269.3296,290.5097,285.99896,291.62125,288.55463,397.49323,380.3899,197.18997
FPDLEAHF_15_3,180.33594,340.85175,340.17493,277.97418,404.38364,288.0143,299.19696,388.43353,375.2221,556.60364,197.19325
FJIODLBK_15_37,114.20891,206.46979,193.71355,217.05812,233.30826,210.90524,201.20883,236.62741,307.68243,357.05292,197.57463
LBFMECOL_19_26,95.92852,369.93628,297.278,272.42795,366.74435,365.34012,379.86337,388.25916,462.02505,436.32822,198.54549
JOLIOCDE_30_5,101.9592,403.41455,202.55952,341.44803,478.33493,431.31912,460.2888,483.19086,499.3026,526.1604,198.70454
DFLBIPPG_17_4,160.27213,370.64288,249.74207,341.7936,490.81946,429.60162,441.00436,478.04153,508.3775,456.4231,199.11328
KCPDNHAK_70_1,54.795753,303.1075,180.88292,217.41797,363.6594,282.64066,323.07974,219.8214,317.2087,336.97183,199.1943
OEFIAKPL_149_3,134.24712,235.82631,190.79808,209.96199,267.13986,216.26193,238.03986,304.50977,336.46005,414.35504,199.24503
KFCJGCLI_3_9,193.5175,448.09753,278.59665,307.22095,377.80038,405.07693,353.11118,448.7938,437.8946,424.0908,199.91988
OONNNJMN_37_2,140.3272,257.29132,194.83533,249.10165,276.98315,286.73843,258.45535,293.25385,340.5823,337.6464,199.96878
ICBCKKKK_79_12,213.026,349.70233,253.22102,244.42535,386.71158,374.54404,366.11023,405.0438,490.658,509.83594,199.99843
MJCJCPAN_418_18,75.63078,324.31006,291.97223,323.72015,342.37048,347.55496,289.30215,321.78918,434.01752,432.33948,201.74362
EMBCFOFO_21_18,80.12975,182.6332,99.273476,205.97429,257.87238,204.52872,192.78223,274.4982,361.85458,386.4687,202.18613
HOAEJAAF_48_1,178.90994,331.58093,188.01828,241.22876,372.0668,243.09036,304.0097,394.34912,406.45074,451.4621,203.10126
NHIIIKLN_113_21,73.43074,187.77197,173.73183,208.97018,191.02654,171.78523,180.52994,235.63101,319.52124,359.63452,203.15819
CEIMKNJA_125_4,98.583984,184.99869,144.5989,222.89325,267.28955,217.73381,194.24489,264.2801,344.2868,356.58728,204.38498
BHGFJBKP_59_23,228.3067,431.17468,321.20148,392.92908,417.97333,442.28308,452.2248,413.69836,492.04993,424.64502,205.57631
BGLBHDLA_200_1,214.17259,297.25778,247.56712,262.02713,275.20895,278.62396,234.07455,343.34354,362.16257,391.8786,206.44176
LKBPNCKB_36_29,61.498337,237.85725,207.15598,299.47794,295.89664,268.6307,279.79935,278.9588,407.07538,409.5928,207.34367
ABBBLBMD_7_2,61.498337,237.85725,207.15598,299.47794,295.89664,268.6307,279.79935,278.9588,407.07538,409.5928,207.34367
LKACKFMG_52_2,61.498337,237.85725,207.15598,299.47794,295.89664,268.6307,279.79935,278.9588,407.07538,409.5928,207.34367
GGJMJOFG_94_2,61.498337,237.85725,207.15598,299.47794,295.89664,268.6307,279.79935,278.9588,407.07538,409.5928,207.34367
DECBAKBH_103_3,164.264,243.19101,235.29024,269.76572,316.56274,281.67627,287.45685,278.7422,401.6749,427.4154,207.84048
FMDDOPJB_118_6,224.01834,430.41553,367.91595,299.6363,461.21466,403.674,406.27646,418.9024,465.70447,419.30307,208.16855
EBBODCAE_541_8,170.23753,381.3753,323.29895,337.85632,421.8297,416.33072,405.16583,433.4683,487.5841,492.00513,208.98566
EMEEGMFL_506_1,175.17264,276.15958,270.16257,237.72585,325.27997,286.81744,308.7497,327.52878,410.85895,430.40762,209.0662
BKBHMIGP_82_12,203.4083,333.26038,245.96367,246.51498,311.31635,271.01495,306.91528,329.58765,389.15518,424.02844,209.46698
MFMOEDNK_171_1,158.68948,263.65442,207.87775,294.4799,357.62094,315.67877,318.39227,351.69537,425.98956,412.69086,210.41689
KOFGBFOK_86_5,109.46417,225.67445,200.30588,162.45473,304.2369,197.4719,229.6159,314.5401,340.2942,436.5842,211.30177
KDFDCCFH_128_4,109.46417,225.67445,200.30588,162.45473,304.2369,197.4719,229.6159,314.5401,340.2942,436.5842,211.30177
OICIJIOO_69_5,109.46417,225.67445,200.30588,162.45473,304.2369,197.4719,229.6159,314.5401,340.2942,436.5842,211.30177
FCLKNIGA_197_6,293.60358,340.80124,303.25494,315.12704,430.9772,360.80984,403.49,415.10425,482.95532,505.92828,211.71838
ECACJCPL_140_6,113.859436,314.7757,237.65593,250.13269,346.59583,260.0582,340.47964,320.62924,342.00604,488.16946,211.98561
NMEKPIAN_724_5,226.2187,271.39972,185.43387,316.98755,355.03864,336.17093,371.38974,384.83652,461.71207,460.24973,213.18332
KKNDCODD_308_9,142.74342,252.19421,228.46674,232.73865,310.2345,236.99402,220.64168,287.89987,370.4022,376.27686,214.3215
LMPFGBPF_32_58,223.52858,242.89235,299.21304,254.58485,322.12146,328.21286,279.2778,351.21082,472.6165,411.25983,214.45325
ENICKNPH_167_2,215.25633,330.29724,282.73956,331.69922,344.6866,346.84793,324.48508,318.3941,301.84274,369.8555,214.68704
LOEOMKJD_66_19,142.68187,392.42743,390.3415,327.38855,412.2662,438.2107,327.79272,396.68335,457.4256,413.44354,214.84387
PMJKNAEO_11_39,230.18028,294.38434,198.74138,249.21005,276.137,235.00653,259.6983,302.39456,389.55124,423.93793,215.49771
HDMFDFEC_36_4,215.52074,266.8066,289.43817,265.42676,329.52393,275.6162,335.27338,341.92703,400.5067,465.84473,217.69806
GFAPHGNP_74_1,207.74347,370.21255,259.72028,274.4,404.01794,292.53204,308.61682,406.75638,462.10577,495.3057,217.95021
GCMBIIMM_41_6,170.9752,303.58206,272.42294,310.2068,293.96072,314.3375,292.57068,244.16498,392.74463,391.05588,217.9755
KGPBEPPN_101_4,161.32367,270.972,218.32245,239.59723,349.5854,297.71588,339.1268,332.89194,463.0722,421.18643,218.12303
OHIALCHJ_198_27,234.71735,371.54626,316.64316,332.17487,405.37274,383.15903,373.32346,435.58487,442.52417,413.596,218.24709
BDOMIJBA_83_6,298.4805,362.33038,381.46567,331.152,405.27863,377.93158,366.1554,404.07294,432.0863,430.14865,218.43349
JKANDIBI_209_1,142.1039,324.16888,225.76987,292.25012,315.04962,286.1542,298.46603,275.75272,399.01886,430.4336,218.55812
FPNGPMKE_98_2,192.81908,511.51685,444.767,472.97897,478.16907,491.0826,515.65137,365.755,474.52127,411.30295,218.76727
MENBPKOE_145_15,263.36633,385.09384,255.11127,365.36166,417.43848,395.70984,379.4533,404.38837,426.05264,434.66876,219.38669
OGCOFHCG_4_8,206.16577,261.59116,263.0323,272.31525,295.33246,307.78418,308.138,303.61407,447.54303,418.07706,220.01622
KAPCIHNN_146_13,150.5424,208.53038,189.85866,239.02309,257.3819,235.16669,249.19264,267.31473,381.83786,316.28882,221.36127
NJPCPLPI_239_2,242.54108,322.49884,315.74066,305.65845,436.33832,372.8196,352.05734,375.12283,453.34793,483.12122,221.65549
OBCMDBHP_88_6,236.58316,301.37564,325.6282,281.55844,363.39917,362.46494,355.72382,389.79807,475.46692,457.778,221.82831
BALHDFCL_43_14,209.43388,368.29758,265.68484,306.56122,402.36688,334.12878,329.37347,407.84204,458.25565,430.6828,222.33667
KLODJPDJ_179_2,251.20349,434.77835,409.91772,422.3167,449.81116,433.70544,430.86096,420.19217,448.65298,469.2109,222.44394
JMMHIICP_242_1,180.08194,310.93762,267.63354,247.675,336.5171,279.5193,272.6319,335.84503,391.83783,439.6765,222.45648
JDJMJEBK_91_31,224.50043,365.0114,230.72084,329.02243,385.7151,355.12756,378.39117,401.05026,441.58978,437.52313,222.8264
EOLDCPEM_136_7,171.79803,339.4043,219.05722,338.2481,358.46567,341.67386,336.2579,411.61447,453.4398,481.5666,223.58678
POHKCCHO_234_7,171.79803,339.4043,219.05722,338.2481,358.46567,341.67386,336.2579,411.61447,453.4398,481.5666,223.58678
GAOBNHDM_377_3,190.16945,346.70746,285.3612,268.51776,351.99765,323.86496,307.7037,384.56375,471.02243,468.89963,224.38441
LDFDGFAA_122_3,246.40329,366.43622,325.79977,288.123,384.69678,413.67682,346.94537,381.05457,412.10638,382.17245,225.19266
GFFPLFCF_32_10,197.7001,332.20584,269.16504,298.18372,423.3549,362.5271,342.20554,397.0935,396.3353,483.48825,225.25734
BHJKMAJD_43_14,177.98334,351.25104,277.47385,336.8075,376.50586,353.94586,365.26743,366.21176,438.9734,421.89825,227.17699
LCHLHEKD_57_7,131.1374,314.51227,324.10046,351.55783,346.6445,366.98123,323.55145,313.79004,376.1324,422.60532,229.42096
ECACJCPL_81_21,178.44463,373.9051,298.1074,360.19058,369.2973,346.2717,388.00974,373.5384,447.49896,474.41718,229.43164
KAONBLHN_159_3,178.94487,316.78458,249.81877,303.24173,331.62625,373.45663,359.35352,352.07608,397.24695,414.57535,229.507
HECEMDOC_64_1,98.2337,478.49557,252.41653,410.8562,527.6982,408.17303,398.09488,490.44196,507.83157,516.2238,230.18752
BDHJOFGG_53_4,98.2337,478.49557,252.41653,410.8562,527.6982,408.17303,398.09488,490.44196,507.83157,516.2238,230.18752
KKKOIOLA_50_5,98.2337,478.49557,252.41653,410.8562,527.6982,408.17303,398.09488,490.44196,507.83157,516.2238,230.18752
GIKLDKJA_20_73,49.94822,374.89117,284.07758,279.54062,431.01144,372.57053,415.44174,411.84106,457.9727,406.7553,230.41685
EKOJIBFH_130_1,103.01889,272.6492,165.51845,193.0065,317.51587,264.44363,240.35234,305.5554,389.80478,400.9512,231.82317
CFEKOEEO_124_2,173.90086,211.98778,208.70807,240.2477,254.78435,224.73483,232.56856,240.6699,393.64633,336.2444,231.97253
KHHHKCJG_167_12,155.70197,258.69495,250.44737,251.31342,263.3875,244.69183,250.87021,249.11395,372.32513,363.0967,232.26529
PIOJOGJG_3_60,234.80005,280.40662,230.83401,302.52606,317.57147,253.59113,236.69998,325.563,401.07703,404.8826,232.30405
EHFDCMEE_48_1,204.09247,308.3653,294.06906,288.35382,321.7296,276.69992,296.0233,324.81564,414.08667,404.24033,235.17413
IAPKAHNK_99_9,139.86511,451.75546,372.58167,457.14697,446.21194,473.55008,438.9875,484.04865,493.60065,464.9271,235.36725
KJAMEGOG_506_1,121.57823,261.96774,246.81912,209.26117,284.54858,277.26065,265.33234,287.641,380.60217,446.70248,237.17966
BGKBPJDF_40_5,207.49586,303.244,282.56763,290.83728,343.9225,295.32986,290.32843,328.3208,393.5559,376.84705,237.37048
IGJLCKIK_7_23,187.17963,271.0076,235.97008,265.97125,316.00085,283.7391,305.41278,293.03333,398.8341,402.84543,237.56773
HOAEJAAF_35_4,172.03505,268.6907,198.87164,199.09544,345.63745,364.18866,394.07434,407.86105,497.28528,466.44183,237.9086
MLCBNMHP_99_1,109.51041,307.79858,213.19203,253.17375,306.07883,297.32925,289.7826,327.10272,416.6327,381.92813,238.07977
OFOBCBEG_49_40,199.93771,254.2767,254.7308,247.74106,305.26004,306.78125,294.8277,322.64404,519.45776,451.26666,238.3448
EBBODCAE_222_1,204.30127,386.16678,393.9969,391.9694,411.26114,388.55295,394.71902,417.92538,466.6574,461.5921,238.71904
CBOPLNHK_17_3,280.82727,475.48538,402.96722,426.49545,500.5705,477.37744,475.36017,479.9192,514.4137,357.98996,239.79337
APPKEMID_21_6,136.9731,327.56955,290.87698,266.8116,423.0442,318.12683,333.62982,317.56042,389.07684,477.05356,240.55463
HDEKGLIK_70_6,262.35263,396.03384,296.9482,351.31247,453.61432,399.84146,422.41907,481.06613,500.63977,501.2873,240.64851
GOGOMFGK_302_3,146.87488,320.2445,263.22516,251.80481,347.44788,315.82895,276.12018,360.74078,374.25845,424.44925,241.16006
GOGOMFGK_34_1,146.87488,320.2445,263.22516,251.80481,347.44788,315.82895,276.12018,360.74078,374.25845,424.44925,241.16006
GOGOMFGK_351_1,146.87488,320.2445,263.22516,251.80481,347.44788,315.82895,276.12018,360.74078,374.25845,424.44925,241.16006
GOGOMFGK_643_1,146.87488,320.2445,263.22516,251.80481,347.44788,315.82895,276.12018,360.74078,374.25845,424.44925,241.16006
NBPCDCCG_13_19,201.97571,277.9288,227.91595,277.8722,361.2396,292.93298,320.71893,371.983,433.88788,476.53876,241.26575
OIOLDIDN_201_2,178.64641,362.33487,269.2131,262.2619,405.22995,349.83963,356.60828,408.32513,440.366,504.87308,241.28099
FFDAKDOA_35_1,309.48947,448.00012,366.63113,359.49533,469.05518,477.1592,464.02127,406.35828,413.36053,469.21173,241.50076
CKOFCMJB_774_6,206.03171,253.96059,216.9727,244.0858,301.84357,301.35065,294.69525,272.9779,412.74725,501.10718,241.61363
BDNAFLFJ_21_2,125.04659,305.476,226.25424,251.1376,266.37512,223.45534,251.60605,296.28235,400.36975,424.45367,241.76065
NKNCIDFI_9_15,271.97418,305.99112,287.3527,314.24072,323.24844,289.0968,324.94382,340.41928,413.24844,408.14206,242.69418
ECACJCPL_167_10,104.32575,333.69156,320.4094,306.1509,348.57773,366.0607,417.67645,369.03812,430.8445,477.37515,243.00102
AGFGDEPP_3_140,207.95834,263.54623,260.98758,299.72186,325.75058,289.16672,301.39072,328.9195,419.3903,389.41174,243.89406
NNIFDBFB_89_14,144.53232,454.9953,450.20645,401.86218,444.66537,411.7058,393.1687,438.97632,525.3339,410.92072,247.38905
JDCFMPNP_82_41,196.67099,303.95352,318.72293,313.19186,341.28058,340.68887,307.81232,358.5902,463.47272,475.67297,247.41649
CFOIEDKB_34_33,196.895,264.5371,262.8174,260.96075,299.8598,267.90668,266.36426,288.30878,391.83978,380.33334,247.60397
KKKAIPPD_1_144,232.18683,419.26837,375.99738,364.57767,459.06195,439.71097,438.14737,449.9017,491.87198,501.4448,248.03053
CKBFPJAI_14_38,213.96437,321.28717,303.95392,271.4601,345.57388,338.49557,343.24817,302.89938,359.02353,413.782,248.24539
FDOHJKJH_447_1,207.57729,398.38678,261.42432,308.3399,469.28036,344.7131,405.47064,484.45593,460.16888,550.91925,249.57213
HOJMOMBC_212_1,238.37598,307.2237,273.08237,295.00034,342.61368,342.1425,335.6264,365.22537,412.77463,446.4034,249.7898
ABIMFLDF_43_23,192.1174,310.60162,268.09198,288.3118,381.02545,313.299,342.41467,356.65063,442.32623,469.93915,250.77853
FNDHDDGH_29_37,122.72262,393.92355,333.0493,396.73245,416.90024,376.33356,401.2689,423.99835,486.22678,450.39276,251.20694
FAHBNHCL_40_4,233.80458,312.06314,249.3237,303.61755,351.9487,276.05023,266.39737,323.48093,423.94128,439.92877,251.75829
FHCMHAMK_493_4,218.70746,280.2054,191.55481,333.43942,313.08463,310.48834,304.69696,325.13535,402.74432,409.10748,253.4737
DAMCAHIH_329_2,218.70746,280.2054,191.55481,333.43942,313.08463,310.48834,304.69696,325.13535,402.74432,409.10748,253.4737
OHFHPIDA_260_4,218.70746,280.2054,191.55481,333.43942,313.08463,310.48834,304.69696,325.13535,402.74432,409.10748,253.4737
MJHGFBCG_110_1,325.40457,424.19458,302.84595,374.68173,475.9986,447.50067,433.78632,440.45554,490.95486,428.76727,253.6149
CJICECBE_205_10,109.9825,266.71817,214.71649,226.59651,260.68198,247.27321,262.40662,251.13083,371.69003,317.37686,254.14279
GKACCAFP_42_26,190.76486,276.07574,246.10571,249.71355,312.30786,281.06137,257.96017,337.39532,388.67883,354.55667,254.33643
LPLOOJEN_16_16,198.37698,221.81433,190.09131,179.91418,236.44348,245.85677,255.48305,246.61197,356.16354,334.5604,254.61128
FCLKNIGA_129_4,114.27539,243.93938,211.04674,230.9863,266.17154,279.13083,250.59479,295.0908,371.98907,379.69757,254.91357
AHMCFDPC_20_41,316.73242,383.48587,343.94766,360.41833,442.9021,392.90448,361.1112,458.4723,486.07095,523.3091,255.6018
CENODMGI_218_3,224.18036,312.40045,293.0848,284.98038,313.7985,291.08698,287.62946,334.61865,415.91177,416.65546,255.87062
HKJMHKLB_6_15,154.04695,211.13193,153.23389,229.9514,319.6543,277.04926,270.60947,341.6207,376.43036,448.4322,256.42957
LEFHGJPA_256_1,206.71515,313.93607,297.9832,280.8302,335.17175,270.96857,262.09735,339.93472,400.46545,427.88843,256.52576
ECPJPLJJ_27_4,129.48845,455.40332,373.7988,417.2121,452.38925,455.34103,398.64127,423.2464,498.74875,322.20026,256.8554
HPDNPIEA_429_7,160.28992,432.25613,257.58575,301.66068,474.8273,444.80597,423.34973,459.20828,505.14,456.81937,257.24103
COHBNLED_219_1,126.17573,366.1808,328.1279,284.92627,328.7612,371.8315,351.05634,367.10526,425.30774,427.63193,258.2835
LDCPKHLH_546_5,199.22865,373.66003,273.06854,289.32385,431.2464,353.12857,366.5768,428.78372,472.02597,461.39227,258.3491
EMEEGMFL_620_3,197.61009,273.07712,264.9715,234.46335,330.77124,256.451,298.77103,330.3029,395.7533,433.5285,258.50925
LKIEJCHL_455_5,396.68347,479.09036,433.56946,431.90482,503.14648,468.76318,468.32812,493.66528,526.46954,431.7128,259.83685
NPEJHEFM_40_5,268.38174,354.64935,371.23367,354.16528,397.0873,359.65787,337.17947,377.44824,416.89734,407.64166,260.07004
JGCEHHJG_78_4,351.34442,411.4443,362.52625,356.5147,413.11386,369.75195,380.77954,389.0718,502.53833,503.48212,261.42114
JFGKALPH_415_7,205.3208,426.21735,295.4924,442.0526,443.90042,411.13443,438.52313,469.85925,491.1488,537.5978,262.12143
CMAAFGAB_20_20,189.56403,417.43472,331.69547,382.0162,445.0969,414.96362,389.75616,401.69724,472.10037,490.48065,262.61734
KIEHLOCK_114_5,272.48615,364.24493,324.39734,359.8471,356.53802,357.68875,366.04874,355.56625,424.88013,441.623,262.97955
BMKALGPG_1050_1,228.34962,401.81116,299.13788,349.50327,385.1508,403.80276,438.4491,384.15588,435.1096,440.65933,263.83337
KFOBHDBC_243_3,237.68266,306.91556,279.47073,346.05478,344.47015,339.45688,352.48578,370.38248,409.79236,393.82507,266.62454
DGAMHEBP_69_12,282.45798,404.02094,277.42215,313.47864,409.30267,350.04535,403.81,452.608,491.5342,514.3664,266.6788
EMKEAJEM_402_1,209.12971,311.2553,289.0392,332.16122,361.1307,325.18365,318.31348,350.148,419.49432,407.7998,267.20767
LKNDKLPM_270_12,191.35458,309.99835,262.1609,319.00586,434.8325,334.25024,311.95276,346.03223,370.46353,463.95096,268.00882
BGMMDEHE_30_1,239.98091,480.29187,394.8597,447.0716,468.85025,469.3649,470.159,493.5469,506.1528,473.08475,268.19153
IAAIGDBD_705_6,294.12592,376.55972,332.59265,369.1919,402.9798,365.35434,365.6253,366.89587,423.71637,478.38815,268.4836
NDABMHGF_582_8,126.17321,368.06302,323.1131,302.5934,401.4372,330.53812,227.46423,346.85742,391.71326,462.55487,268.885
DFDIHNMG_507_18,126.17321,368.06302,323.1131,302.5934,401.4372,330.53812,227.46423,346.85742,391.71326,462.55487,268.885
NKOFHIIF_319_2,126.17321,368.06302,323.1131,302.5934,401.4372,330.53812,227.46423,346.85742,391.71326,462.55487,268.885
HEEDOPCH_84_9,152.08688,247.21785,190.77931,198.06628,251.96336,291.3366,256.17117,291.3982,446.1938,408.57742,269.10196
FAGMIBAH_22_1,164.75356,348.3161,358.62598,297.6728,374.5205,329.20218,363.85986,373.50198,457.12787,437.96103,269.1429
BHGFJBKP_44_1,200.41791,295.04327,275.90054,321.67322,339.46387,304.9782,305.61218,315.90982,444.61682,370.4063,269.8712
JHHPGEIM_124_3,317.54056,404.72614,364.8575,397.00754,445.15482,438.7614,447.50305,477.9145,494.6529,537.2445,270.50568
EBIPKGNL_1627_3,134.14711,243.51738,198.64798,233.62534,322.39682,291.175,292.19016,311.7917,398.16245,441.4447,271.3017
CGGEEMNC_290_9,225.60547,330.26025,322.01843,355.63348,392.03,384.74554,391.54068,384.77365,459.87036,446.68335,272.3265
OHIALCHJ_27_1,238.61765,341.8943,307.31192,306.45538,370.42618,300.18784,293.01736,362.66647,418.28247,419.04,272.52542
MDJGNOFL_42_6,221.1789,459.6867,332.7149,427.8832,484.84485,436.69455,468.26984,439.3686,473.2638,471.71817,273.01306
CIJEKMCO_476_2,323.95367,451.22922,403.19098,374.28757,483.37045,437.28323,427.30576,450.22284,493.62653,505.14417,273.54517
DMCDPPBI_541_2,212.1436,319.97388,255.04543,300.6113,355.9705,300.94547,306.39847,350.23053,382.4024,452.09448,274.30927
GCMBIIMM_31_8,240.68884,256.6443,251.45091,313.46146,254.98312,300.7911,320.66116,340.34308,387.72357,488.36737,274.33865
KKNDCODD_310_3,210.37894,332.11807,281.4422,332.2726,365.9719,313.12234,267.20062,359.21152,416.1277,463.8338,274.3607
PNKOKCJG_51_3,245.82022,280.10837,281.5834,288.35095,289.7516,276.08575,269.7586,301.37134,405.2441,416.02008,274.75156
OKNDCDBL_338_2,110.20289,319.26523,291.70526,288.88104,423.80188,385.2871,387.12497,383.0799,457.57043,430.5197,275.0018
FDIMNBAG_431_12,143.18906,271.84464,238.8475,313.05157,401.822,361.15527,316.4754,401.11404,434.40585,513.77637,275.60284
KNGHPBFF_75_4,261.42633,438.5244,226.27829,289.12936,500.66373,374.31494,456.11658,486.39816,510.54095,525.23914,275.80722
HGFDKNKO_232_2,292.47418,342.1901,291.49353,326.5577,364.8462,397.72794,402.0138,389.3686,455.17142,478.29865,276.41602
MJHGFBCG_103_18,197.50345,316.30875,251.31436,323.8483,357.8864,351.20084,356.42908,343.63483,466.27313,409.81848,277.49084
DHLFLHGA_706_1,123.64877,301.71494,198.93654,250.00932,330.0864,329.28845,293.24155,313.44168,410.88116,389.62048,277.74127
LEIPLLPH_107_7,284.47897,498.3668,289.06842,428.8056,519.25793,453.72458,434.91907,429.60745,452.48892,505.20508,278.9112
ELFKHDCH_188_2,125.51457,342.30524,235.07072,261.1205,294.46893,278.12326,299.9543,341.01422,429.1596,464.93097,280.39163
AAIIPECO_18_127,158.66483,399.74146,254.538,323.00668,448.63016,382.02863,414.75656,447.11267,456.33624,465.63922,280.7853
JKANDIBI_210_26,294.5673,411.37598,403.45526,409.40277,410.3989,434.6441,436.27167,429.73944,513.7293,439.83734,281.00943
EMLCJMHO_99_24,247.91866,383.03043,268.15793,361.59436,381.89438,360.25433,361.63516,406.71143,466.69754,493.5235,281.67642
NIPKMEBA_19_15,325.92377,407.10077,341.591,348.53952,403.79135,385.8629,377.3164,398.5021,467.6414,460.1821,283.55908
GMOEOBNB_68_6,137.00626,465.14236,322.62735,400.0149,481.1054,427.36548,425.19702,455.60596,471.8895,352.63312,283.81558
OPFOICGM_290_7,192.95729,435.31445,309.23746,395.42145,495.21957,497.50745,504.90604,487.0207,487.65424,429.62646,284.02072
BPIAAOIK_33_20,144.25282,297.97424,251.26219,252.81212,316.11197,267.1679,273.7372,303.33337,381.3393,375.70187,284.39667
EMAHDGMJ_55_26,144.25282,297.97424,251.26219,252.81212,316.11197,267.1679,273.7372,303.33337,381.3393,375.70187,284.39667
DPONBGFN_78_39,144.25282,297.97424,251.26219,252.81212,316.11197,267.1679,273.7372,303.33337,381.3393,375.70187,284.39667
LAPKCFCO_130_4,252.22505,423.36667,330.81375,371.63803,397.32156,415.04474,397.1155,402.98123,459.66315,401.40274,284.6481
IKDFCCNA_57_1,195.27211,354.78238,230.74704,335.2174,388.27606,351.89713,372.12903,391.26224,467.06967,458.422,285.14624
GNCENCHD_91_7,191.64009,409.32492,359.8149,326.97507,456.79065,363.81543,410.25745,442.02942,460.9276,452.72086,285.3713
LKBPNCKB_107_1,264.78122,393.76535,319.9788,347.26517,418.83667,396.0747,417.9286,406.84387,507.96536,491.9005,285.5646
BFAFEAIL_253_1,239.72708,389.4501,324.88196,346.86615,373.14117,352.7313,330.89426,402.3235,476.69366,431.92685,285.6232
POOKNHCI_289_17,273.69696,447.823,357.3354,411.7702,455.03485,386.82227,410.2181,458.08157,469.38525,456.1383,285.9183
FNBCNFFH_357_11,273.69696,447.823,357.3354,411.7702,455.03485,386.82227,410.2181,458.08157,469.38525,456.1383,285.9183
BECGIJIG_9_1,267.57574,307.56628,278.4337,297,311.82648,313.3927,292.97705,318.74048,405.32904,422.26468,286.011
GMCODDEA_7_50,261.203,318.9248,294.563,303.64594,337.6136,340.0127,322.33447,373.3211,449.8954,428.9195,286.1738
HENIIIJL_33_9,295.84564,344.81158,307.97476,284.58484,353.41742,367.14835,394.47464,391.81366,427.3542,427.84952,286.929
GNKANFNI_95_11,145.38011,211.16725,214.2338,220.79297,263.1292,257.3188,237.42574,238.94897,363.19778,372.95886,288.0071
PDMGNGAF_190_2,145.38011,211.16725,214.2338,220.79297,263.1292,257.3188,237.42574,238.94897,363.19778,372.95886,288.0071
APGDIBME_9_11,145.38011,211.16725,214.2338,220.79297,263.1292,257.3188,237.42574,238.94897,363.19778,372.95886,288.0071
MICOHLPA_59_3,247.2845,376.97058,366.56433,339.83267,413.97556,349.2507,362.56348,386.92886,482.52573,431.51474,288.36014
MLCNNOGE_24_21,266.0389,334.0499,303.72522,311.24887,355.73438,334.63562,325.26196,350.0068,446.5559,423.6085,288.53305
JLJPOILO_303_3,245.93484,324.27576,271.91885,342.02603,360.75937,340.0605,356.32486,391.20776,472.46997,436.96313,288.68582
DINCPFGH_5_20,276.37,520.03424,401.50766,392.97922,489.58353,433.44852,436.22742,464.2843,485.81723,458.01373,288.79385
IIHGGKOK_93_20,289.9091,411.25983,408.26962,458.13516,425.90967,430.32574,400.58112,408.86392,462.66382,436.833,289.21222
IPACGEIK_67_26,243.5599,459.1112,409.80292,400.071,461.8998,438.5461,445.94995,428.4585,463.92548,532.5377,290.0647
BFAFEAIL_334_5,158.15358,325.43634,239.94926,290.76587,324.27246,351.37216,373.34818,395.7305,488.0775,513.85254,291.47552
CFOIEDKB_189_7,164.55028,433.40485,303.972,404.0551,422.43042,378.9676,377.76065,416.43976,499.73297,494.54373,291.5305
LDFDGFAA_305_10,315.61853,398.21143,369.11847,390.3978,458.92508,448.44376,463.1949,489.92786,476.58585,520.01575,291.61163
GCPKHDHJ_83_1,258.7044,344.4417,351.3196,325.92493,390.8141,310.645,314.47626,410.66306,404.2706,436.4849,292.82053
JICMBPMM_160_18,289.72858,409.2116,385.40298,461.62292,442.95743,425.4717,399.82065,450.6444,472.39407,423.3056,293.4737
BGEJPLBP_11_87,122.25409,226.6226,205.24829,267.51245,330.24002,317.4789,305.00592,349.41687,399.53564,421.1101,294.0656
OKJDKIPL_9_5,218.70518,301.0514,269.3963,304.64157,376.30563,385.25354,396.5514,389.96906,469.80563,463.43018,294.2019
KCPDNHAK_6_38,428.22784,472.68384,476.8093,486.35147,478.2076,481.0686,479.5498,479.79855,468.86945,497.89575,294.21802
IBFOMGMI_46_30,361.5425,439.07132,303.60077,396.4962,458.97034,443.25464,426.99435,453.61572,498.73395,487.7409,294.5583
OFGAFGID_228_13,275.7556,340.75055,318.23843,341.7127,381.11942,335.5208,348.03192,375.30286,439.4845,471.24408,294.7409
AMGCNGIF_413_1,260.76776,348.17303,274.62418,336.7701,413.7469,350.7448,331.8082,397.37988,419.7128,455.54626,295.05618
MNIOLPGK_20_7,196.9924,347.11127,316.78516,368.00693,370.99268,357.42603,356.32455,394.0733,435.49802,448.29852,295.08432
ENICKNPH_135_6,131.04,331.72797,203.38539,215.7227,334.49667,303.8771,302.7585,336.79297,412.16043,348.5785,295.2696
POHKCCHO_1_10,269.029,404.80823,346.54266,360.69067,393.99066,435.28766,421.3102,441.29837,484.4831,478.67487,295.75595
BDOMIJBA_111_10,222.89822,399.59674,351.27332,353.81702,386.0084,352.74805,378.0946,401.12457,462.93152,394.17502,296.06036
IPACGEIK_69_8,181.25,473.06235,376.36243,416.20407,477.99454,413.54205,422.47894,422.57025,489.64172,376.87256,296.35422
CFBDOOPH_456_2,211.88422,323.97525,307.20557,284.13446,363.01523,273.8761,290.80014,338.4095,386.0809,502.2989,297.68195
JEICAJEH_27_102,432.2085,427.93164,447.30917,461.69843,454.52905,462.68158,458.90283,475.97763,513.43445,465.963,298.30963
IGGOJNFL_101_2,219.0736,336.27872,260.0084,285.0763,355.91855,291.41263,274.67517,328.2871,420.50793,405.3851,298.33417
MAHBBFHA_31_8,219.0736,336.27872,260.0084,285.0763,355.91855,291.41263,274.67517,328.2871,420.50793,405.3851,298.33417
NLCOFIOL_636_5,331.46548,455.3649,383.55338,444.63205,447.67572,437.06998,434.77216,452.55023,479.9856,481.35315,298.53183
PHLOBIOC_141_4,248.84628,412.31204,344.08466,398.20892,420.8652,410.87534,440.4132,456.12845,504.40942,520.25055,298.9887
IMEAMOFF_109_4,434.6278,430.10526,432.96783,456.54062,454.2118,460.84186,460.3936,476.98267,517.7915,466.16443,299.04086
DEJCOLOP_35_3,251.95407,326.55133,266.47174,343.67166,392.48508,378.7756,396.53186,392.0373,446.39706,461.76395,299.4273
LKBPNCKB_240_1,265.41586,462.3123,460.8634,470.25153,473.30988,465.13715,472.35242,485.5305,512.15137,521.06494,299.71936
OONBPIIP_11_4,326.14423,363.40247,377.03876,373.24503,423.2217,413.4201,414.79294,405.51306,499.09863,477.63617,300.01498
BJFOMLKG_81_3,287.3067,391.30432,366.33658,384.946,395.84604,390.26044,406.216,388.94556,494.59155,459.61063,300.29123
DPHDEEHI_52_2,257.88776,417.8832,319.30698,407.79953,382.26257,420.51196,455.1697,444.8673,450.8144,475.08853,300.38605
GPLJCPAO_100_1,375.7837,409.71567,377.97238,388.80875,469.1127,478.65994,445.54495,473.1698,502.6627,508.25507,300.40607
HJAPGIAM_58_1,255.54625,447.9774,399.19507,440.1714,432.4712,460.95294,454.11667,450.29767,478.7378,433.65723,300.46567
JFGKALPH_53_9,187.89978,439.42163,270.97647,269.7196,435.37976,341.59045,381.2699,425.96442,471.03113,507.80206,300.47006
KCAABIEO_290_1,187.89978,439.42163,270.97647,269.7196,435.37976,341.59045,381.2699,425.96442,471.03113,507.80206,300.47006
LJPEBJAM_137_1,284.83777,424.23688,269.0335,397.78946,480.41724,493.60486,432.9668,487.4472,486.59424,460.3939,300.65518
LJPEBJAM_187_9,284.83777,424.23688,269.0335,397.78946,480.41724,493.60486,432.9668,487.4472,486.59424,460.3939,300.65518
HENIIIJL_156_7,187.23161,443.95184,445.40567,453.78372,476.85806,427.55563,445.49228,447.91037,495.725,475.02747,301.45587
DNALNJHC_97_4,226.07579,369.63083,297.05582,369.9565,381.74097,349.59732,346.89713,357.28946,445.14874,441.69714,302.92307
KEIMIPLH_326_7,152.617,321.5256,235.00351,264.25812,308.40054,298.7276,262.11557,338.01276,429.0481,381.36108,303.63904
ALBGKPPL_388_24,380.0249,421.92322,301.43332,385.30063,411.28348,432.44598,403.66312,456.4765,479.2982,490.8804,304.9654
IPKLMCOG_56_22,216.80508,292.84485,302.69382,281.3134,384.66226,383.077,349.53247,347.8864,418.67105,406.4575,305.00754
ALJMBEPD_170_9,284.34543,484.78247,406.41205,476.45227,490.79443,472.02325,486.7868,468.62735,462.72745,484.97644,305.73465
LKBPNCKB_222_3,240.44812,321.71054,245.10864,275.10922,327.33673,275.2582,284.3349,320.4666,381.88657,399.09845,305.94412
ABBBLBMD_104_2,240.44812,321.71054,245.10864,275.10922,327.33673,275.2582,284.3349,320.4666,381.88657,399.09845,305.94412
LKACKFMG_19_32,240.44812,321.71054,245.10864,275.10922,327.33673,275.2582,284.3349,320.4666,381.88657,399.09845,305.94412
GGJMJOFG_17_21,240.44812,321.71054,245.10864,275.10922,327.33673,275.2582,284.3349,320.4666,381.88657,399.09845,305.94412
LFCNJEPG_34_26,300.6693,435.96857,403.96716,416.25262,425.96207,410.55017,382.4174,439.14774,492.1323,435.79053,306.31818
NJPCPLPI_314_6,185.58783,288.04877,298.77435,313.71616,365.32806,360.8448,324.27618,345.1628,436.92676,433.9817,306.3572
BFHHFIMI_202_8,283.972,374.50946,373.40527,373.68018,429.43283,401.84204,405.77158,394.52014,469.50375,460.65866,307.06818
FCLKNIGA_179_1,278.35785,349.19815,343.16895,321.4697,374.15356,316.88647,315.50385,356.34058,438.71063,432.49005,307.96854
PILMEDLM_205_10,260.09567,348.24292,347.69592,338.57153,353.0289,335.00287,336.35205,336.9217,433.0575,425.07318,308.14148
ECPBKFON_125_5,197.39273,415.24493,370.10718,339.16534,375.51575,388.11136,396.18243,392.16272,495.1975,436.19144,308.81183
CFPHHOAB_24_1,368.27533,477.169,402.0359,457.4818,456.3305,433.1332,463.44385,463.63297,500.8227,499.19727,308.98468
DPBJAADB_41_1,345.42584,380.3424,327.50323,333.26288,463.4092,417.31973,408.95615,458.5843,488.91666,506.44885,309.16055
CENODMGI_20_1,234.30095,366.5588,323.33783,324.13788,386.69473,336.41586,354.2072,387.86935,464.73932,461.65146,309.19595
BKBHMIGP_30_95,219.48741,319.31393,285.29648,300.5209,358.29572,300.5174,326.78705,351.36536,427.33215,444.41858,309.32306
DBCHONDG_144_3,407.1696,479.61182,457.31058,453.04282,491.46307,457.93967,463.50726,483.69556,510.52692,494.5318,310.54367
EKNKAGOK_539_2,231.155,459.1663,405.31708,424.10495,470.91797,478.05295,450.65054,445.7528,501.5967,475.15884,310.8717
ANCDLGFE_9_6,254.72502,371.0167,340.5357,364.5593,384.99664,379.84277,362.7524,384.4435,466.45905,475.5116,310.95706
OLACNJPO_151_9,336.62372,463.558,425.00098,491.4034,485.80273,472.6857,472.4078,462.65082,479.7972,500.6803,311.23102
OFOBCBEG_40_178,198.94997,477.24417,296.67056,455.37964,504.42902,474.78833,492.03552,477.6725,497.09952,486.61508,311.30902
NGMOPKMC_108_7,220.8786,335.58038,344.4722,314.36578,351.1858,350.8854,333.48648,381.20828,442.11514,472.07944,314.56973
BKNOFKLA_118_1,237.44424,355.0344,418.25696,365.66696,459.72806,381.30777,413.06207,403.8611,438.61075,438.7727,315.56598
JCMCOKNO_551_1,299.87546,372.45508,363.932,388.10233,432.39948,391.65155,408.71713,406.9515,490.76508,457.81668,316.177
EMLCJMHO_60_2,315.85904,377.26605,351.94162,350.76974,388.8006,355.09866,373.95905,398.7435,433.3723,381.56873,316.26297
BIGHILKH_204_5,228.84502,401.47498,351.9241,384.57126,464.8962,476.35294,462.4154,490.26553,496.26602,500.21805,316.28928
FHCMHAMK_82_16,129.17212,332.77478,238.12334,272.09625,429.14795,353.7963,379.7044,400.44904,435.40582,528.25024,316.43372
HDNFIEHE_34_12,264.7501,336.9184,276.79257,344.25928,365.0302,339.37967,348.8479,360.37823,456.63458,458.3048,318.97736
NFNJAJMK_17_1,245.25774,356.45172,340.23077,349.08594,373.78162,340.05258,338.17078,355.749,447.30997,425.04584,319.169
IKNLBCIC_18_79,219.77309,422.49652,350.11188,371.791,428.57764,385.7683,384.67975,449.6564,497.8216,518.53735,319.28763
DHIBOGDD_169_1,337.6893,431.71188,406.2237,408.49808,466.45322,450.67365,417.90552,458.31506,506.86453,510.65704,319.58194
GNKANFNI_17_14,203.58282,366.40558,319.66525,384.36475,448.85602,438.684,428.20752,421.03467,489.16223,459.94016,320.0412
APGDIBME_1_14,203.58282,366.40558,319.66525,384.36475,448.85602,438.684,428.20752,421.03467,489.16223,459.94016,320.0412
MBJKJAIA_613_1,377.89697,497.70935,478.81088,472.68158,496.55716,473.0149,478.4647,484.07498,505.9336,486.38754,321.89893
GKEFNFJJ_191_5,156.20708,344.46887,266.124,283.7783,382.59335,380.08655,344.92648,360.0306,420.83167,445.45096,321.94638
ICBCKKKK_185_44,296.3009,418.91095,321.44443,396.29962,491.40063,438.16418,419.49872,467.01245,475.84116,527.32385,322.87836
LAJLOBNE_215_6,250.34836,384.45422,346.6279,313.75128,394.26675,356.82214,360.76816,371.8486,432.89417,482.97958,322.99387
JKANDIBI_46_7,294.85968,395.22562,330.63568,353.07025,419.5767,367.60278,398.35397,359.6186,422.72763,471.26846,323.21716
ALECFFGP_94_4,295.20074,323.26932,294.042,336.7054,376.156,357.46597,358.9488,379.6632,437.58142,482.28793,323.92203
BMNDMLLO_81_4,193.79968,300.25186,270.7446,349.42026,365.7459,316.021,358.631,326.6524,417.88885,432.05637,325.31427
LFKANOBG_147_1,171.5448,373.40442,369.13498,372.80927,395.945,373.10825,394.4948,407.6132,465.95575,454.66858,326.08527
CHIBKKCF_249_4,379.26794,433.73007,365.42688,376.02466,443.03137,438.9185,472.2738,466.7946,499.66193,514.66943,326.22565
NKOFHIIF_531_9,154.63348,412.34286,302.07547,304.41367,422.19925,336.9154,329.55396,368.79572,439.73584,486.936,326.56516
CICNOPNC_148_2,226.00891,449.26944,333.15897,425.0876,423.65332,462.1197,462.30164,465.0536,487.4024,473.06888,326.93884
BLKNPGAP_110_15,97.54451,369.64752,285.9051,250.30215,406.53235,346.62787,347.33185,383.9849,464.69507,518.8819,326.96213
JEGBJGEC_124_10,103.7659,377.23785,216.78717,271.91095,361.4323,353.07025,390.23035,429.20175,494.83914,493.65494,328.18945
NLIOJFFK_44_39,441.28702,471.76166,378.64587,449.07703,469.49762,466.7077,479.56256,492.45834,497.0136,510.8225,328.78076
FFNJLNJA_18_67,392.9521,450.03125,394.3163,419.1208,451.3323,431.3496,434.10205,454.78375,508.72574,510.05536,328.8194
BMKALGPG_1031_4,330.7086,452.27747,348.00922,398.15555,404.12585,396.8455,376.95596,403.431,457.59668,496.80188,328.92365
LHGKDENN_98_19,467.23135,486.07605,489.35437,463.32407,498.7708,476.22217,445.90216,475.16702,456.0768,462.5379,329.21265
IDKIGBJD_168_5,171.19516,291.68674,248.90817,217.40413,299.38065,304.6789,309.40457,345.86792,482.70703,431.7797,329.4601
PJLGNEKC_56_9,335.46988,420.78687,413.9878,393.69244,439.8722,421.11646,394.3526,448.04437,487.34344,501.0529,329.93448
EAHMDHCB_21_1,219.98756,396.5685,371.24817,365.2501,421.67496,434.4843,425.14703,425.0297,500.56253,442.63953,330.68698
OHAGCPAB_196_4,341.8898,390.75632,345.89682,418.89935,436.15967,421.4023,391.5508,428.0282,492.96466,463.44757,330.68912
EBJGJGPE_487_2,265.11255,365.57297,347.92062,340.16208,392.5957,345.39584,360.99548,379.84375,450.62527,453.54144,331.95898
PAGHHCMK_39_5,89.471016,426.31818,248.93123,344.40326,389.86533,339.6784,342.90457,394.64392,489.87485,487.39383,332.73215
LALGEODK_15_62,248.70857,463.9049,412.75165,448.8004,469.05685,436.22617,454.8864,476.63312,501.70795,413.96375,333.06696
OLHBDDCL_19_1,348.0901,422.02264,389.07892,419.62662,399.91138,391.0304,395.87534,402.11453,491.61136,437.61276,333.21326
FJIODLBK_50_111,319.71454,379.819,375.55072,370.37195,406.5976,404.5759,412.0548,410.77527,494.02405,486.76996,333.99005
FGBPHCAI_72_17,354.12027,352.11044,317.9214,366.32587,381.1546,375.24075,351.39053,375.2936,441.46426,439.88138,334.06204
CNCNCCNP_227_4,273.36102,422.37952,333.89407,400.59247,444.8821,452.7587,464.1588,464.74277,510.93704,504.40326,334.63336
EIKHOBMN_34_12,409.9174,487.54495,416.6816,461.52484,447.99963,461.15564,483.7194,456.4234,484.9136,510.70944,334.66403
EOOHJCDJ_283_4,255.09732,375.42813,349.89218,342.83908,377.82938,367.19666,347.13474,362.4823,440.51724,458.0783,335.3755
OKHNMCAF_31_64,230.9368,391.7561,367.7193,403.14865,487.73633,511.3824,516.7961,486.91855,508.81848,529.1313,335.72372
KIMHDIKC_13_7,190.91743,469.69238,313.41348,375.44946,453.84268,456.5989,484.41522,494.02887,521.88556,482.64877,336.18158
BBBCDLJB_456_9,277.9162,326.26343,307.9708,333.90958,355.5944,309.7307,301.4661,345.63574,443.27872,429.64343,336.22733
NKNCIDFI_428_1,283.62195,395.7308,269.66473,319.78467,430.8366,362.53943,365.51535,412.23535,483.56732,469.5934,336.33215
HDCNPNCJ_28_16,285.352,448.74036,398.74738,483.61615,446.287,459.86578,449.65738,443.30365,472.26825,473.10153,336.8664
GJNOLOFI_197_13,284.51163,378.99792,313.64505,391.4633,394.06433,369.51273,400.76068,384.5597,463.94867,455.87567,338.78607
NNENBOCK_77_7,179.44446,302.80902,259.04352,224.16531,311.68225,306.3397,313.9859,350.5227,489.15628,434.36145,338.96176
NEFIDIMH_38_28,179.44446,302.80902,259.04352,224.16531,311.68225,306.3397,313.9859,350.5227,489.15628,434.36145,338.96176
MGGLONMC_44_9,179.44446,302.80902,259.04352,224.16531,311.68225,306.3397,313.9859,350.5227,489.15628,434.36145,338.96176
ICNECMED_168_11,358.5584,376.48468,400.29608,388.86493,399.53995,398.50974,416.01123,413.64767,506.73923,458.80835,339.06805
ADJEFGIL_9_6,284.96472,354.36914,331.96725,324.29715,384.23853,383.15356,358.62595,391.53796,507.89218,465.71893,341.48727
JECBHHKC_163_2,53.49312,384.68845,104.83027,214.8709,363.21277,350.62143,369.08182,459.95667,511.74896,526.3884,342.1097
JIPOEFDI_23_2,285.30817,465.78445,416.1476,444.37433,490.47736,456.908,447.25308,451.8853,501.13312,444.6098,342.462
ENCDCCNJ_257_3,293.62595,366.97903,316.87,374.3898,427.35626,415.28046,415.05124,418.89328,475.91272,476.2467,342.79135
JCAIBNCO_74_3,245.83684,369.59113,399.43887,367.36288,405.81445,392.01816,372.65112,416.66833,465.12662,474.31204,343.2604
HAEKJFGP_78_2,415.11597,503.00156,401.3708,501.99115,516.14246,505.81717,503.4126,507.81778,503.75757,492.16498,343.4823
ELAIDHFC_18_1,272.9503,379.505,397.73636,368.45636,406.38812,364.77698,387.6196,393.95255,473.75067,437.94595,344.0761
DFDIHNMG_192_4,299.9145,412.1128,392.79752,380.76276,402.99008,427.4562,405.44357,437.4336,520.5965,463.64062,344.94287
NKOFHIIF_752_3,299.9145,412.1128,392.79752,380.76276,402.99008,427.4562,405.44357,437.4336,520.5965,463.64062,344.94287
OOCMFLME_58_17,259.76807,377.84647,372.5428,355.4655,398.92056,402.66434,380.07373,390.81595,480.13495,462.31277,345.0746
LBJGNDLM_58_1,204.33545,381.48987,325.91,308.70203,361.8666,370.69644,364.47025,395.96115,436.68225,374.14856,345.09866
DCMKIBAL_34_5,185.91582,436.3285,362.4062,411.63986,487.4315,460.30487,449.65912,486.8427,513.44037,488.27676,345.51993
FBCGENOP_346_3,319.22867,485.82886,436.23956,448.28244,474.4253,457.50476,461.49896,457.7721,477.72675,467.73557,345.97754
CPPEEGKI_126_3,290.9014,406.42917,328.3356,417.70486,478.95523,487.79822,508.5133,467.3875,493.60327,513.77893,346.25665
PHKBGOOM_74_5,277.98206,412.73578,283.81503,406.08566,477.97192,446.24597,427.48758,455.08658,500.26257,515.85596,347.3718
KNIBKCOJ_192_2,75.47065,218.85818,241.45384,248.36299,366.65753,356.28003,388.51093,409.75,499.695,534.24176,348.55737
LHGKDENN_42_7,406.21375,427.9125,366.2719,404.23172,458.68054,417.92593,440.50925,429.4663,504.25946,453.2979,348.67773
FNJEANDP_364_3,235.99149,304.2908,305.08716,346.26178,364.1535,374.43103,353.8523,375.5163,453.03665,461.03827,348.84488
NBHHOGLK_65_2,376.35464,438.22913,451.21008,438.45197,458.01474,432.57535,444.02734,443.70718,498.938,510.59985,349.20245
PMJKNAEO_8_21,368.68082,294.0032,339.5569,389.82294,437.91638,478.1125,512.6815,482.8777,489.97913,500.50717,349.42972
NKNCIDFI_598_9,271.73328,324.3449,325.32874,338.4477,373.84576,326.25934,322.76712,354.22864,424.69528,406.57068,349.7911
LKACKFMG_27_37,335.54935,421.17865,399.4235,396.57413,429.8423,418.8387,383.4256,361.84445,469.4688,436.10883,350.17664
GGJMJOFG_53_10,335.54935,421.17865,399.4235,396.57413,429.8423,418.8387,383.4256,361.84445,469.4688,436.10883,350.17664
LKBPNCKB_239_10,328.3385,420.87976,397.1454,392.76447,428.89502,417.25385,381.81747,354.9687,465.698,432.24274,350.55066
PJACAEJC_217_1,341.1564,392.23633,388.13007,390.04858,398.9488,368.43994,376.1323,383.79205,459.74615,449.50073,350.794
HNCLEMDB_146_13,220.56238,356.74564,259.93774,502.6557,421.87686,434.4575,423.8176,420.9809,490.96732,505.86148,351.29324
ICNECMED_121_9,368.14236,425.48306,402.3193,450.64902,417.58585,440.229,359.6093,436.8208,481.081,483.36206,352.32294
MDJGNOFL_149_1,340.5393,456.0604,421.22662,429.9888,445.39536,434.20477,387.7087,416.13123,476.61493,433.20505,352.97717
PCNLCECH_92_1,362.94675,471.02393,453.68713,436.1715,417.46594,462.08398,430.4436,441.6349,474.1454,539.75146,353.1618
EHKJGOEI_468_5,312.92783,382.65582,323.83414,371.38205,402.55524,387.7745,412.93814,423.33118,459.31183,481.34265,353.462
NDFDGGDH_68_23,386.5254,451.4582,439.88272,420.73206,450.8444,459.14,439.30286,458.15674,497.39078,505.0878,353.57953
PMJKNAEO_6_36,249.62051,348.63913,300.21838,327.80624,398.0894,353.1344,335.24948,358.68158,447.3896,453.14655,354.4842
PNCLIAJG_8_2,181.95346,348.4389,305.35062,363.456,391.0997,335.61877,341.20157,366.46704,463.62332,462.87427,354.48947
FPKJGNPI_412_3,274.39755,380.24295,356.52072,326.7222,408.49512,400.27145,341.76794,422.43076,453.88672,465.09833,354.88483
DBCHONDG_295_6,271.71722,429.91187,380.08878,389.91577,462.39288,427.08066,448.76578,455.16074,497.15955,496.47293,355.42358
IAKFMJEM_183_8,305.25122,371.13306,323.7883,434.53705,418.65524,424.4867,436.31976,472.38278,492.8155,477.09753,356.16876
FKKLMBGH_13_122,268.41342,404.06223,353.27725,343.22296,387.54675,342.01688,326.01117,346.5543,456.47552,417.08954,356.20682
AALBNAMJ_30_8,281.0359,443.98203,397.0362,400.0202,447.32153,415.46185,408.0991,440.07217,491.28723,466.2246,356.3764
HOOJLFPK_26_13,258.34467,396.50122,324.7439,374.1806,415.43146,373.9038,387.7154,401.17233,443.27972,448.78046,356.99567
ABPACAOB_232_5,339.58887,453.2518,424.83472,486.14005,483.66925,485.36166,471.72116,474.81683,490.36227,527.07294,357.4282
BIGHILKH_237_1,321.7375,478.3577,421.7452,412.9566,483.67072,459.50156,416.55783,446.52197,455.74905,482.20544,357.47058
LDFDGFAA_297_3,316.17484,433.16385,425.3225,425.043,451.7983,428.2564,428.51904,443.47543,478.27087,486.37643,358.12415
APLIPKFB_18_25,271.1486,333.05542,339.70825,370.77936,396.70914,398.2673,386.26706,396.69882,467.8729,466.04904,358.50345
LAEAKBMI_238_1,183.1358,379.45004,340.38046,357.5209,423.56354,392.42206,371.1396,392.69543,454.2678,481.29645,358.9933
MJHGFBCG_160_37,122.51915,353.5043,284.62302,261.0536,339.80576,331.57892,310.4918,379.56345,425.1088,355.10693,358.99893
LHGBMGDM_406_1,292.8888,483.64505,389.91034,425.1136,501.96472,481.89783,496.54724,489.7538,524.0688,512.337,359.41284
HBGCNCHA_7_5,368.45728,410.70706,347.23163,375.962,454.05493,419.27963,421.54297,442.67438,525.5611,483.0531,360.11884
GGCFKADC_327_1,339.89386,456.68103,402.43295,408.70322,406.558,430.8445,380.25494,474.8165,486.72504,495.9713,360.15997
EIKHOBMN_3_1,204.88545,478.75842,430.03464,488.31027,482.71387,501.25238,465.5081,518.54095,511.4908,478.03183,360.57324
IHHJCMMD_9_4,251.37613,429.2144,448.30923,449.41382,470.04764,445.98376,461.37354,432.96912,497.9681,501.85474,360.66077
FMNJNAMI_146_6,420.07193,442.3685,440.7468,446.5561,459.0814,459.2197,444.70078,453.93573,500.38922,480.53735,361.40396
LNHIFBOF_91_5,302.30573,452.17487,412.46494,387.61722,495.33694,512.5277,498.38965,503.0512,518.3154,500.607,362.29675
LFKANOBG_139_10,397.8712,463.37573,434.59756,473.6471,459.90222,433.13394,446.9361,454.1488,482.20566,479.13135,363.3014
HDEKGLIK_228_3,335.14935,477.23212,341.45462,466.0465,512.2421,483.36862,470.9779,476.02112,499.70395,514.968,366.1769
KFOBHDBC_513_2,409.54672,471.5499,432.50555,474.41122,470.633,462.6525,472.8264,479.7206,503.0024,525.86316,366.26608
IPCMLAMI_131_12,397.3522,427.41248,415.29092,452.95023,466.49194,448.67386,424.13663,444.70813,483.63724,477.6111,366.98837
EAHMDHCB_70_30,262.86044,450.34146,380.46765,384.16675,463.11057,407.6902,414.3759,445.54678,482.1291,509.1921,368.2211
FFGAEJMC_46_75,262.86044,450.34146,380.46765,384.16675,463.11057,407.6902,414.3759,445.54678,482.1291,509.1921,368.2211
KHHHKCJG_227_1,480.29193,474.2853,473.7312,490.4289,495.1997,491.35806,472.42856,486.9556,497.1681,511.4227,369.01273
EHKJGOEI_17_2,354.73083,451.14078,453.4813,441.62454,466.3841,443.3202,428.1984,432.44064,522.7061,503.2456,370.1433
AMHNPNDE_87_5,312.95383,487.91266,413.66144,407.71964,455.50613,445.39188,432.11887,462.044,507.35223,470.81332,370.19913
JGAODFDO_14_2,307.87616,416.20963,451.48718,389.18146,454.18018,418.07916,417.13324,442.31244,452.90164,516.5268,370.57703
BKLBJKCE_140_5,231.59343,474.27454,289.64633,338.88245,466.36597,410.0299,412.6883,470.76633,451.97055,518.68097,370.7926
FPNGPMKE_109_4,319.174,443.7118,453.80472,441.016,443.89133,429.9553,435.97604,441.59314,469.943,543.6392,370.7974
AOLGDHFD_212_11,339.50128,360.47397,327.02856,366.26108,397.73434,369.34772,339.49014,350.28177,450.58203,438.03754,370.92273
FIJJPHGJ_138_1,332.69412,359.3338,364.82642,403.973,421.19818,414.44592,410.0724,408.84122,484.63132,488.31573,370.95126
EKBDCPHF_24_14,348.97614,400.7064,362.88837,362.28912,413.2524,376.57016,374.63443,390.05222,479.08728,472.13583,371.65048
EJEDHMNO_255_1,432.86575,454.66946,467.78656,446.3921,468.51096,456.9119,447.2426,459.85107,464.79663,464.8086,371.94882
KOOHGOLM_320_1,437.47244,458.5528,449.52655,440.5184,469.23962,451.58682,460.2322,469.1079,499.54538,451.82962,371.9767
JCKFNMMM_90_1,333.87006,458.46594,369.61584,421.68777,500.72473,461.27527,456.85498,479.26306,497.706,502.13333,372.17575
JDINJJPO_7_2,250.88544,395.46838,384.34277,353.15747,391.78314,389.9774,367.31558,390.20728,451.8976,428.7541,372.25
GAFJMEOH_68_7,269.2221,464.0533,410.325,441.60718,448.42773,461.33902,471.28168,452.89294,511.76096,498.6862,372.4094
KKKAIPPD_16_2,279.79987,382.42386,367.36304,376.18924,401.3959,366.73465,344.14685,398.39,465.836,457.51886,372.8606
LLAKNECE_83_2,305.88602,444.93265,326.48883,385.3777,437.62976,443.94388,444.4783,447.74872,502.9912,512.9119,373.2205
AMCEHCFD_139_45,289.92548,361.94366,343.69272,360.5441,381.09842,375.219,390.86658,419.43988,479.10513,499.1228,373.22583
KNGHPBFF_207_14,289.92548,361.94366,343.69272,360.5441,381.09842,375.219,390.86658,419.43988,479.10513,499.1228,373.22583
KDPMIDBH_236_2,219.4413,427.47318,454.72223,440.9204,436.59662,430.77188,424.34042,431.8454,504.79248,436.06,373.85538
PINHJFLC_508_5,317.73865,357.2444,360.9795,376.85406,377.77576,360.65085,351.61633,360.2528,448.09222,459.72055,374.10782
AMGCNGIF_35_5,336.62708,382.3333,324.3213,392.54068,431.00006,438.39658,438.33118,435.23914,473.44348,476.1526,374.2739
MJNBCPKI_33_10,251.40543,469.8188,351.48682,392.40588,432.5896,386.2077,403.68182,515.7929,538.3968,537.9368,374.3002
NNIJCGEL_214_2,273.471,429.0796,447.899,469.53372,419.21954,459.09793,449.88507,423.67584,461.83417,465.05444,374.3232
NNIJCGEL_267_22,392.93762,407.20517,399.46255,403.07248,424.48767,421.91687,340.89212,427.1361,475.46503,479.90625,375.4937
GEAAAAEN_30_30,253.55698,468.05795,426.53702,417.66196,458.66843,410.00662,408.1541,451.49615,514.4187,483.2854,375.95172
FLFHMAHC_168_4,350.87167,464.42297,400.7853,460.0599,423.12704,450.40173,409.8354,457.25827,467.6127,488.84766,376.23328
PCFAOBBO_332_1,283.12662,435.53415,372.19577,421.19403,437.2389,423.13358,377.87994,395.70782,414.09378,504.58923,376.30927
INCGMNIA_335_1,334.63568,453.09097,460.42014,442.2903,444.12537,438.7989,439.04596,442.62698,468.29422,539.6243,376.38092
MHOBFLEE_127_3,381.3794,479.6686,430.5711,432.92914,470.4362,459.26978,451.09583,464.3759,482.52655,469.8684,376.79102
ICBCKKKK_253_5,378.0875,404.23837,377.82852,406.49036,446.6035,415.76044,387.1441,425.89328,494.0118,474.60364,377.29132
PCFAOBBO_29_1,305.213,434.98624,393.38266,428.10446,478.52792,487.62714,468.06998,508.0616,468.86682,518.9626,377.47266
JDJMJEBK_126_3,381.67578,483.44934,530.6316,435.35165,460.41458,448.87216,455.28894,482.08893,482.8353,421.51038,377.5102
HNCLEMDB_201_2,332.8011,528.8285,507.62476,489.84238,523.2888,498.84998,509.27234,475.2056,512.0192,521.0711,377.62665
NKNCIDFI_259_2,312.86728,348.44052,378.41138,367.0937,394.3121,358.83865,348.9751,379.0314,453.6009,435.33945,377.6969
IAJGHCOB_30_5,290.0942,384.49026,294.186,429.2086,415.55966,411.84113,418.46942,413.8648,471.19293,488.26645,377.8174
DHLFLHGA_687_6,302.3916,390.9458,370.01184,342.95163,401.0085,384.3617,370.92163,407.16684,503.834,494.94293,377.93042
NCDAIAKF_74_2,374.8916,520.20764,500.60596,490.19623,507.5071,482.687,480.84998,504.33417,508.44238,475.10876,378.0742
KLFLDMCD_69_3,283.53983,433.8215,342.33173,390.93097,448.4619,411.48523,367.16812,421.2876,498.34747,456.67328,379.97296
FGBPHCAI_87_37,290.64035,474.72882,456.1501,426.6806,477.53613,447.0769,471.3943,459.86295,496.07916,492.06122,380.02295
AMOJAIOH_19_73,290.64035,474.72882,456.1501,426.6806,477.53613,447.0769,471.3943,459.86295,496.07916,492.06122,380.02295
FJOFIFII_351_1,234.3001,456.23886,431.46722,438.80893,476.6651,455.97128,439.69638,466.6435,511.49963,507.2736,380.20898
BMNDMLLO_474_2,318.57343,359.7724,365.8077,371.9318,399.8692,381.75925,386.78784,372.20898,477.66284,406.3285,380.7397
PCIMOJGB_114_30,301.95093,374.04312,383.32504,351.0653,421.24115,407.07657,427.62604,412.2185,480.60455,484.6681,380.98822
CICNOPNC_108_13,322.64923,463.47696,431.34106,425.74423,483.53986,504.3034,493.06747,500.63715,500.12115,515.77435,381.36313
NGHILOBA_32_8,302.95676,421.97302,368.52585,420.7979,447.62585,415.1983,433.22992,417.1433,460.93878,484.53247,382.5416
LFICFLKJ_70_19,283.86877,439.6442,403.65375,443.94867,430.49374,432.0711,439.20465,435.28122,487.36765,489.85907,382.92807
EFPKCKDP_19_38,357.9814,500.6825,356.77344,403.72568,498.46674,467.3196,472.9635,454.16464,484.77515,510.32483,383.5714
MLCNNOGE_47_19,355.47214,400.28488,400.34796,420.5855,429.70844,432.15802,443.9464,429.0167,507.69852,472.9654,383.58957
NMKPEHHP_83_5,262.36343,387.70914,383.13788,387.6723,373.2339,415.46228,412.30307,397.55167,486.05096,471.8874,383.85022
OKKCHLFC_609_6,393.7886,436.15662,438.83447,425.64542,455.17215,429.37354,446.84518,451.40405,466.37106,499.74258,383.91644
GGCFKADC_281_11,414.84763,462.2217,438.33893,475.43542,452.02875,477.607,442.15436,471.50143,477.03323,487.062,384.55988
FGBPHCAI_21_16,396.78522,477.5696,507.55615,467.9865,478.3562,452.4529,474.97946,489.35852,468.0299,445.77817,384.91705
AMOJAIOH_90_18,396.78522,477.5696,507.55615,467.9865,478.3562,452.4529,474.97946,489.35852,468.0299,445.77817,384.91705
EACKFKNK_88_3,339.9015,417.2571,413.9362,387.95767,463.2565,412.13815,426.52914,437.44244,475.74594,500.94196,384.92386
GOPPLFKP_39_28,365.88336,477.41367,404.29297,445.97153,466.00208,469.7606,499.49133,482.7214,517.35864,511.99496,385.18573
GFCMJPMJ_158_5,303.75415,417.9798,373.6908,387.00604,416.37988,398.5409,380.44867,410.45956,473.57318,475.5176,385.22397
LHGLAGHD_6_47,429.1793,441.53934,437.75925,416.0989,472.43167,449.29114,467.48608,459.24533,492.85864,488.55298,385.76624
BIPNPGMJ_161_2,299.59418,419.95865,394.89993,378.32953,460.5338,454.11917,432.7778,427.39905,464.49347,512.8096,385.79028
BKLBJKCE_204_14,371.03983,457.10858,454.00003,461.3678,470.18393,462.90533,476.84314,439.09912,481.9122,480.2424,385.98956
CLBBIEOL_24_3,316.49524,446.95322,339.62228,462.29382,459.0085,414.26245,414.70163,445.67435,503.9642,470.71225,386.0459
OHMOLDFD_363_3,316.49524,446.95322,339.62228,462.29382,459.0085,414.26245,414.70163,445.67435,503.9642,470.71225,386.0459
KCHELPBI_263_5,302.4613,378.47897,363.96106,357.88354,441.86057,421.05884,485.603,455.76364,501.72705,496.34058,386.21307
HKHLFAFE_360_1,244.5949,418.3308,347.06616,349.91797,429.05075,393.12463,394.2051,399.9808,482.2392,462.4726,386.30157
IAJGHCOB_138_6,367.4062,416.65857,391.07977,418.79276,437.91895,437.18228,434.93234,436.5508,489.5162,447.70868,387.17487
KJBKIOAM_80_27,307.7632,370.08868,337.8844,386.41275,375.21677,369.258,330.71313,355.06555,505.32898,452.76538,387.37335
OOLOLMOA_57_9,307.7632,370.08868,337.8844,386.41275,375.21677,369.258,330.71313,355.06555,505.32898,452.76538,387.37335
FADKJNDK_87_1,353.0144,426.80338,414.70288,437.02722,427.31866,400.596,405.30307,419.673,500.59824,443.64273,387.6972
OLFOFOJF_94_3,414.63977,496.15253,478.51086,476.4801,517.0319,483.98645,482.30267,520.8152,514.68665,463.01703,387.94992
EMAKPJIN_100_1,330.7796,405.95563,335.2396,394.0066,469.12924,420.13556,399.97583,473.80576,501.81863,519.3258,390.20593
PEMCANAD_78_1,316.81372,350.9037,333.90176,373.03842,373.22754,373.99805,349.5318,383.17825,438.72876,458.19702,390.75958
OONBPIIP_332_2,440.34778,461.20636,454.72025,484.5931,511.26978,507.42868,515.2981,504.62448,501.15265,495.3079,390.78995
DBOFCDMG_63_27,491.48303,497.19147,497.3817,495.27383,502.45474,483.2314,495.49466,499.5926,507.95044,486.85535,391.26068
DLFDEKGP_30_27,335.4008,421.41913,396.14926,427.92645,463.4422,429.31314,458.96414,448.48297,487.01007,505.5003,392.48376
HGNBCPJM_10_2,384.32013,512.95544,518.8605,503.17517,510.94324,494.03534,497.2051,508.1514,500.04388,469.58734,392.9876
EBJEFPEO_57_42,304.7096,405.13535,377.15103,391.90228,466.05444,446.67447,432.9314,482.6532,479.8546,504.4298,393.18506
EEOPACND_278_7,399.13416,402.34525,397.2519,434.84082,433.4955,449.1098,439.30023,448.65076,503.42682,503.85236,394.3118
FLKMLDCN_24_1,307.17776,454.8228,445.96506,378.43842,456.82437,426.4612,432.72223,437.2025,478.65262,492.36133,394.59152
ODLGHPJG_124_1,371.76804,374.66974,378.91507,381.18713,408.77533,414.1837,439.5852,430.07,470.03394,483.70355,395.17834
APLIPKFB_158_9,291.2068,383.13504,373.38794,353.6041,447.41266,379.91486,400.13824,435.51923,469.98682,504.67517,395.85892
NKNCIDFI_641_3,203.67998,519.5112,396.0561,488.58347,516.5686,470.33948,503.45212,512.77606,501.62518,499.2358,396.41672
CICNOPNC_2_7,358.0351,456.33246,365.11993,395.58075,460.9811,431.85095,430.77188,448.4009,449.31528,515.18396,396.7705
FGBPHCAI_57_34,395.22873,404.5877,411.09955,427.32126,421.90466,425.0112,440.08813,435.56964,508.18372,505.4039,396.8014
PPLLNGHE_295_7,331.68686,444.83936,434.87314,413.5883,449.89154,427.38956,430.71844,459.6501,496.0705,485.80164,397.1648
HJJGMEJB_29_35,258.99878,391.7,336.5475,378.61517,415.8639,416.1605,434.81885,433.4193,455.7839,492.25037,397.3976
ADKCALKC_66_49,309.36145,403.36786,369.25183,413.45593,452.60547,461.91577,445.11404,450.43527,474.8045,459.85468,397.68622
DGAMHEBP_134_33,226.44412,429.54858,417.61725,353.90036,439.37274,412.86533,404.71252,420.94608,464.79242,480.57834,397.9987
OONNNJMN_99_4,226.44412,429.54858,417.61725,353.90036,439.37274,412.86533,404.71252,420.94608,464.79242,480.57834,397.9987
LJALBDND_235_2,104.66474,418.55353,384.65286,380.68808,413.9474,452.92856,473.55106,415.62115,451.53696,458.3692,398.33926
MPHHIGMO_368_2,317.47623,466.37216,466.1878,447.90454,476.0838,443.4115,449.96738,444.88477,480.04388,491.58078,398.70395
KOOMOCIH_110_11,388.6191,422.2934,412.15414,422.9779,440.85385,424.91385,419.97095,427.5963,492.76437,468.0888,398.84097
IEAPBGPM_57_17,377.31226,483.1513,476.17126,448.48724,493.64948,479.72916,485.1639,489.95605,505.50952,517.27655,399.82953
NFGOFIFO_555_5,408.18314,418.0262,405.7825,410.66727,459.1722,426.7034,416.5753,444.16693,487.3407,488.8337,400.15805
FAKNGFII_286_15,338.32718,421.83328,350.87277,411.64734,434.60373,421.1167,328.18024,389.43338,484.66705,474.65805,400.60132
JOHHCMNB_98_3,332.00522,427.24045,466.384,437.41312,446.21014,484.53732,472.41513,497.00757,480.59567,529.22644,401.18146
NLMDFIEA_264_40,410.1966,527.78204,510.18344,504.7907,516.9194,505.50873,538.8749,479.65155,508.50928,498.12958,402.37198
PNPOMJDI_39_42,410.1966,527.78204,510.18344,504.7907,516.9194,505.50873,538.8749,479.65155,508.50928,498.12958,402.37198
NDACLIJG_25_1,227.40123,450.23532,397.3511,442.6368,457.44357,467.19556,443.78665,439.55402,475.40475,456.62094,402.5686
JDPKAENK_43_1,381.4977,437.118,434.44815,431.7453,446.05066,451.86908,447.89264,427.14697,480.08575,485.2156,403.06442
BIPNPGMJ_299_11,336.42615,413.10257,381.2684,400.65125,468.07883,418.12534,419.28146,429.94464,490.5942,509.33905,403.19708
EJJLEDJN_69_24,380.5757,457.48758,462.2118,447.8739,495.65137,429.66992,450.1561,469.8005,495.57767,520.56415,403.60437
FBCILAEC_311_1,319.0155,342.3764,329.85248,396.2542,414.41644,394.97647,389.45624,422.82312,456.2539,451.14502,403.80966
OAGAJOKM_21_2,431.03647,470.6222,479.82425,465.87808,482.34683,478.70773,470.10132,483.31668,493.14667,491.43695,406.34888
AAFKEBIM_2_1,354.5645,395.57278,366.8855,384.66345,409.00433,366.84198,338.0723,345.7541,451.1029,474.6924,406.77194
FPPHCGEG_33_6,278.25818,351.16498,364.39224,352.79803,380.82907,395.58304,379.37747,381.14386,502.01202,441.10675,407.3376
OEKGDMPL_93_4,430.16864,450.51312,408.31845,470.18884,442.2734,459.61682,451.7872,488.3166,468.02264,515.3362,407.6731
GNJEFLLD_1_7,372.46103,484.68613,459.97183,448.57474,464.38196,455.0811,437.84943,454.26346,496.14218,496.1565,408.42966
GKAAFCEO_41_2,385.1473,425.9813,411.94672,408.30548,482.9868,437.4146,432.20898,453.07623,504.52197,506.95715,409.15744
GDAKIHJJ_73_7,385.1473,425.9813,411.94672,408.30548,482.9868,437.4146,432.20898,453.07623,504.52197,506.95715,409.15744
CGGEEMNC_525_3,489.69064,498.82837,492.3748,497.62473,496.0134,499.68994,495.5353,485.05212,507.41046,498.29416,409.95438
HLAJGKCK_275_1,237.01488,371.10324,351.59872,361.18463,412.72104,416.2754,388.44647,363.94937,428.2304,480.3083,411.1447
CBENGHKH_14_6,433.47797,447.94376,392.35312,467.4989,453.17758,442.16864,426.54028,436.74612,487.67273,501.44302,411.35553
EKNKAGOK_127_1,400.2735,485.42377,476.59375,470.20685,492.35083,474.3727,481.38437,479.7598,503.41165,493.24255,411.51727
CCGMBFFG_278_1,382.98834,485.72723,445.20105,432.00955,479.35025,465.51508,472.68442,477.27765,489.06287,452.44745,411.63254
MFMOEDNK_33_10,382.98834,485.72723,445.20105,432.00955,479.35025,465.51508,472.68442,477.27765,489.06287,452.44745,411.63254
LKAFJBHK_115_11,382.98834,485.72723,445.20105,432.00955,479.35025,465.51508,472.68442,477.27765,489.06287,452.44745,411.63254
JLLMDFFJ_93_4,493.3582,507.49213,492.4439,513.9195,503.00403,499.94183,508.34125,507.34824,506.4175,504.7895,411.82758
DKEELOGD_101_1,409.51624,457.8022,444.02747,450.91983,445.68878,463.14606,464.62097,468.23242,491.55823,485.30533,412.13776
JFOHPMHI_2_50,395.2612,491.90735,476.65387,494.12463,513.672,509.6231,504.46393,506.2923,508.8755,496.04382,412.81854
IMEAMOFF_65_8,333.88873,432.91177,414.69598,437.99707,437.71017,427.05414,441.0198,444.86823,483.0507,467.69528,413.93607
HIDEMPIF_85_5,288.72403,461.95294,406.00604,389.55804,438.29382,425.88754,386.58676,443.6857,441.9594,511.95062,414.32605
DEJCOLOP_140_2,405.1016,481.25647,492.11972,457.94946,502.52628,454.7757,478.71075,481.5867,491.1667,467.5616,414.80078
BFHHFIMI_47_36,421.68185,477.77875,478.89517,484.9897,486.53314,479.00876,480.1734,476.76657,517.52167,494.92993,415.31268
ACLCOCJL_35_2,459.80908,473.7365,484.65366,477.73755,496.60025,479.78278,484.1848,495.30316,502.57825,509.29684,415.53
LKLMGDAM_276_3,283.72818,448.09225,380.14032,431.63495,447.59882,467.3967,454.61465,449.8381,515.6531,502.51324,415.63403
JKANDIBI_255_24,362.19794,372.52008,390.18387,410.63995,413.5914,395.32852,401.43314,408.88174,479.25055,461.03384,416.92972
PBILGAIH_41_11,416.02576,460.8911,458.0467,456.96756,482.19476,477.00854,483.11813,471.44177,503.73044,465.05615,418.05563
PBENHFOC_28_3,257.8414,447.946,437.92352,464.5841,477.3823,444.99277,450.2348,455.36026,505.411,505.08795,418.08887
MLCMMGOM_281_2,384.0035,494.0424,498.42618,498.79056,491.6197,505.8308,508.3623,503.25217,501.91315,512.02246,418.32974
OEDHKPFD_18_7,455.13287,475.1627,466.6297,463.60568,477.12152,471.80505,457.317,473.96252,498.285,477.05148,418.51743
ICBCKKKK_199_14,455.31952,454.7127,486.08264,481.00952,489.11877,462.25684,476.81708,496.67276,524.35876,503.07867,418.55615
DCCNGCIG_157_1,350.99557,405.00626,395.18762,396.3309,429.60208,401.43933,411.2927,424.98096,441.7165,472.7874,418.8597
GMKLPHPK_131_1,428.69656,465.31082,465.29553,479.1725,487.6134,452.67703,463.62845,494.51346,489.70007,503.67935,418.88126
JCAIBNCO_404_1,428.9084,436.48203,441.06644,456.93024,459.71063,460.83044,443.5214,456.06976,491.25128,504.9389,418.92737
CAOEPHBC_50_28,336.93213,433.25897,428.98758,427.11014,466.54047,446.91376,462.66766,439.75992,513.4235,489.72668,419.51193
JFPKPEDE_140_3,357.66147,482.67896,450.86874,463.47388,465.95795,472.67383,480.6231,483.90585,506.98706,486.34186,419.9288
CDDIELDI_355_2,458.90228,483.54877,458.7046,480.59015,498.33905,503.09418,504.7566,471.95044,482.59442,461.54044,422.07816
EMKEAJEM_818_1,364.43652,458.1425,424.86142,439.3664,474.946,457.10016,452.03485,459.682,500.16913,511.81442,422.4056
BFHHFIMI_89_18,369.16733,393.48993,405.34097,425.3827,421.651,421.31018,418.58862,414.97894,478.38782,465.35736,422.7049
ODODKDLJ_218_4,387.25534,460.26837,442.68503,453.721,465.4912,447.3573,446.36926,458.63702,495.64062,502.5805,423.9097
MNFECHNJ_130_5,293.95386,398.08777,356.9865,380.0654,424.6953,416.1705,385.43597,400.48782,460.52298,434.42917,424.03204
CBIJBIGH_205_1,435.40134,457.8198,457.5509,433.55435,465.1442,464.99866,476.49124,478.84,483.05716,506.34042,424.17044
ODLDNGCH_165_1,419.4406,458.3348,466.74512,462.52933,510.05676,475.98883,482.4454,490.99637,501.79474,470.83884,425.44482
FKABDIKP_362_2,351.88568,435.252,442.34482,444.8535,434.445,430.44678,422.30383,418.0144,484.61185,474.24173,426.04575
OFOCLOHL_62_5,416.1717,432.27652,438.58688,430.418,445.64954,432.8631,417.7909,438.73956,483.90128,480.32886,426.48477
LFICFLKJ_179_2,425.3062,483.28378,420.18988,453.85535,473.10312,455.14337,447.1534,463.2597,485.44177,504.95093,426.663
LPEMMCJN_72_9,432.735,482.3255,478.24463,485.85056,503.30182,493.11493,490.47162,496.3452,500.56027,498.34055,427.09216
CDPKENHP_22_95,449.755,490.5068,494.67496,496.52402,507.00815,502.85895,502.93707,491.3005,490.3684,510.8095,428.25656
GPNBCOBB_395_7,333.9833,440.55432,406.24194,407.53888,447.1734,423.4031,425.08716,433.97403,486.0857,502.1617,428.3505
FCJLPJOL_15_2,391.14102,456.3665,454.21124,462.55316,448.25137,445.52887,446.15945,453.6867,467.37338,435.0666,428.85715
EFMPONMI_139_4,411.55063,458.85034,456.46506,449.5983,482.05228,473.64355,470.59302,477.26483,505.2307,490.7351,429.57916
GPLJCPAO_22_4,458.2689,498.317,432.10196,495.9141,510.19684,501.88312,489.7643,506.5421,508.44714,500.77686,429.77167
KFHHGAEL_135_13,430.90802,496.82678,418.1009,492.3118,503.6277,489.95227,480.1473,488.4892,491.3731,501.376,430.26508
ICOMKHEL_90_71,454.38635,489.53857,483.05133,467.88327,497.89252,478.2648,476.28033,493.0491,503.41443,509.10974,430.85608
NNMJOBBE_330_3,389.6673,447.2484,414.2304,427.87985,436.4809,442.23126,440.9352,449.27246,509.00806,478.36023,431.09116
HPFIMPEI_29_9,309.84827,445.51855,417.90588,412.0367,467.2478,419.50922,421.44293,492.12787,510.16748,522.8393,431.2761
EMJIGOFO_76_6,309.84827,445.51855,417.90588,412.0367,467.2478,419.50922,421.44293,492.12787,510.16748,522.8393,431.2761
LLAKNECE_92_16,339.85043,452.6627,409.55353,423.39316,428.9522,445.6919,437.85226,395.41058,491.89093,441.7157,432.15076
IPAJDFGG_28_4,391.63943,427.13916,421.70837,423.49994,439.32858,446.5243,429.68884,457.70935,498.33237,469.2803,432.20706
IBPAHCCO_16_24,402.7749,448.34808,445.01837,475.67487,467.96133,479.48755,455.35193,449.27673,484.53708,490.93405,432.34204
FFNJLNJA_17_33,400.56412,464.61182,437.7547,459.00772,441.01352,441.59183,433.71616,445.26166,448.10367,464.67456,432.35855
OHEAOINH_50_13,442.3971,466.27042,458.86044,459.4633,481.7828,470.88983,463.61566,471.2367,512.6618,512.9681,432.6515
EMJIGOFO_95_12,490.7911,490.73346,496.5057,500.939,484.18558,500.01535,498.4487,483.1485,504.6899,493.8128,432.69598
NLCOFIOL_694_2,328.3235,473.11374,441.8773,406.6028,478.3945,460.8185,454.6896,490.5137,516.30505,514.15063,432.97208
FAKNGFII_173_3,333.01166,441.35846,397.64752,379.54224,443.3388,426.2388,438.70242,434.21002,457.9727,468.52963,433.13162
JGCEHHJG_140_15,522.9859,511.8863,502.48282,507.5914,510.63666,500.55753,506.41434,507.1758,508.81845,515.29425,434.13937
CENODMGI_110_1,344.99274,452.01044,419.1505,409.14825,472.05832,453.09235,433.6909,470.58237,496.0658,508.81763,434.27405
BGMMDEHE_282_2,359.83713,477.2813,473.98462,446.62164,488.8956,472.0233,487.26212,482.886,501.48874,497.34424,434.7312
DHIBOGDD_272_33,470.29004,511.39484,516.5969,504.20535,516.4945,511.9556,508.42603,501.75854,506.42468,501.63092,434.80154
OINKMAKN_13_57,498.82718,499.8579,516.8744,509.1617,505.7018,503.0526,506.31223,510.44507,500.6323,511.25055,434.89423
OAFPEDIB_12_79,395.3846,469.70633,440.1012,441.11536,496.9381,478.29346,485.13373,480.1069,501.35233,506.50018,435.9552
LGMPKPMI_54_17,395.3846,469.70633,440.1012,441.11536,496.9381,478.29346,485.13373,480.1069,501.35233,506.50018,435.9552
GACEDKPE_101_11,381.67047,427.82886,380.48486,393.8822,419.22458,421.28397,393.10754,437.07483,484.73587,498.54153,436.2064
NLCOFIOL_491_6,464.05524,449.12473,448.76553,455.4113,473.83304,444.69696,445.54193,452.4477,493.6366,493.18118,436.52994
PKGDLEHC_372_1,378.69064,452.3531,442.0708,446.33246,436.509,447.2923,436.01477,444.66644,517.4822,496.2481,436.70667
JIPOEFDI_98_9,276.46976,446.9194,470.63455,467.37073,435.8965,458.98264,467.73138,464.6779,515.1379,504.8036,436.83716
PINHJFLC_167_1,377.9116,491.27484,486.8744,463.2084,500.12085,489.53262,478.16397,494.68304,523.69885,496.7141,437.11908
HDNFIEHE_42_14,464.4369,457.72162,472.8723,446.31104,474.1974,486.8859,477.10287,501.3015,522.0439,522.542,437.58557
NPMGFPNF_391_1,439.45633,484.32666,451.44556,461.88727,475.31982,475.10712,450.3094,466.77808,492.29163,492.72247,437.92755
NCJJNLBN_63_47,458.09204,504.6075,500.45135,474.0026,504.13,489.38605,484.82532,506.7257,498.0333,508.0693,437.9384
OENFBOHI_142_5,403.81183,518.19434,496.0452,512.4266,517.1366,510.8182,519.9564,506.42834,509.54352,511.80057,438.3957
GEPOGDIE_192_2,352.40265,352.56323,374.21683,392.26492,359.3684,418.22018,426.97433,426.4169,508.34607,467.01266,438.761
CPPEEGKI_116_6,419.9867,443.12897,407.6447,443.08987,448.27228,444.5356,447.89996,433.269,470.7935,478.80762,438.76407
APGNHLOD_309_3,484.57568,483.20782,473.7633,497.30402,495.18927,480.0234,496.0314,492.43994,513.15155,510.93585,439.3518
LFFIDLNF_58_1,385.09793,412.32178,390.8959,404.44562,407.7763,405.271,390.77225,400.02216,487.3064,458.6612,439.50296
EMLCJMHO_136_9,438.17505,496.74823,465.19128,482.39978,492.30838,491.62686,484.63684,485.36908,509.82806,504.541,439.63617
PINHJFLC_811_1,361.76398,467.1339,471.93213,450.517,468.48022,481.31116,473.786,469.264,492.3688,502.35327,440.474
DOFEOPKJ_441_2,410.80798,477.68347,438.30524,481.67383,485.67694,483.76282,493.45587,485.87344,505.69904,491.76453,440.8723
JNFGIEIN_123_9,445.2649,484.23486,464.8572,477.52496,489.7863,485.20227,489.42328,487.96643,505.73413,499.55817,442.2177
OONNNJMN_333_1,434.60587,480.25745,464.60452,446.45544,478.77274,459.22144,480.88763,484.4205,488.64716,495.0953,442.32187
LPFNNGLO_89_27,473.0433,474.87415,457.75366,478.67267,486.39496,464.36285,475.5349,477.9719,513.8016,502.86618,442.477
EHIJNLMB_129_1,448.5865,482.27243,475.41003,473.14276,487.81503,485.1338,492.4533,487.94073,505.66116,513.52966,442.53766
DAKCOGMA_68_1,392.9434,483.21036,477.2918,472.77554,498.5281,473.9787,464.81006,463.39294,501.26535,504.98434,442.67224
MGENFGIA_106_67,255.41249,490.28976,455.57703,450.69623,499.45752,489.64758,481.6528,487.58392,492.06842,477.5703,443.5595
KKGMKDHN_19_77,433.37997,466.16342,465.51096,465.0247,479.67584,468.1228,467.72626,467.78357,501.43283,487.1324,443.73215
MKNJNPBE_3_144,343.16937,463.68118,395.88904,476.58624,475.3494,436.94345,452.1255,457.7083,508.32492,500.13306,444.5286
MENCFBOC_703_3,462.7522,511.48236,436.62964,478.3931,494.93823,495.1576,457.58398,504.8096,503.29523,507.72763,445.76755
JGCCPAEM_81_39,362.96005,510.30606,463.64038,467.74994,487.65778,470.0663,383.78168,485.95767,526.2954,512.95807,448.12064
LEIPLLPH_294_3,362.96005,510.30606,463.64038,467.74994,487.65778,470.0663,383.78168,485.95767,526.2954,512.95807,448.12064
EAOJADEF_75_2,385.0874,446.62582,424.9936,487.7034,480.5617,475.88068,469.69595,474.5352,517.78564,474.3897,448.22397
HNGGJNHJ_165_36,268.67914,493.42868,477.78433,452.1376,511.93747,489.3647,483.90158,495.77936,496.16983,499.1077,449.6226
NJMACCPO_14_2,432.76147,482.21826,455.61075,483.90976,487.3913,489.30017,496.1986,487.16348,491.82272,503.69257,449.9289
DOCLLKKD_81_10,398.3522,486.6523,486.96765,475.6057,455.85046,475.685,478.55676,483.77255,512.8433,513.15826,450.20935
PEMCANAD_54_27,224.27997,414.95306,371.3914,398.7068,420.64862,420.5456,410.15628,390.7823,493.71472,434.34628,450.31537
EBIPKGNL_428_1,368.53165,513.1882,410.98355,506.32507,518.18494,510.62546,499.91016,485.68832,509.18555,479.701,450.48203
LHGBMGDM_329_1,371.13547,455.7944,437.51483,434.20135,461.3328,443.87402,451.30362,435.52814,491.89648,497.221,450.7867
AODPIKDL_63_2,418.3628,465.9172,466.451,463.8986,478.95825,472.66968,479.89456,484.5163,513.0663,488.05637,450.90625
JBPFJJCB_238_3,461.37433,496.3459,480.83563,490.99286,507.0163,504.5963,502.99286,502.79144,519.3912,517.01,451.72144
CHIBKKCF_79_3,411.3318,468.14807,453.71487,468.2258,488.6976,459.02515,463.0878,472.79938,510.474,516.19714,452.23166
FDIMNBAG_320_4,348.76584,515.2747,464.24936,510.8202,513.548,513.44244,496.88123,501.48215,506.7703,489.02176,452.40833
HENIIIJL_349_2,458.67725,477.06564,482.84296,478.48294,491.48618,476.5621,480.42065,482.22934,501.59637,507.21387,453.047
ACLCOCJL_40_18,414.5005,490.86362,469.00818,477.479,481.9918,465.04697,459.25058,479.40695,508.63144,494.88016,453.57562
EKBDCPHF_146_9,442.8103,471.53333,446.90714,476.68213,501.8156,505.12817,487.3329,487.48404,494.7699,476.0547,454.45447
ELMMPHKD_187_4,442.8103,471.53333,446.90714,476.68213,501.8156,505.12817,487.3329,487.48404,494.7699,476.0547,454.45447
LGAOIKBH_111_14,462.03693,486.80185,485.6275,482.81442,506.23294,506.83524,485.58917,509.85193,494.2301,483.89572,455.3796
MKNJNPBE_3_214,376.074,456.0697,457.92456,440.38913,469.64612,469.46652,461.87808,437.25668,497.252,463.4207,455.49304
NPEJHEFM_245_4,403.5503,486.16553,450.45862,467.49628,490.11807,482.8191,492.52835,488.65002,514.9546,492.55426,455.5585
HDAGIOGN_501_3,286.98026,417.52972,357.34473,419.4991,503.50763,491.43274,471.5594,500.4505,520.868,498.13626,456.87726
DECBAKBH_326_2,453.95798,488.89935,480.0942,473.9313,477.3749,474.7835,482.237,483.52246,491.8241,504.48355,456.89444
FAGMIBAH_35_30,457.73053,470.79813,457.54712,484.1303,472.78992,468.05338,454.67767,477.94476,527.74945,496.22803,457.07922
HECOAHAK_64_96,470.1652,481.03613,477.5654,477.32025,490.67102,475.08838,470.6965,481.67035,509.72797,500.6267,457.45306
JBOAIABN_11_44,468.37888,499.21124,476.7821,488.05408,510.90036,495.35165,498.37933,497.43362,503.73273,517.7853,457.7239
NMKPEHHP_293_1,407.88422,403.28088,401.4218,432.59998,438.986,415.282,406.0829,415.07977,475.97043,471.6235,457.8055
GHHMGHBK_162_1,490.7589,483.97293,471.46365,492.10687,483.43677,496.13354,451.22522,486.54517,497.34592,501.01816,458.11136
EJHIJDLC_56_26,358.39798,470.09366,372.63574,463.40616,502.27957,495.09494,469.304,493.13382,499.97992,510.0177,458.34625
EHKJGOEI_547_4,484.78152,490.72025,466.5654,493.28696,492.54413,491.5785,490.699,479.70453,497.00256,514.1312,458.47803
MFBIBGIB_76_1,344.37018,466.7543,438.39148,452.62088,454.2834,467.63632,483.0106,477.3943,516.6828,457.9098,458.70026
FILNCIPO_574_2,441.39172,505.12772,459.1739,471.92896,484.86877,473.46027,472.96753,484.59836,507.60464,521.63983,458.8765
PODDHOJH_80_9,451.73077,490.96704,447.802,467.26633,486.78445,471.08246,470.90796,487.46866,500.9654,518.33307,459.0756
FGBPHCAI_30_60,446.63837,483.97293,454.97614,469.56552,491.20724,476.20038,488.16815,486.89795,519.7077,493.91556,459.27527
GFMOCMNL_256_9,387.75003,451.3265,474.35596,452.95416,480.39212,471.50546,478.66974,464.46948,510.57782,502.23312,459.41583
MENCFBOC_739_5,458.33102,478.33124,471.6447,492.89764,490.62106,471.80664,481.2327,476.2716,503.61127,512.57025,459.98538
EFPMGGGC_95_2,177.83206,500.12888,458.55502,498.63422,508.30307,515.0563,507.0876,448.59607,508.77087,481.44977,460.16318
IHCAEKKF_101_9,438.91522,489.95026,484.02225,471.66376,496.05872,499.37518,489.32513,488.82034,497.5653,503.75586,460.3064
DKFCPLCN_40_41,396.73752,467.19385,459.22342,450.43903,464.279,442.4279,442.9482,444.8277,516.498,493.615,460.4518
OEKECGOG_72_5,423.13202,466.6535,462.82315,446.3781,486.56662,455.49243,461.78305,470.20798,503.20834,499.93637,461.08704
GCPFHCHN_760_3,374.12155,443.51126,433.305,442.76706,463.55988,442.59988,449.37527,437.85074,512.58734,475.83997,461.82486
OEEGLEHL_1_6,339.60553,488.76575,468.985,490.49805,504.30237,483.3186,475.6915,478.8767,503.8419,485.15906,462.0422
KKPGHLON_16_152,228.868,427.78696,293.06378,303.74213,438.77234,422.76398,454.6449,439.1697,506.1473,503.01492,462.62393
FAHBNHCL_213_13,312.07742,473.10904,436.2895,396.61774,434.79034,442.88977,448.63165,453.32327,500.06506,511.09137,462.68182
GNKANFNI_55_6,457.50864,494.1807,494.3088,495.90598,503.19348,479.7448,479.52844,484.00928,514.40485,513.9438,462.7871
PDMGNGAF_119_10,457.50864,494.1807,494.3088,495.90598,503.19348,479.7448,479.52844,484.00928,514.40485,513.9438,462.7871
APGDIBME_38_23,457.50864,494.1807,494.3088,495.90598,503.19348,479.7448,479.52844,484.00928,514.40485,513.9438,462.7871
EOJFHDCA_581_1,464.9661,507.71957,504.30728,498.85318,521.0571,518.1998,502.83466,514.6511,512.21106,517.86084,463.15338
PLALPCGD_57_10,442.18555,486.12128,482.72937,486.08066,470.26468,482.9773,477.043,484.79358,516.6233,499.22595,463.2109
ENCDCCNJ_179_1,454.94537,453.6756,492.69922,490.66617,506.58032,518.0567,507.66006,502.38754,493.4861,510.0113,463.60425
PHKBGOOM_156_4,314.93686,480.92285,459.8022,438.04227,474.78314,488.01938,462.89993,462.6312,496.57913,510.41953,463.71674
BCGFPKJE_39_1,411.20908,475.12524,470.66205,460.5435,484.30664,462.93353,465.52362,478.55417,493.25253,504.0681,464.64255
HHBKGBCH_127_1,411.20908,475.12524,470.66205,460.5435,484.30664,462.93353,465.52362,478.55417,493.25253,504.0681,464.64255
HHBKGBCH_17_1,411.20908,475.12524,470.66205,460.5435,484.30664,462.93353,465.52362,478.55417,493.25253,504.0681,464.64255
ODBLGFJF_22_26,413.03784,486.72803,451.05722,480.0543,512.69934,485.9949,471.89978,496.7386,502.5994,490.19012,465.1276
IMEAMOFF_65_38,273.92792,486.1607,469.52487,454.03397,472.71906,497.50424,495.07614,481.7885,479.8261,479.719,465.5149
JEICAJEH_13_24,273.92792,486.1607,469.52487,454.03397,472.71906,497.50424,495.07614,481.7885,479.8261,479.719,465.5149
BGLBHDLA_135_4,473.21402,489.26654,498.28616,457.18182,494.05542,498.03607,495.79242,510.2967,504.42822,496.39932,465.5734
ODHOBCAK_39_13,311.85986,458.94806,444.00916,457.93323,458.80756,461.855,455.29205,432.80933,518.1035,495.1012,465.63016
CDMHADHB_46_28,309.72824,465.99878,485.0545,465.79028,482.70734,474.51675,448.11658,427.18567,508.29065,486.9277,465.67627
CCGMBFFG_587_5,458.85675,506.22852,506.80847,493.29672,515.58276,503.4087,501.98615,518.5216,499.04794,497.99243,466.11627
MEICBBJD_113_16,456.28735,479.67935,468.09894,493.51266,487.21878,486.54218,460.44757,482.6042,510.37167,503.0395,466.3814
JCMCOKNO_124_5,495.0603,502.3874,507.722,513.998,508.02542,498.1398,504.00235,511.0425,514.04956,507.82468,466.69064
DOFEOPKJ_296_5,392.88297,448.2815,451.43622,496.58057,478.1167,497.27914,483.5239,490.92776,500.5464,486.98212,467.44315
FNFNEMEO_112_4,422.96033,490.79694,486.64966,492.4782,499.20944,486.13184,477.0676,479.43442,491.33878,468.6947,467.54227
FFEJCLNM_464_1,425.5233,504.379,496.8073,474.83112,500.53708,488.43384,490.28302,500.0801,514.97534,477.72308,467.59213
BIPNPGMJ_572_1,402.0362,488.03244,456.86996,459.68466,466.77545,468.5322,486.18744,479.80283,485.89,512.0379,467.60104
FNJEANDP_214_13,461.71677,504.8454,486.0062,485.83368,501.6707,494.09845,494.65024,477.01102,500.5806,508.82812,467.9538
DCMKIBAL_93_19,497.97656,496.5963,497.64874,507.83435,503.06546,496.70645,486.80435,496.50046,502.31113,504.05637,468.26062
GIIHCCLI_153_4,441.443,475.83542,468.51843,454.32916,476.36972,467.60794,468.06366,479.0463,494.15747,503.53137,468.3179
ICBCKKKK_56_29,400.96533,483.61707,478.0379,471.8757,497.83826,490.74835,488.4499,487.45477,488.12778,496.2077,468.54367
IAPKAHNK_153_3,481.72662,496.68204,492.13812,491.6654,508.2809,489.6134,493.14774,492.4753,505.2702,495.05402,468.6792
ANKKBANP_6_41,424.6091,483.1979,484.12518,464.60022,467.92792,473.94662,476.41745,473.89114,508.59842,507.45502,468.74078
CFBDOOPH_229_1,399.38724,467.3141,411.22125,459.98566,470.10056,472.44943,460.1678,442.71304,504.71954,491.828,468.79193
NDFDGGDH_1_4,407.10345,499.4145,475.54065,493.90405,504.0422,497.6941,503.84244,510.79718,508.28265,513.4131,469.2097
PCPMHHLM_66_4,495.76907,495.89008,516.15924,515.69507,490.28143,499.28067,479.4617,491.52808,510.54474,508.6075,469.4505
BFAFEAIL_315_5,445.1554,491.6251,479.86328,468.61627,495.96912,484.651,466.2808,487.69226,508.13828,497.8869,469.7812
CLDLOCKN_20_28,474.62762,503.0592,463.13306,495.92523,489.0965,499.16907,501.1112,502.45026,506.82843,503.6397,469.92377
EOJFHDCA_150_1,359.4382,458.53058,458.5503,480.02094,484.69196,474.98682,482.6281,475.09692,513.5048,475.19052,470.3822
EBBODCAE_461_4,480.26666,500.72382,469.70316,474.18988,471.25595,479.62344,484.68964,490.6404,484.7657,507.1402,470.89746
LLGBHINH_191_2,484.61768,479.37616,493.65573,494.61694,486.69623,498.25134,503.06,501.16052,511.885,518.1464,471.1212
ENFPJDJP_132_4,503.29114,502.39728,506.6176,491.94116,507.1906,500.63922,491.25543,503.78802,508.88147,485.70755,471.63644
ECGDAIFI_208_2,391.04074,510.5568,489.537,507.52142,474.5124,506.82382,512.93353,502.22775,506.29672,502.07434,472.97177
EDPJEEBL_121_5,453.36252,480.651,482.83514,474.23004,482.28055,484.5618,485.92786,481.41553,516.347,509.0435,473.5186
CNCNCCNP_127_6,494.46375,483.1742,502.03827,482.27277,496.10828,499.3573,500.76224,491.0226,502.86893,503.34848,474.0137
AALDIBPL_142_27,446.57938,465.92807,446.2569,468.3703,483.08798,468.01355,434.35504,484.09637,500.26898,491.5148,474.6496
BCGFPKJE_44_7,446.63315,500.90695,410.12158,469.51974,479.78482,480.50104,473.62057,454.35565,501.23038,503.0916,475.1972
HHBKGBCH_86_58,446.63315,500.90695,410.12158,469.51974,479.78482,480.50104,473.62057,454.35565,501.23038,503.0916,475.1972
BNINIGFF_138_10,450.5513,465.37766,457.94864,465.13474,470.50153,474.81287,464.1018,475.32336,529.05676,514.16626,475.57672
PCPMHHLM_252_1,410.22308,455.4358,446.64432,440.93488,472.43457,467.24158,459.86102,466.86642,484.28058,481.36047,475.58234
HLLDGPEO_119_11,418.48898,460.0064,448.54312,451.2977,480.4743,463.27042,449.17593,472.5575,509.32388,518.2679,475.66275
CMHNOBHP_226_1,443.92606,493.7581,463.3768,483.3884,487.5661,504.45157,511.4543,508.22324,512.4223,526.34143,475.8853
PLADLNHJ_235_4,381.22006,476.77118,488.04584,470.00644,496.6997,477.1488,495.57382,497.75653,511.55347,510.7175,476.0183
LOGKCIHJ_188_1,394.91025,470.80276,467.73846,441.2539,485.03094,467.82898,472.96097,472.4483,511.39273,503.29156,476.55972
CICNOPNC_228_1,501.46902,499.3153,483.47147,502.96082,512.9868,508.12872,498.60284,504.2256,502.41467,496.74313,476.64706
LPFNNGLO_87_2,327.9815,451.8228,423.03983,414.47696,451.4758,448.06747,459.74277,458.37027,507.4358,481.62506,476.73788
IGJLCKIK_8_44,461.4204,493.49274,501.92212,493.3576,498.68005,508.82812,508.3653,509.20145,503.98178,511.94153,477.19955
NBGFJMAC_104_20,465.1965,492.15887,470.35034,474.1067,482.31772,484.9396,490.72064,486.278,497.56778,503.1887,477.42398
IFPDOPNG_22_50,418.90866,501.48804,485.93945,495.30936,492.78717,502.0896,491.29065,476.96,509.65384,501.65384,478.71875
AMOJAIOH_3_1,410.817,483.88287,434.49554,469.06186,512.5664,501.251,508.1313,495.35132,509.71967,509.49518,479.2391
EFPKCKDP_51_14,498.55255,499.7756,500.51782,491.6301,497.91888,504.11435,500.29218,508.55508,515.2957,515.06995,479.27185
DKEELOGD_82_18,498.55255,499.7756,500.51782,491.6301,497.91888,504.11435,500.29218,508.55508,515.2957,515.06995,479.27185
LPFNNGLO_48_1,424.47418,491.48477,492.02853,485.83075,502.59735,496.41144,497.57013,501.76675,507.01654,505.06696,479.73114
AOJKHCPH_36_18,439.89294,497.42493,491.53577,488.22937,502.75134,487.16022,482.22952,489.1834,508.5979,498.28387,479.87317
CFHKIPKK_145_29,381.33987,451.56607,432.17273,465.89844,473.93878,463.23767,449.17368,460.0816,509.86206,512.84814,480.27036
LEKKIAAH_64_1,459.13126,490.7858,480.76102,485.41202,500.042,492.68414,476.6664,477.73636,507.2644,508.61148,481.84668
OPOFEMDE_91_7,428.53403,512.909,458.92233,498.13403,521.5452,486.0654,447.57117,495.51794,502.42697,483.97748,482.16437
OIHBEECM_91_1,499.9309,484.24603,471.29977,471.08167,502.41623,480.09064,478.32968,478.55066,510.06717,507.88806,482.305
KDPMIDBH_128_6,440.18457,508.8515,497.47736,508.44128,517.36145,495.25317,492.1274,505.408,496.31622,500.40805,482.75662
CGIEBIGP_143_5,465.27667,500.4953,457.1099,487.9513,502.0924,499.68103,483.0237,496.87225,498.12744,518.0589,483.90485
AMFJPKLD_20_3,492.4956,493.9869,500.2391,498.7204,496.96368,493.81375,495.32837,500.2847,504.14075,507.9452,484.40573
KLKHCHJP_39_1,414.37207,486.89856,436.22107,478.09857,502.36298,473.59033,444.51038,481.67914,508.30383,484.54684,484.44922
BDOMIJBA_208_1,363.78122,486.58185,483.91263,468.48148,497.83774,480.639,471.07635,491.53918,503.47974,478.05347,484.55487
MIFALGFJ_3_15,443.99734,493.75714,479.4706,512.741,499.0719,494.58246,500.168,500.7828,515.3486,524.5175,485.02502
LKAFJBHK_49_2,464.90994,494.26147,494.1411,458.22552,492.41046,485.13293,483.9218,497.95233,508.89725,510.62778,486.9323
EGDGCNOE_1_2,465.94977,496.75507,492.78165,475.3432,489.83435,478.02258,496.0647,501.03052,502.3993,503.8237,487.25076
FLBMGKCD_50_47,483.96066,504.11884,485.8337,489.9884,517.1901,501.705,498.9364,507.0878,500.80603,511.57443,487.91397
OONBPIIP_27_9,386.68994,489.98068,501.31696,492.18994,501.2606,490.49158,472.9518,477.4563,474.26926,522.0408,489.71695
BMKALGPG_115_5,518.81824,512.9839,501.10132,509.51428,506.38593,504.39148,496.5649,495.6205,503.55222,511.7804,489.7422
NPLDDKJN_745_5,460.6325,501.51202,500.18747,507.90088,511.13782,499.48395,502.64633,502.15436,508.54425,509.85278,489.88037
EAOJADEF_86_2,455.61923,497.22556,493.26083,482.68304,502.4931,490.16058,486.9815,494.38437,501.46695,504.45572,490.4421
MJHGFBCG_97_1,467.1963,510.69806,518.2102,518.2364,512.3568,506.7789,518.2256,506.262,514.23175,510.63672,490.832
HECOAHAK_47_34,484.40906,483.89395,484.91895,490.84705,489.93137,483.40967,480.4156,482.5505,501.87158,503.26163,490.973
OKGIDNFP_33_16,358.25757,488.53497,428.29764,508.55682,505.9754,507.26428,511.5111,494.04535,496.70953,400.9007,492.2758
GLJOBBPH_120_8,480.76917,493.54352,514.2232,523.8005,507.81088,508.10754,499.18732,516.7207,512.80383,515.03577,493.06543
APPKEMID_4_16,489.9332,472.22128,478.71185,495.5862,502.94244,494.19955,498.9464,500.44962,506.21045,519.6911,494.14462
JDJMJEBK_160_1,497.7093,500.1397,510.1156,505.99655,509.61194,501.7561,507.73404,505.8579,508.75378,480.8966,494.73535
IAKFMJEM_316_3,495.17072,490.08414,504.4732,499.01785,499.99042,511.69864,510.32355,508.61664,515.67786,507.5953,494.7755
CIJEKMCO_620_11,495.2721,498.28445,497.90042,495.19818,495.8658,494.65265,504.5114,494.63596,511.22604,514.1323,494.95132
FHCMHAMK_120_4,443.75684,493.82263,484.5408,486.23163,508.0429,507.00052,493.93005,505.24353,510.2782,502.84973,499.3072
OHFHPIDA_32_3,443.75684,493.82263,484.5408,486.23163,508.0429,507.00052,493.93005,505.24353,510.2782,502.84973,499.3072
CGIEBIGP_9_2,470.81046,487.56808,475.10776,480.66727,498.0981,483.54346,487.14737,491.5031,513.75836,440.566,499.61807
HKJMHKLB_37_26,489.04404,484.48145,495.6434,479.8642,497.82828,485.59753,476.74,491.1645,505.68793,509.6083,500.58405
CIJEKMCO_182_5,513.2972,510.22586,507.00684,514.8823,508.17206,510.06256,512.91565,511.79486,509.3019,493.48563,500.59186
NFNJAJMK_113_1,412.5166,497.18777,473.69778,467.66882,492.36005,481.94128,466.05377,496.063,499.84122,479.6885,501.172
LHGKDENN_246_1,360.8924,497.1359,491.22702,482.3495,496.675,487.9498,481.89584,487.35828,513.3693,513.61774,501.18542
GEAAAAEN_96_60,500.42,510.53537,509.40103,508.19867,511.34158,507.30365,509.09756,511.17017,500.78323,506.7012,501.32877
BFEMGKGJ_148_4,493.85333,489.42914,501.85132,491.60513,495.60696,492.17218,499.1094,490.59738,510.53943,507.94226,501.6442
CFOIEDKB_72_14,490.35767,506.63507,504.0738,503.52185,483.38397,497.61887,503.9101,496.60745,510.91968,507.52014,502.2262
FHGAEOEJ_19_55,495.1008,507.29617,520.14124,509.81927,505.4264,502.77063,504.76276,509.90106,512.87976,506.21643,502.35272
NCJJNLBN_15_8,441.36417,506.5516,494.1965,496.88556,496.40753,495.1982,497.26614,501.29346,515.2643,510.66577,503.14536
PDMGNGAF_43_4,441.36417,506.5516,494.1965,496.88556,496.40753,495.1982,497.26614,501.29346,515.2643,510.66577,503.14536
APGDIBME_35_8,441.36417,506.5516,494.1965,496.88556,496.40753,495.1982,497.26614,501.29346,515.2643,510.66577,503.14536
FHBODMBI_109_10,437.5244,498.32935,508.22318,509.11975,501.30896,509.4386,506.14313,511.99216,511.75317,499.63892,503.44864
BKMJBOJD_137_19,512.0689,508.92285,509.32736,509.7128,507.21558,505.1725,497.2115,505.96744,509.34735,498.27048,504.12463
NNENBOCK_43_57,440.5579,503.0617,494.48004,503.03366,499.87286,498.5824,488.15912,508.36896,498.24728,499.77307,505.11646
EBIDJMJL_171_2,440.5579,503.0617,494.48004,503.03366,499.87286,498.5824,488.15912,508.36896,498.24728,499.77307,505.11646
NCCOEKMA_11_34,499.6909,488.51114,512.4796,506.2735,505.78107,507.5426,510.94467,502.13663,505.2593,477.4154,505.60657
APPKEMID_19_35,499.11517,501.8611,484.64154,495.36676,503.02817,504.4384,502.32483,491.6136,507.57764,512.6047,505.96967
BHJOCGJN_104_4,510.18546,511.44818,510.24216,507.81485,509.34796,512.28033,506.62604,514.9617,511.51813,512.2678,506.09552
GKAAFCEO_7_17,465.05276,504.36337,519.46484,512.0789,503.33734,509.04892,510.0382,514.02264,511.01395,492.37735,508.16107
LDFDGFAA_245_3,395.85074,499.68613,487.8907,476.9133,481.33795,499.53232,501.0885,498.22937,514.5531,511.2763,508.19983
HJEFFHPK_247_4,509.82205,513.8628,506.4541,515.67236,524.022,513.5432,510.30234,514.5967,501.0859,509.79828,510.5662
DPMDJPGG_785_1,482.75232,502.10284,502.6561,504.2096,509.19345,506.0382,510.44443,502.46713,513.82465,509.97427,511.9376
EKAMJCNM_177_2,451.9682,496.43982,495.1276,492.25702,513.3974,500.7868,502.79868,498.09726,511.3988,530.5861,514.0347